utc,release_et,release_date_shown,actual,forecast,previous,surprise,z_exp,time_status,actual_check,usable
2001-08-01 09:00:00+00:00,2001-08-01 Wed 05:00,2001-08-01,87.0,,103.0,,,unexplained,no_eia_row,False
2001-09-01 09:00:00+00:00,2001-09-01 Sat 05:00,2001-09-01,71.0,,87.0,,,unexplained,no_eia_row,False
2001-10-01 09:00:00+00:00,2001-10-01 Mon 05:00,2001-10-01,87.0,,71.0,,,unexplained,no_eia_row,False
2001-11-01 09:00:00+00:00,2001-11-01 Thu 04:00,2001-11-01,48.0,,87.0,,,unexplained,no_eia_row,False
2001-12-01 09:00:00+00:00,2001-12-01 Sat 04:00,2001-12-01,25.0,,48.0,,,unexplained,no_eia_row,False
2002-01-01 09:00:00+00:00,2002-01-01 Tue 04:00,2002-01-01,-73.0,,25.0,,,unexplained,no_eia_row,False
2002-02-01 09:00:00+00:00,2002-02-01 Fri 04:00,2002-02-01,-131.0,,-73.0,,,unexplained,no_eia_row,False
2002-03-01 09:00:00+00:00,2002-03-01 Fri 04:00,2002-03-01,-125.0,,-131.0,,,unexplained,no_eia_row,False
2002-04-01 09:00:00+00:00,2002-04-01 Mon 04:00,2002-04-01,-83.0,,-125.0,,,unexplained,no_eia_row,False
2002-05-01 09:00:00+00:00,2002-05-01 Wed 05:00,2002-05-01,28.0,,-83.0,,,unexplained,no_eia_row,False
2002-06-01 09:00:00+00:00,2002-06-01 Sat 05:00,2002-06-01,72.0,,28.0,,,unexplained,no_eia_row,False
2002-07-01 09:00:00+00:00,2002-07-01 Mon 05:00,2002-07-01,83.0,,72.0,,,unexplained,no_eia_row,False
2002-08-01 09:00:00+00:00,2002-08-01 Thu 05:00,2002-08-01,58.0,,83.0,,,unexplained,no_eia_row,False
2002-09-01 09:00:00+00:00,2002-09-01 Sun 05:00,2002-09-01,52.0,,58.0,,,unexplained,no_eia_row,False
2002-10-01 09:00:00+00:00,2002-10-01 Tue 05:00,2002-10-01,63.0,,52.0,,,unexplained,no_eia_row,False
2002-11-01 09:00:00+00:00,2002-11-01 Fri 04:00,2002-11-01,23.0,,63.0,,,unexplained,no_eia_row,False
2002-12-01 09:00:00+00:00,2002-12-01 Sun 04:00,2002-12-01,-46.0,,23.0,,,unexplained,no_eia_row,False
2003-01-01 09:00:00+00:00,2003-01-01 Wed 04:00,2003-01-01,-130.0,,-46.0,,,unexplained,no_eia_row,False
2003-02-01 09:00:00+00:00,2003-02-01 Sat 04:00,2003-02-01,-187.0,,-130.0,,,unexplained,no_eia_row,False
2003-03-01 09:00:00+00:00,2003-03-01 Sat 04:00,2003-03-01,-171.0,,-187.0,,,unexplained,no_eia_row,False
2003-04-01 09:00:00+00:00,2003-04-01 Tue 04:00,2003-04-01,-34.0,,-171.0,,,unexplained,no_eia_row,False
2003-05-01 09:00:00+00:00,2003-05-01 Thu 05:00,2003-05-01,25.0,,-34.0,,,unexplained,no_eia_row,False
2003-06-01 09:00:00+00:00,2003-06-01 Sun 05:00,2003-06-01,90.0,,25.0,,,unexplained,no_eia_row,False
2003-07-01 09:00:00+00:00,2003-07-01 Tue 05:00,2003-07-01,117.0,,90.0,,,unexplained,no_eia_row,False
2003-08-01 09:00:00+00:00,2003-08-01 Fri 05:00,2003-08-01,94.0,,117.0,,,unexplained,no_eia_row,False
2003-09-01 09:00:00+00:00,2003-09-01 Mon 05:00,2003-09-01,71.0,,94.0,,,unexplained,no_eia_row,False
2003-10-01 09:00:00+00:00,2003-10-01 Wed 05:00,2003-10-01,99.0,,71.0,,,unexplained,no_eia_row,False
2003-11-01 09:00:00+00:00,2003-11-01 Sat 04:00,2003-11-01,66.0,,99.0,,,unexplained,no_eia_row,False
2003-12-01 09:00:00+00:00,2003-12-01 Mon 04:00,2003-12-01,-15.0,,66.0,,,unexplained,no_eia_row,False
2004-01-01 09:00:00+00:00,2004-01-01 Thu 04:00,2004-01-01,-110.0,,-15.0,,,unexplained,no_eia_row,False
2004-02-01 09:00:00+00:00,2004-02-01 Sun 04:00,2004-02-01,-173.0,,-110.0,,,unexplained,no_eia_row,False
2004-03-01 09:00:00+00:00,2004-03-01 Mon 04:00,2004-03-01,-164.0,,-173.0,,,unexplained,no_eia_row,False
2004-04-01 09:00:00+00:00,2004-04-01 Thu 04:00,2004-04-01,-32.0,,-164.0,,,unexplained,no_eia_row,False
2004-05-01 09:00:00+00:00,2004-05-01 Sat 05:00,2004-05-01,46.0,,-32.0,,,unexplained,no_eia_row,False
2004-06-01 09:00:00+00:00,2004-06-01 Tue 05:00,2004-06-01,85.0,,46.0,,,unexplained,no_eia_row,False
2004-07-01 09:00:00+00:00,2004-07-01 Thu 05:00,2004-07-01,95.0,,85.0,,,unexplained,no_eia_row,False
2004-08-01 09:00:00+00:00,2004-08-01 Sun 05:00,2004-08-01,86.0,,95.0,,,unexplained,no_eia_row,False
2004-09-01 09:00:00+00:00,2004-09-01 Wed 05:00,2004-09-01,79.0,,86.0,,,unexplained,no_eia_row,False
2004-10-01 09:00:00+00:00,2004-10-01 Fri 05:00,2004-10-01,79.0,,79.0,,,unexplained,no_eia_row,False
2004-11-01 09:00:00+00:00,2004-11-01 Mon 04:00,2004-11-01,52.0,,79.0,,,unexplained,no_eia_row,False
2004-12-01 09:00:00+00:00,2004-12-01 Wed 04:00,2004-12-01,-7.0,,52.0,,,unexplained,no_eia_row,False
2005-01-01 09:00:00+00:00,2005-01-01 Sat 04:00,2005-01-01,-123.0,,-7.0,,,unexplained,no_eia_row,False
2005-02-01 09:00:00+00:00,2005-02-01 Tue 04:00,2005-02-01,-155.0,,-123.0,,,unexplained,no_eia_row,False
2005-03-01 09:00:00+00:00,2005-03-01 Tue 04:00,2005-03-01,-116.0,,-155.0,,,unexplained,no_eia_row,False
2005-04-01 09:00:00+00:00,2005-04-01 Fri 04:00,2005-04-01,-74.0,,-116.0,,,unexplained,no_eia_row,False
2005-05-01 09:00:00+00:00,2005-05-01 Sun 05:00,2005-05-01,50.0,,-74.0,,,unexplained,no_eia_row,False
2005-06-01 09:00:00+00:00,2005-06-01 Wed 05:00,2005-06-01,83.0,,50.0,,,unexplained,no_eia_row,False
2005-07-01 09:00:00+00:00,2005-07-01 Fri 05:00,2005-07-01,83.0,,83.0,,,unexplained,no_eia_row,False
2005-08-01 09:00:00+00:00,2005-08-01 Mon 05:00,2005-08-01,56.0,,83.0,,,unexplained,no_eia_row,False
2005-09-01 09:00:00+00:00,2005-09-01 Thu 05:00,2005-09-01,51.0,,56.0,,,unexplained,no_eia_row,False
2005-10-01 09:00:00+00:00,2005-10-01 Sat 05:00,2005-10-01,62.0,,51.0,,,unexplained,no_eia_row,False
2005-11-01 09:00:00+00:00,2005-11-01 Tue 04:00,2005-11-01,60.0,,62.0,,,unexplained,no_eia_row,False
2005-12-01 09:00:00+00:00,2005-12-01 Thu 04:00,2005-12-01,2.0,,60.0,,,unexplained,no_eia_row,False
2006-01-01 09:00:00+00:00,2006-01-01 Sun 04:00,2006-01-01,-125.0,,2.0,,,unexplained,no_eia_row,False
2006-02-01 09:00:00+00:00,2006-02-01 Wed 04:00,2006-02-01,-57.0,,-125.0,,,unexplained,no_eia_row,False
2006-03-01 09:00:00+00:00,2006-03-01 Wed 04:00,2006-03-01,-113.0,,-57.0,,,unexplained,no_eia_row,False
2006-04-01 09:00:00+00:00,2006-04-01 Sat 04:00,2006-04-01,-53.0,,-113.0,,,unexplained,no_eia_row,False
2006-05-01 09:00:00+00:00,2006-05-01 Mon 05:00,2006-05-01,52.0,,-53.0,,,unexplained,no_eia_row,False
2006-06-01 09:00:00+00:00,2006-06-01 Thu 05:00,2006-06-01,84.0,,52.0,,,unexplained,no_eia_row,False
2006-07-01 09:00:00+00:00,2006-07-01 Sat 05:00,2006-07-01,74.0,,84.0,,,unexplained,no_eia_row,False
2006-08-01 09:00:00+00:00,2006-08-01 Tue 05:00,2006-08-01,38.0,,74.0,,,unexplained,no_eia_row,False
2006-09-01 09:00:00+00:00,2006-09-01 Fri 05:00,2006-09-01,41.0,,38.0,,,unexplained,no_eia_row,False
2006-10-01 09:00:00+00:00,2006-10-01 Sun 05:00,2006-10-01,87.0,,41.0,,,unexplained,no_eia_row,False
2006-11-01 09:00:00+00:00,2006-11-01 Wed 04:00,2006-11-01,28.0,,87.0,,,unexplained,no_eia_row,False
2006-12-01 09:00:00+00:00,2006-12-01 Fri 04:00,2006-12-01,-9.0,,28.0,,,unexplained,no_eia_row,False
2007-01-01 09:00:00+00:00,2007-01-01 Mon 04:00,2007-01-01,-80.0,,-9.0,,,unexplained,no_eia_row,False
2007-02-01 09:00:00+00:00,2007-02-01 Thu 04:00,2007-02-01,-139.0,,-80.0,,,unexplained,no_eia_row,False
2007-03-01 09:00:00+00:00,2007-03-01 Thu 04:00,2007-03-01,-191.0,,-139.0,,,unexplained,no_eia_row,False
2007-04-01 09:00:00+00:00,2007-04-01 Sun 05:00,2007-04-01,-23.0,,-191.0,,,unexplained,no_eia_row,False
2007-05-01 09:00:00+00:00,2007-05-01 Tue 05:00,2007-05-01,24.0,,-23.0,,,unexplained,no_eia_row,False
2007-06-01 09:00:00+00:00,2007-06-01 Fri 05:00,2007-06-01,102.0,,24.0,,,unexplained,no_eia_row,False
2007-07-01 09:00:00+00:00,2007-07-01 Sun 05:00,2007-07-01,90.0,,102.0,,,unexplained,no_eia_row,False
2007-08-01 09:00:00+00:00,2007-08-01 Wed 05:00,2007-08-01,76.0,,90.0,,,unexplained,no_eia_row,False
2007-09-01 09:00:00+00:00,2007-09-01 Sat 05:00,2007-09-01,32.0,,76.0,,,unexplained,no_eia_row,False
2007-10-01 09:00:00+00:00,2007-10-01 Mon 05:00,2007-10-01,65.0,,32.0,,,unexplained,no_eia_row,False
2007-11-01 09:00:00+00:00,2007-11-01 Thu 05:00,2007-11-01,58.0,,65.0,,,unexplained,no_eia_row,False
2007-12-01 09:00:00+00:00,2007-12-01 Sat 04:00,2007-12-01,-21.0,,58.0,,,unexplained,no_eia_row,False
2008-01-01 09:00:00+00:00,2008-01-01 Tue 04:00,2008-01-01,-132.0,,-21.0,,,unexplained,no_eia_row,False
2008-02-01 09:00:00+00:00,2008-02-01 Fri 04:00,2008-02-01,-171.0,,-132.0,,,unexplained,no_eia_row,False
2008-03-01 09:00:00+00:00,2008-03-01 Sat 04:00,2008-03-01,-147.0,,-171.0,,,unexplained,no_eia_row,False
2008-04-01 09:00:00+00:00,2008-04-01 Tue 05:00,2008-04-01,-57.0,,-147.0,,,unexplained,no_eia_row,False
2008-05-01 09:00:00+00:00,2008-05-01 Thu 05:00,2008-05-01,37.0,,-57.0,,,unexplained,no_eia_row,False
2008-06-01 09:00:00+00:00,2008-06-01 Sun 05:00,2008-06-01,90.0,,37.0,,,unexplained,no_eia_row,False
2008-07-01 09:00:00+00:00,2008-07-01 Tue 05:00,2008-07-01,79.0,,90.0,,,unexplained,no_eia_row,False
2008-08-01 09:00:00+00:00,2008-08-01 Fri 05:00,2008-08-01,80.0,,79.0,,,unexplained,no_eia_row,False
2008-09-01 09:00:00+00:00,2008-09-01 Mon 05:00,2008-09-01,81.0,,80.0,,,unexplained,no_eia_row,False
2008-10-01 09:00:00+00:00,2008-10-01 Wed 05:00,2008-10-01,68.0,,81.0,,,unexplained,no_eia_row,False
2008-11-01 09:00:00+00:00,2008-11-01 Sat 05:00,2008-11-01,58.0,,68.0,,,unexplained,no_eia_row,False
2008-12-01 09:00:00+00:00,2008-12-01 Mon 04:00,2008-12-01,-14.0,,58.0,,,unexplained,no_eia_row,False
2009-01-01 09:00:00+00:00,2009-01-01 Thu 04:00,2009-01-01,-111.0,,-14.0,,,unexplained,no_eia_row,False
2009-02-01 09:00:00+00:00,2009-02-01 Sun 04:00,2009-02-01,-152.0,,-111.0,,,unexplained,no_eia_row,False
2009-03-01 09:00:00+00:00,2009-03-01 Sun 04:00,2009-03-01,-97.0,,-152.0,,,unexplained,no_eia_row,False
2009-04-01 09:00:00+00:00,2009-04-01 Wed 05:00,2009-04-01,-30.0,,-97.0,,,unexplained,no_eia_row,False
2009-05-28 14:30:00+00:00,2009-05-28 Thu 10:30,2009-05-28,106.0,,103.0,,,ok,no_eia_row,True
2009-06-04 14:30:00+00:00,2009-06-04 Thu 10:30,2009-06-04,124.0,,106.0,,,ok,no_eia_row,True
2009-06-11 14:30:00+00:00,2009-06-11 Thu 10:30,2009-06-11,106.0,,124.0,,,ok,no_eia_row,True
2009-06-18 14:30:00+00:00,2009-06-18 Thu 10:30,2009-06-18,114.0,,106.0,,,ok,no_eia_row,True
2009-06-25 14:30:00+00:00,2009-06-25 Thu 10:30,2009-06-25,94.0,,114.0,,,ok,no_eia_row,True
2009-07-02 14:30:00+00:00,2009-07-02 Thu 10:30,2009-07-02,70.0,,94.0,,,ok,no_eia_row,True
2009-07-09 14:30:00+00:00,2009-07-09 Thu 10:30,2009-07-09,75.0,,70.0,,,ok,no_eia_row,True
2009-07-16 14:30:00+00:00,2009-07-16 Thu 10:30,2009-07-16,90.0,,75.0,,,ok,no_eia_row,True
2009-07-23 14:30:00+00:00,2009-07-23 Thu 10:30,2009-07-23,66.0,,90.0,,,ok,no_eia_row,True
2009-07-30 14:30:00+00:00,2009-07-30 Thu 10:30,2009-07-30,71.0,,66.0,,,ok,no_eia_row,True
2009-08-06 14:30:00+00:00,2009-08-06 Thu 10:30,2009-08-06,66.0,,71.0,,,ok,no_eia_row,True
2009-08-13 14:30:00+00:00,2009-08-13 Thu 10:30,2009-08-13,63.0,,66.0,,,ok,no_eia_row,True
2009-08-20 14:30:00+00:00,2009-08-20 Thu 10:30,2009-08-20,52.0,,63.0,,,ok,no_eia_row,True
2009-08-27 14:30:00+00:00,2009-08-27 Thu 10:30,2009-08-27,54.0,,52.0,,,ok,no_eia_row,True
2009-09-03 14:30:00+00:00,2009-09-03 Thu 10:30,2009-09-03,65.0,,54.0,,,ok,no_eia_row,True
2009-09-10 14:30:00+00:00,2009-09-10 Thu 10:30,2009-09-10,69.0,,65.0,,,ok,no_eia_row,True
2009-09-17 14:30:00+00:00,2009-09-17 Thu 10:30,2009-09-17,66.0,,69.0,,,ok,no_eia_row,True
2009-09-24 14:30:00+00:00,2009-09-24 Thu 10:30,2009-09-24,67.0,,66.0,,,ok,no_eia_row,True
2009-10-01 14:30:00+00:00,2009-10-01 Thu 10:30,2009-10-01,64.0,,67.0,,,ok,no_eia_row,True
2009-10-08 14:30:00+00:00,2009-10-08 Thu 10:30,2009-10-08,69.0,,64.0,,,ok,no_eia_row,True
2009-10-15 14:30:00+00:00,2009-10-15 Thu 10:30,2009-10-15,58.0,,69.0,,,ok,no_eia_row,True
2009-10-22 14:30:00+00:00,2009-10-22 Thu 10:30,2009-10-22,18.0,,58.0,,,ok,no_eia_row,True
2009-10-29 14:30:00+00:00,2009-10-29 Thu 10:30,2009-10-29,25.0,,18.0,,,ok,no_eia_row,True
2009-11-05 15:30:00+00:00,2009-11-05 Thu 10:30,2009-11-05,29.0,,25.0,,,ok,no_eia_row,True
2009-11-13 15:30:00+00:00,2009-11-13 Fri 10:30,2009-11-13,25.0,,29.0,,,holiday_shift,no_eia_row,True
2009-11-19 15:30:00+00:00,2009-11-19 Thu 10:30,2009-11-19,20.0,,25.0,,,ok,no_eia_row,True
2009-11-25 17:00:00+00:00,2009-11-25 Wed 12:00,2009-11-25,2.0,,20.0,,,holiday_shift,no_eia_row,True
2009-12-03 15:30:00+00:00,2009-12-03 Thu 10:30,2009-12-03,2.0,,2.0,,,ok,no_eia_row,True
2009-12-10 15:30:00+00:00,2009-12-10 Thu 10:30,2009-12-10,-64.0,,2.0,,,ok,no_eia_row,True
2009-12-17 15:30:00+00:00,2009-12-17 Thu 10:30,2009-12-17,-207.0,,-64.0,,,ok,no_eia_row,True
2009-12-24 15:30:00+00:00,2009-12-24 Thu 10:30,2009-12-24,-166.0,,-207.0,,,ok,no_eia_row,True
2009-12-31 15:30:00+00:00,2009-12-31 Thu 10:30,2009-12-31,-124.0,,-166.0,,,ok,no_eia_row,True
2010-01-07 15:30:00+00:00,2010-01-07 Thu 10:30,2010-01-07,-153.0,,-124.0,,,ok,no_eia_row,True
2010-01-14 15:30:00+00:00,2010-01-14 Thu 10:30,2010-01-14,-266.0,,-158.0,,,ok,diff +1.000,True
2010-01-21 15:30:00+00:00,2010-01-21 Thu 10:30,2010-01-21,-245.0,,-266.0,,,ok,diff -2.000,True
2010-01-28 15:30:00+00:00,2010-01-28 Thu 10:30,2010-01-28,-86.0,,-245.0,,,ok,ok,True
2010-02-04 15:30:00+00:00,2010-02-04 Thu 10:30,2010-02-04,-115.0,,-86.0,,,ok,ok,True
2010-02-12 15:30:00+00:00,2010-02-12 Fri 10:30,2010-02-12,-191.0,,-115.0,,,unexplained,diff +1.000,False
2010-02-18 15:30:00+00:00,2010-02-18 Thu 10:30,2010-02-18,-190.0,,-191.0,,,ok,diff -2.000,True
2010-02-25 15:30:00+00:00,2010-02-25 Thu 10:30,2010-02-25,-172.0,,-190.0,,,ok,diff +1.000,True
2010-03-04 15:30:00+00:00,2010-03-04 Thu 10:30,2010-03-04,-116.0,,-172.0,,,ok,diff -1.000,True
2010-03-11 15:30:00+00:00,2010-03-11 Thu 10:30,2010-03-11,-111.0,,-116.0,,,ok,ok,True
2010-03-18 14:30:00+00:00,2010-03-18 Thu 10:30,2010-03-18,-11.0,,-111.0,,,ok,diff +2.000,True
2010-03-25 14:30:00+00:00,2010-03-25 Thu 10:30,2010-03-25,11.0,,-11.0,,,ok,diff -1.000,True
2010-04-01 14:30:00+00:00,2010-04-01 Thu 10:30,2010-04-01,12.0,,11.0,,,ok,ok,True
2010-04-08 14:30:00+00:00,2010-04-08 Thu 10:30,2010-04-08,31.0,,12.0,,,ok,diff -1.000,True
2010-04-15 14:30:00+00:00,2010-04-15 Thu 10:30,2010-04-15,87.0,,31.0,,,ok,diff +3.000,True
2010-04-22 14:30:00+00:00,2010-04-22 Thu 10:30,2010-04-22,73.0,77.0,87.0,-4.0,,ok,diff -1.000,True
2010-04-29 14:30:00+00:00,2010-04-29 Thu 10:30,2010-04-29,83.0,,73.0,,,ok,diff -1.000,True
2010-05-06 14:30:00+00:00,2010-05-06 Thu 10:30,2010-05-06,83.0,,83.0,,,ok,diff +1.000,True
2010-05-13 14:30:00+00:00,2010-05-13 Thu 10:30,2010-05-13,94.0,,83.0,,,ok,diff -3.000,True
2010-05-20 14:30:00+00:00,2010-05-20 Thu 10:30,2010-05-20,76.0,,94.0,,,ok,diff +2.000,True
2010-05-27 14:30:00+00:00,2010-05-27 Thu 10:30,2010-05-27,104.0,,76.0,,,ok,diff +1.000,True
2010-06-03 14:30:00+00:00,2010-06-03 Thu 10:30,2010-06-03,88.0,,104.0,,,ok,diff -1.000,True
2010-06-10 14:30:00+00:00,2010-06-10 Thu 10:30,2010-06-10,99.0,,88.0,,,ok,ok,True
2010-06-17 14:30:00+00:00,2010-06-17 Thu 10:30,2010-06-17,87.0,,99.0,,,ok,diff +1.000,True
2010-06-24 14:30:00+00:00,2010-06-24 Thu 10:30,2010-06-24,81.0,,87.0,,,ok,diff -2.000,True
2010-07-01 14:30:00+00:00,2010-07-01 Thu 10:30,2010-07-01,60.0,,81.0,,,ok,diff +1.000,True
2010-07-08 14:30:00+00:00,2010-07-08 Thu 10:30,2010-07-08,78.0,,60.0,,,ok,diff +1.000,True
2010-07-15 14:30:00+00:00,2010-07-15 Thu 10:30,2010-07-15,78.0,,78.0,,,ok,diff -2.000,True
2010-07-22 14:30:00+00:00,2010-07-22 Thu 10:30,2010-07-22,51.0,,78.0,,,ok,diff -1.000,True
2010-07-29 14:30:00+00:00,2010-07-29 Thu 10:30,2010-07-29,28.0,,51.0,,,ok,diff +2.000,True
2010-08-05 14:30:00+00:00,2010-08-05 Thu 10:30,2010-08-05,29.0,,28.0,,,ok,diff +1.000,True
2010-08-12 14:30:00+00:00,2010-08-12 Thu 10:30,2010-08-12,37.0,,29.0,,,ok,ok,True
2010-08-19 14:30:00+00:00,2010-08-19 Thu 10:30,2010-08-19,27.0,,37.0,,,ok,diff -2.000,True
2010-08-26 14:30:00+00:00,2010-08-26 Thu 10:30,2010-08-26,40.0,,27.0,,,ok,diff -1.000,True
2010-09-02 14:30:00+00:00,2010-09-02 Thu 10:30,2010-09-02,54.0,,40.0,,,ok,diff +3.000,True
2010-09-09 14:30:00+00:00,2010-09-09 Thu 10:30,2010-09-09,58.0,,54.0,,,ok,ok,True
2010-09-16 14:30:00+00:00,2010-09-16 Thu 10:30,2010-09-16,103.0,,58.0,,,ok,diff -1.000,True
2010-09-23 14:30:00+00:00,2010-09-23 Thu 10:30,2010-09-23,73.0,,103.0,,,ok,diff -1.000,True
2010-09-30 14:30:00+00:00,2010-09-30 Thu 10:30,2010-09-30,74.0,,73.0,,,ok,ok,True
2010-10-07 14:30:00+00:00,2010-10-07 Thu 10:30,2010-10-07,85.0,,74.0,,,ok,diff +1.000,True
2010-10-14 14:30:00+00:00,2010-10-14 Thu 10:30,2010-10-14,91.0,,85.0,,,ok,ok,True
2010-10-21 14:30:00+00:00,2010-10-21 Thu 10:30,2010-10-21,93.0,,91.0,,,ok,ok,True
2010-10-28 14:30:00+00:00,2010-10-28 Thu 10:30,2010-10-28,71.0,72.0,93.0,-1.0,,ok,ok,True
2010-11-04 14:30:00+00:00,2010-11-04 Thu 10:30,2010-11-04,67.0,62.0,71.0,5.0,,ok,ok,True
2010-11-10 17:00:00+00:00,2010-11-10 Wed 12:00,2010-11-10,19.0,24.0,67.0,-5.0,,holiday_shift,ok,True
2010-11-18 15:30:00+00:00,2010-11-18 Thu 10:30,2010-11-18,3.0,11.0,19.0,-8.0,,ok,diff +9.000,True
2010-11-24 17:00:00+00:00,2010-11-24 Wed 12:00,2010-11-24,-6.0,-6.0,3.0,0.0,,holiday_shift,ok,True
2010-12-02 15:30:00+00:00,2010-12-02 Thu 10:30,2010-12-02,-23.0,-26.0,-6.0,3.0,,ok,ok,True
2010-12-09 15:30:00+00:00,2010-12-09 Thu 10:30,2010-12-09,-89.0,-83.0,-23.0,-6.0,,ok,diff -1.000,True
2010-12-16 15:30:00+00:00,2010-12-16 Thu 10:30,2010-12-16,-164.0,-166.0,-89.0,2.0,,ok,ok,True
2010-12-23 15:30:00+00:00,2010-12-23 Thu 10:30,2010-12-23,-184.0,-170.0,-164.0,-14.0,,ok,ok,True
2010-12-30 15:30:00+00:00,2010-12-30 Thu 10:30,2010-12-30,-136.0,-171.0,-184.0,35.0,,ok,diff +1.000,True
2011-01-06 15:30:00+00:00,2011-01-06 Thu 10:30,2011-01-06,-135.0,-135.0,-136.0,0.0,,ok,ok,True
2011-01-13 15:30:00+00:00,2011-01-13 Thu 10:30,2011-01-13,-138.0,-145.0,-135.0,7.0,,ok,diff -1.000,True
2011-01-20 15:30:00+00:00,2011-01-20 Thu 10:30,2011-01-20,-243.0,-223.0,-138.0,-20.0,,ok,diff +1.000,True
2011-01-27 15:30:00+00:00,2011-01-27 Thu 10:30,2011-01-27,-174.0,-121.0,-243.0,-53.0,,ok,diff -1.000,True
2011-02-03 15:30:00+00:00,2011-02-03 Thu 10:30,2011-02-03,-189.0,-185.0,-174.0,-4.0,,ok,diff -1.000,True
2011-02-10 15:30:00+00:00,2011-02-10 Thu 10:30,2011-02-10,-209.0,-191.0,-189.0,-18.0,,ok,diff +2.000,True
2011-02-17 15:30:00+00:00,2011-02-17 Thu 10:30,2011-02-17,-233.0,-233.0,-209.0,0.0,,ok,diff +1.000,True
2011-02-24 15:30:00+00:00,2011-02-24 Thu 10:30,2011-02-24,-81.0,-73.0,-233.0,-8.0,,ok,diff -2.000,True
2011-03-03 15:30:00+00:00,2011-03-03 Thu 10:30,2011-03-03,-85.0,-75.0,-81.0,-10.0,,ok,diff +1.000,True
2011-03-10 15:30:00+00:00,2011-03-10 Thu 10:30,2011-03-10,-71.0,-72.0,-85.0,1.0,,ok,diff +2.000,True
2011-03-17 14:30:00+00:00,2011-03-17 Thu 10:30,2011-03-17,-56.0,-42.0,-71.0,-14.0,,ok,ok,True
2011-03-24 14:30:00+00:00,2011-03-24 Thu 10:30,2011-03-24,-6.0,-11.0,-56.0,5.0,,ok,diff -1.000,True
2011-03-31 14:30:00+00:00,2011-03-31 Thu 10:30,2011-03-31,12.0,-2.0,-6.0,14.0,,ok,diff +1.000,True
2011-04-07 14:30:00+00:00,2011-04-07 Thu 10:30,2011-04-07,-45.0,-50.0,12.0,5.0,,ok,diff -1.000,True
2011-04-14 14:30:00+00:00,2011-04-14 Thu 10:30,2011-04-14,28.0,34.0,-45.0,-6.0,,ok,ok,True
2011-04-21 14:30:00+00:00,2011-04-21 Thu 10:30,2011-04-21,47.0,51.0,28.0,-4.0,,ok,diff -1.000,True
2011-04-28 14:30:00+00:00,2011-04-28 Thu 10:30,2011-04-28,31.0,38.0,47.0,-7.0,,ok,ok,True
2011-05-05 14:30:00+00:00,2011-05-05 Thu 10:30,2011-05-05,72.0,68.0,31.0,4.0,,ok,ok,True
2011-05-12 14:30:00+00:00,2011-05-12 Thu 10:30,2011-05-12,70.0,69.0,72.0,1.0,,ok,ok,True
2011-05-19 14:30:00+00:00,2011-05-19 Thu 10:30,2011-05-19,92.0,90.0,70.0,2.0,,ok,ok,True
2011-05-26 14:30:00+00:00,2011-05-26 Thu 10:30,2011-05-26,105.0,93.0,92.0,12.0,,ok,diff +1.000,True
2011-06-02 14:30:00+00:00,2011-06-02 Thu 10:30,2011-06-02,83.0,92.0,105.0,-9.0,,ok,diff -1.000,True
2011-06-09 14:30:00+00:00,2011-06-09 Thu 10:30,2011-06-09,80.0,77.0,83.0,3.0,,ok,diff -1.000,True
2011-06-16 14:30:00+00:00,2011-06-16 Thu 10:30,2011-06-16,69.0,67.0,80.0,2.0,,ok,ok,True
2011-06-23 14:30:00+00:00,2011-06-23 Thu 10:30,2011-06-23,98.0,91.0,69.0,7.0,,ok,diff +1.000,True
2011-06-30 14:30:00+00:00,2011-06-30 Thu 10:30,2011-06-30,78.0,80.0,98.0,-2.0,,ok,ok,True
2011-07-07 14:30:00+00:00,2011-07-07 Thu 10:30,2011-07-07,95.0,81.0,78.0,14.0,,ok,diff +1.000,True
2011-07-14 14:30:00+00:00,2011-07-14 Thu 10:30,2011-07-14,84.0,78.0,95.0,6.0,,ok,diff -1.000,True
2011-07-21 14:30:00+00:00,2011-07-21 Thu 10:30,2011-07-21,60.0,67.0,84.0,-7.0,,ok,ok,True
2011-07-28 14:30:00+00:00,2011-07-28 Thu 10:30,2011-07-28,43.0,38.0,60.0,5.0,,ok,ok,True
2011-08-04 14:30:00+00:00,2011-08-04 Thu 10:30,2011-08-04,44.0,39.0,43.0,5.0,,ok,diff -1.000,True
2011-08-11 14:30:00+00:00,2011-08-11 Thu 10:30,2011-08-11,25.0,33.0,44.0,-8.0,,ok,diff +1.000,True
2011-08-18 14:30:00+00:00,2011-08-18 Thu 10:30,2011-08-18,50.0,49.0,25.0,1.0,,ok,ok,True
2011-08-25 14:30:00+00:00,2011-08-25 Thu 10:30,2011-08-25,73.0,75.0,50.0,-2.0,,ok,ok,True
2011-09-01 14:30:00+00:00,2011-09-01 Thu 10:30,2011-09-01,55.0,60.0,73.0,-5.0,,ok,diff +1.000,True
2011-09-08 14:30:00+00:00,2011-09-08 Thu 10:30,2011-09-08,64.0,60.0,55.0,4.0,,ok,diff -1.000,True
2011-09-15 14:30:00+00:00,2011-09-15 Thu 10:30,2011-09-15,87.0,80.0,64.0,7.0,,ok,diff +2.000,True
2011-09-22 14:30:00+00:00,2011-09-22 Thu 10:30,2011-09-22,89.0,90.0,87.0,-1.0,,ok,diff -2.000,True
2011-09-29 14:30:00+00:00,2011-09-29 Thu 10:30,2011-09-29,111.0,97.0,89.0,14.0,,ok,diff +1.000,True
2011-10-06 14:30:00+00:00,2011-10-06 Thu 10:30,2011-10-06,97.0,94.0,111.0,3.0,,ok,ok,True
2011-10-13 14:30:00+00:00,2011-10-13 Thu 10:30,2011-10-13,112.0,103.0,97.0,9.0,,ok,diff -1.000,True
2011-10-20 14:30:00+00:00,2011-10-20 Thu 10:30,2011-10-20,103.0,110.0,112.0,-7.0,-0.5989842088331024,ok,ok,True
2011-10-27 14:30:00+00:00,2011-10-27 Thu 10:30,2011-10-27,92.0,90.0,103.0,2.0,0.17233744843582516,ok,diff -1.000,True
2011-11-03 14:30:00+00:00,2011-11-03 Thu 10:30,2011-11-03,78.0,73.0,92.0,5.0,0.4347128419293772,ok,diff +2.000,True
2011-11-10 15:30:00+00:00,2011-11-10 Thu 10:30,2011-11-10,37.0,31.0,78.0,6.0,0.5253036684121681,ok,ok,True
2011-11-17 15:30:00+00:00,2011-11-17 Thu 10:30,2011-11-17,19.0,25.0,37.0,-6.0,-0.5284807435501429,ok,diff +5.000,True
2011-11-23 17:00:00+00:00,2011-11-23 Wed 12:00,2011-11-23,9.0,17.0,19.0,-8.0,-0.7095894493614198,holiday_shift,ok,True
2011-12-01 15:30:00+00:00,2011-12-01 Thu 10:30,2011-12-01,-1.0,11.0,9.0,-12.0,-1.0699186098663334,ok,diff +2.000,True
2011-12-08 15:30:00+00:00,2011-12-08 Thu 10:30,2011-12-08,-20.0,-10.0,-1.0,-10.0,-0.8917875287817757,ok,ok,True
2011-12-15 15:30:00+00:00,2011-12-15 Thu 10:30,2011-12-15,-102.0,-89.0,-20.0,-13.0,-1.162965620980899,ok,diff -1.000,True
2011-12-22 15:30:00+00:00,2011-12-22 Thu 10:30,2011-12-22,-100.0,-103.0,-102.0,3.0,0.26814827987921697,ok,diff +1.000,True
2011-12-29 15:30:00+00:00,2011-12-29 Thu 10:30,2011-12-29,-81.0,-86.0,-100.0,5.0,0.4500624561519356,ok,diff -1.000,True
2012-01-05 15:30:00+00:00,2012-01-05 Thu 10:30,2012-01-05,-76.0,-78.0,-81.0,2.0,0.18102705107059314,ok,diff +1.000,True
2012-01-12 15:30:00+00:00,2012-01-12 Thu 10:30,2012-01-12,-95.0,-87.0,-76.0,-8.0,-0.7294416762351983,ok,diff -1.000,True
2012-01-19 15:30:00+00:00,2012-01-19 Thu 10:30,2012-01-19,-87.0,-88.0,-95.0,1.0,0.09162137190198473,ok,ok,True
2012-01-26 15:30:00+00:00,2012-01-26 Thu 10:30,2012-01-26,-192.0,-175.0,-87.0,-17.0,-1.5691733717924665,ok,ok,True
2012-02-02 15:30:00+00:00,2012-02-02 Thu 10:30,2012-02-02,-132.0,-126.0,-192.0,-6.0,-0.5493003457419449,ok,ok,True
2012-02-09 15:30:00+00:00,2012-02-09 Thu 10:30,2012-02-09,-78.0,-85.0,-132.0,7.0,0.6448515954382774,ok,ok,True
2012-02-16 15:30:00+00:00,2012-02-16 Thu 10:30,2012-02-16,-127.0,-126.0,-78.0,-1.0,-0.0923894653282697,ok,ok,True
2012-02-23 15:30:00+00:00,2012-02-23 Thu 10:30,2012-02-23,-166.0,-146.0,-127.0,-20.0,-1.861308773488848,ok,ok,True
2012-03-01 15:30:00+00:00,2012-03-01 Thu 10:30,2012-03-01,-82.0,-90.0,-166.0,8.0,0.7343204269020914,ok,ok,True
2012-03-08 15:30:00+00:00,2012-03-08 Thu 10:30,2012-03-08,-80.0,-86.0,-82.0,6.0,0.5516214439309444,ok,ok,True
2012-03-15 14:30:00+00:00,2012-03-15 Thu 10:30,2012-03-15,-64.0,-58.0,-80.0,-6.0,-0.5536603899207714,ok,ok,True
2012-03-22 14:30:00+00:00,2012-03-22 Thu 10:30,2012-03-22,11.0,10.0,-64.0,1.0,0.09280140076817724,ok,ok,True
2012-03-29 14:30:00+00:00,2012-03-29 Thu 10:30,2012-03-29,57.0,49.0,11.0,8.0,0.7472130095521943,ok,diff +8.000,True
2012-04-05 14:30:00+00:00,2012-04-05 Thu 10:30,2012-04-05,42.0,34.0,57.0,8.0,0.7483754621175029,ok,diff -1.000,True
2012-04-12 14:30:00+00:00,2012-04-12 Thu 10:30,2012-04-12,8.0,25.0,42.0,-17.0,-1.5929243051534978,ok,diff +2.000,True
2012-04-19 14:30:00+00:00,2012-04-19 Thu 10:30,2012-04-19,25.0,25.0,8.0,0.0,0.0,ok,ok,True
2012-04-26 14:30:00+00:00,2012-04-26 Thu 10:30,2012-04-26,47.0,47.0,25.0,0.0,0.0,ok,diff +4.000,True
2012-05-03 14:30:00+00:00,2012-05-03 Thu 10:30,2012-05-03,28.0,31.0,47.0,-3.0,-0.28254105924985623,ok,diff -2.000,True
2012-05-10 14:30:00+00:00,2012-05-10 Thu 10:30,2012-05-10,30.0,34.0,28.0,-4.0,-0.37904187817868545,ok,ok,True
2012-05-17 14:30:00+00:00,2012-05-17 Thu 10:30,2012-05-17,61.0,55.0,30.0,6.0,0.5718881609462244,ok,ok,True
2012-05-24 14:30:00+00:00,2012-05-24 Thu 10:30,2012-05-24,77.0,76.0,61.0,1.0,0.0956104703687871,ok,ok,True
2012-05-31 14:30:00+00:00,2012-05-31 Thu 10:30,2012-05-31,71.0,70.0,77.0,1.0,0.0961630613161788,ok,ok,True
2012-06-07 14:30:00+00:00,2012-06-07 Thu 10:30,2012-06-07,62.0,56.0,71.0,6.0,0.580275119780462,ok,ok,True
2012-06-14 14:30:00+00:00,2012-06-14 Thu 10:30,2012-06-14,67.0,75.0,62.0,-8.0,-0.7760378176371083,ok,ok,True
2012-06-21 14:30:00+00:00,2012-06-21 Thu 10:30,2012-06-21,62.0,64.0,67.0,-2.0,-0.19465346441896828,ok,ok,True
2012-06-28 14:30:00+00:00,2012-06-28 Thu 10:30,2012-06-28,57.0,52.0,62.0,5.0,0.4894403286535486,ok,ok,True
2012-07-06 14:30:00+00:00,2012-07-06 Fri 10:30,2012-07-06,39.0,44.0,57.0,-5.0,-0.4911939215843766,holiday_shift,ok,True
2012-07-12 14:30:00+00:00,2012-07-12 Thu 10:30,2012-07-12,33.0,26.0,39.0,7.0,0.6910274458473622,ok,ok,True
2012-07-19 14:30:00+00:00,2012-07-19 Thu 10:30,2012-07-19,28.0,34.0,33.0,-6.0,-0.5934473880116347,ok,ok,True
2012-07-26 14:30:00+00:00,2012-07-26 Thu 10:30,2012-07-26,26.0,26.0,28.0,0.0,0.0,ok,diff -1.000,True
2012-08-02 14:30:00+00:00,2012-08-02 Thu 10:30,2012-08-02,28.0,23.0,26.0,5.0,0.49933512935561486,ok,diff +1.000,True
2012-08-09 14:30:00+00:00,2012-08-09 Thu 10:30,2012-08-09,24.0,30.0,28.0,-6.0,-0.6012143838280007,ok,diff +1.000,True
2012-08-16 14:30:00+00:00,2012-08-16 Thu 10:30,2012-08-16,20.0,24.0,24.0,-4.0,-0.4024487317006292,ok,diff -1.000,True
2012-08-23 14:30:00+00:00,2012-08-23 Thu 10:30,2012-08-23,47.0,38.0,20.0,9.0,0.9099276708183484,ok,ok,True
2012-08-30 14:30:00+00:00,2012-08-30 Thu 10:30,2012-08-30,66.0,63.0,47.0,3.0,0.3032235810992909,ok,ok,True
2012-09-06 14:30:00+00:00,2012-09-06 Thu 10:30,2012-09-06,28.0,36.0,66.0,-8.0,-0.8120770379516894,ok,ok,True
2012-09-13 14:30:00+00:00,2012-09-13 Thu 10:30,2012-09-13,27.0,28.0,28.0,-1.0,-0.101774222536773,ok,ok,True
2012-09-20 14:30:00+00:00,2012-09-20 Thu 10:30,2012-09-20,67.0,64.0,27.0,3.0,0.306876205726133,ok,ok,True
2012-09-27 14:30:00+00:00,2012-09-27 Thu 10:30,2012-09-27,80.0,76.0,67.0,4.0,0.410863065762816,ok,ok,True
2012-10-04 14:30:00+00:00,2012-10-04 Thu 10:30,2012-10-04,77.0,71.0,80.0,6.0,0.6185321916130667,ok,diff -1.000,True
2012-10-11 14:30:00+00:00,2012-10-11 Thu 10:30,2012-10-11,72.0,77.0,77.0,-5.0,-0.5166568449578904,ok,ok,True
2012-10-18 14:30:00+00:00,2012-10-18 Thu 10:30,2012-10-18,51.0,48.0,72.0,3.0,0.3112481709511174,ok,diff +1.000,True
2012-10-25 14:30:00+00:00,2012-10-25 Thu 10:30,2012-10-25,67.0,67.0,51.0,0.0,0.0,ok,ok,True
2012-11-01 14:30:00+00:00,2012-11-01 Thu 10:30,2012-11-01,65.0,67.0,67.0,-2.0,-0.20931933780380674,ok,diff +1.000,True
2012-11-08 15:30:00+00:00,2012-11-08 Thu 10:30,2012-11-08,21.0,27.0,65.0,-6.0,-0.6309060971428088,ok,ok,True
2012-11-15 15:30:00+00:00,2012-11-15 Thu 10:30,2012-11-15,-18.0,-14.0,21.0,-4.0,-0.42203244100999987,ok,ok,True
2012-11-21 17:00:00+00:00,2012-11-21 Wed 12:00,2012-11-21,-38.0,-24.0,-18.0,-14.0,-1.483320445111252,holiday_shift,diff -1.000,True
2012-11-29 15:30:00+00:00,2012-11-29 Thu 10:30,2012-11-29,4.0,-6.0,-38.0,10.0,1.0553274741229552,ok,diff +1.000,True
2012-12-06 15:30:00+00:00,2012-12-06 Thu 10:30,2012-12-06,-73.0,-64.0,4.0,-9.0,-0.9481778069908311,ok,diff -1.000,True
2012-12-13 15:30:00+00:00,2012-12-13 Thu 10:30,2012-12-13,2.0,-4.0,-73.0,6.0,0.6329946284852109,ok,ok,True
2012-12-20 15:30:00+00:00,2012-12-20 Thu 10:30,2012-12-20,-82.0,-72.0,2.0,-10.0,-1.057062708433557,ok,ok,True
2012-12-28 15:30:00+00:00,2012-12-28 Fri 10:30,2012-12-28,-72.0,-76.0,-82.0,4.0,0.4230439978939358,holiday_shift,diff -1.000,True
2013-01-04 15:30:00+00:00,2013-01-04 Fri 10:30,2013-01-04,-135.0,-127.0,-72.0,-8.0,-0.848720189378932,holiday_shift,diff +1.000,True
2013-01-10 15:30:00+00:00,2013-01-10 Thu 10:30,2013-01-10,-201.0,-186.0,-135.0,-15.0,-1.5946083046525603,ok,ok,True
2013-01-17 15:30:00+00:00,2013-01-17 Thu 10:30,2013-01-17,-148.0,-136.0,-201.0,-12.0,-1.2694368000786833,ok,diff +1.000,True
2013-01-24 15:30:00+00:00,2013-01-24 Thu 10:30,2013-01-24,-172.0,-167.0,-148.0,-5.0,-0.5283123008218326,ok,diff -1.000,True
2013-01-31 15:30:00+00:00,2013-01-31 Thu 10:30,2013-01-31,-194.0,-206.0,-172.0,12.0,1.2725647561917697,ok,ok,True
2013-02-07 15:30:00+00:00,2013-02-07 Thu 10:30,2013-02-07,-118.0,-132.0,-194.0,14.0,1.4784382699320522,ok,ok,True
2013-02-14 15:30:00+00:00,2013-02-14 Thu 10:30,2013-02-14,-157.0,-162.0,-118.0,5.0,0.5245582375738754,ok,diff +1.000,True
2013-02-21 15:30:00+00:00,2013-02-21 Thu 10:30,2013-02-21,-127.0,-122.0,-157.0,-5.0,-0.5258310401604257,ok,diff -1.000,True
2013-02-28 15:30:00+00:00,2013-02-28 Thu 10:30,2013-02-28,-171.0,-167.0,-127.0,-4.0,-0.42211079995600626,ok,ok,True
2013-03-07 15:30:00+00:00,2013-03-07 Thu 10:30,2013-03-07,-146.0,-134.0,-171.0,-12.0,-1.2710431937680127,ok,diff +1.000,True
2013-03-14 14:30:00+00:00,2013-03-14 Thu 10:30,2013-03-14,-145.0,-134.0,-146.0,-11.0,-1.163690289724323,ok,diff -1.000,True
2013-03-21 14:30:00+00:00,2013-03-21 Thu 10:30,2013-03-21,-62.0,-70.0,-145.0,8.0,0.8461369486172353,ok,ok,True
2013-03-28 14:30:00+00:00,2013-03-28 Thu 10:30,2013-03-28,-95.0,-87.0,-62.0,-8.0,-0.8462484078380187,ok,ok,True
2013-04-04 14:30:00+00:00,2013-04-04 Thu 10:30,2013-04-04,-94.0,-91.0,-95.0,-3.0,-0.31796420225034355,ok,ok,True
2013-04-11 14:30:00+00:00,2013-04-11 Thu 10:30,2013-04-11,-14.0,-13.0,-94.0,-1.0,-0.10639123074255954,ok,diff -1.000,True
2013-04-18 14:30:00+00:00,2013-04-18 Thu 10:30,2013-04-18,31.0,34.0,-14.0,-3.0,-0.32041654860424024,ok,ok,True
2013-04-25 14:30:00+00:00,2013-04-25 Thu 10:30,2013-04-25,30.0,32.0,31.0,-2.0,-0.2144109300941948,ok,diff +1.000,True
2013-05-02 14:30:00+00:00,2013-05-02 Thu 10:30,2013-05-02,43.0,28.0,30.0,15.0,1.6142238248391227,ok,diff +1.000,True
2013-05-09 14:30:00+00:00,2013-05-09 Thu 10:30,2013-05-09,88.0,83.0,43.0,5.0,0.5339062657177848,ok,diff -2.000,True
2013-05-16 14:30:00+00:00,2013-05-16 Thu 10:30,2013-05-16,99.0,95.0,88.0,4.0,0.4280310042741042,ok,diff +1.000,True
2013-05-23 14:30:00+00:00,2013-05-23 Thu 10:30,2013-05-23,89.0,91.0,99.0,-2.0,-0.2145734867090077,ok,diff +1.000,True
2013-05-30 14:30:00+00:00,2013-05-30 Thu 10:30,2013-05-30,88.0,88.0,89.0,0.0,0.0,ok,diff -2.000,True
2013-06-06 14:30:00+00:00,2013-06-06 Thu 10:30,2013-06-06,111.0,95.0,88.0,16.0,1.7291996729223469,ok,diff +1.000,True
2013-06-13 14:30:00+00:00,2013-06-13 Thu 10:30,2013-06-13,95.0,96.0,111.0,-1.0,-0.10713939847848894,ok,ok,True
2013-06-20 14:30:00+00:00,2013-06-20 Thu 10:30,2013-06-20,91.0,90.0,95.0,1.0,0.10752970699885574,ok,diff -1.000,True
2013-06-27 14:30:00+00:00,2013-06-27 Thu 10:30,2013-06-27,95.0,88.0,91.0,7.0,0.7553036683125334,ok,diff +1.000,True
2013-07-03 16:00:00+00:00,2013-07-03 Wed 12:00,2013-07-03,72.0,75.0,95.0,-3.0,-0.3240042914603367,holiday_shift,diff -1.000,True
2013-07-11 14:30:00+00:00,2013-07-11 Thu 10:30,2013-07-11,82.0,82.0,72.0,0.0,0.0,ok,diff +1.000,True
2013-07-18 14:30:00+00:00,2013-07-18 Thu 10:30,2013-07-18,58.0,64.0,82.0,-6.0,-0.6524814608458248,ok,ok,True
2013-07-25 14:30:00+00:00,2013-07-25 Thu 10:30,2013-07-25,41.0,46.0,58.0,-5.0,-0.5450698907550343,ok,ok,True
2013-08-01 14:30:00+00:00,2013-08-01 Thu 10:30,2013-08-01,59.0,56.0,41.0,3.0,0.3279647160778619,ok,ok,True
2013-08-08 14:30:00+00:00,2013-08-08 Thu 10:30,2013-08-08,96.0,77.0,59.0,19.0,2.0829317906369944,ok,diff +1.000,True
2013-08-15 14:30:00+00:00,2013-08-15 Thu 10:30,2013-08-15,65.0,70.0,96.0,-5.0,-0.541206482853554,ok,diff -2.000,True
2013-08-22 14:30:00+00:00,2013-08-22 Thu 10:30,2013-08-22,57.0,69.0,65.0,-12.0,-1.3024398138013982,ok,diff +1.000,True
2013-08-29 14:30:00+00:00,2013-08-29 Thu 10:30,2013-08-29,67.0,63.0,57.0,4.0,0.43348943050891564,ok,diff -1.000,True
2013-09-05 14:30:00+00:00,2013-09-05 Thu 10:30,2013-09-05,58.0,54.0,67.0,4.0,0.43453264739918324,ok,ok,True
2013-09-12 14:30:00+00:00,2013-09-12 Thu 10:30,2013-09-12,65.0,66.0,58.0,-1.0,-0.1088937283853077,ok,diff +1.000,True
2013-09-19 14:30:00+00:00,2013-09-19 Thu 10:30,2013-09-19,46.0,56.0,65.0,-10.0,-1.092560435616431,ok,ok,True
2013-09-26 14:30:00+00:00,2013-09-26 Thu 10:30,2013-09-26,87.0,76.0,46.0,11.0,1.2018717807465131,ok,diff +1.000,True
2013-10-03 14:30:00+00:00,2013-10-03 Thu 10:30,2013-10-03,101.0,94.0,87.0,7.0,0.7631057095914975,ok,diff -1.000,True
2013-10-10 14:30:00+00:00,2013-10-10 Thu 10:30,2013-10-10,90.0,94.0,101.0,-4.0,-0.43644296359501283,ok,ok,True
2013-10-22 14:30:00+00:00,2013-10-22 Tue 10:30,2013-10-22,77.0,80.0,90.0,-3.0,-0.3282652369076431,unexplained,diff -9.000,False
2013-10-24 14:30:00+00:00,2013-10-24 Thu 10:30,2013-10-24,87.0,79.0,77.0,8.0,0.8780350409882809,ok,diff +1.000,True
2013-10-31 14:30:00+00:00,2013-10-31 Thu 10:30,2013-10-31,38.0,36.0,87.0,2.0,0.21955288768433776,ok,ok,True
2013-11-07 15:30:00+00:00,2013-11-07 Thu 10:30,2013-11-07,35.0,35.0,38.0,0.0,0.0,ok,diff -2.000,True
2013-11-14 15:30:00+00:00,2013-11-14 Thu 10:30,2013-11-14,20.0,21.0,35.0,-1.0,-0.11043811736373851,ok,diff +2.000,True
2013-11-21 15:30:00+00:00,2013-11-21 Thu 10:30,2013-11-21,-45.0,-33.0,20.0,-12.0,-1.3294156426341524,ok,ok,True
2013-11-27 17:00:00+00:00,2013-11-27 Wed 12:00,2013-11-27,-13.0,-10.0,-45.0,-3.0,-0.3317997855822497,holiday_shift,diff +1.000,True
2013-12-05 15:30:00+00:00,2013-12-05 Thu 10:30,2013-12-05,-162.0,-138.0,-13.0,-24.0,-2.662159877617938,ok,ok,True
2013-12-12 15:30:00+00:00,2013-12-12 Thu 10:30,2013-12-12,-81.0,-88.0,-162.0,7.0,0.7635676247477581,ok,diff -1.000,True
2013-12-19 15:30:00+00:00,2013-12-19 Thu 10:30,2013-12-19,-285.0,-258.0,-81.0,-27.0,-2.947385066522249,ok,ok,True
2013-12-27 15:30:00+00:00,2013-12-27 Fri 10:30,2013-12-27,-177.0,-177.0,-285.0,0.0,0.0,holiday_shift,ok,True
2014-01-03 15:30:00+00:00,2014-01-03 Fri 10:30,2014-01-03,-97.0,-126.0,-177.0,29.0,3.109506712279203,holiday_shift,diff -1.000,True
2014-01-09 15:30:00+00:00,2014-01-09 Thu 10:30,2014-01-09,-157.0,-157.0,-97.0,0.0,0.0,ok,diff +1.000,True
2014-01-16 15:30:00+00:00,2014-01-16 Thu 10:30,2014-01-16,-287.0,-301.0,-157.0,14.0,1.4651250285173134,ok,diff +1.000,True
2014-01-23 15:30:00+00:00,2014-01-23 Thu 10:30,2014-01-23,-107.0,-110.0,-287.0,3.0,0.31264390030548783,ok,diff -2.000,True
2014-01-30 15:30:00+00:00,2014-01-30 Thu 10:30,2014-01-30,-230.0,-236.0,-107.0,6.0,0.6268423651759883,ok,diff +10.000,True
2014-02-06 15:30:00+00:00,2014-02-06 Thu 10:30,2014-02-06,-262.0,-270.0,-230.0,8.0,0.8370096673129872,ok,diff -2.000,True
2014-02-13 15:30:00+00:00,2014-02-13 Thu 10:30,2014-02-13,-237.0,-233.0,-262.0,-4.0,-0.41870513706148027,ok,diff -6.000,True
2014-02-20 15:30:00+00:00,2014-02-20 Thu 10:30,2014-02-20,-250.0,-251.0,-237.0,1.0,0.10494418872111336,ok,diff -1.000,True
2014-02-27 15:30:00+00:00,2014-02-27 Thu 10:30,2014-02-27,-95.0,-107.0,-250.0,12.0,1.2628451071945395,ok,diff +1.000,True
2014-03-06 15:30:00+00:00,2014-03-06 Thu 10:30,2014-03-06,-152.0,-138.0,-95.0,-14.0,-1.470039674901619,ok,ok,True
2014-03-13 14:30:00+00:00,2014-03-13 Thu 10:30,2014-03-13,-195.0,-196.0,-152.0,1.0,0.10471923463535122,ok,diff -1.000,True
2014-03-20 14:30:00+00:00,2014-03-20 Thu 10:30,2014-03-20,-48.0,-59.0,-195.0,11.0,1.1550731773916416,ok,diff +1.000,True
2014-03-27 14:30:00+00:00,2014-03-27 Thu 10:30,2014-03-27,-57.0,-54.0,-48.0,-3.0,-0.31457453790673195,ok,diff +1.000,True
2014-04-03 14:30:00+00:00,2014-04-03 Thu 10:30,2014-04-03,-74.0,-74.0,-57.0,0.0,0.0,ok,diff -3.000,True
2014-04-10 14:30:00+00:00,2014-04-10 Thu 10:30,2014-04-10,4.0,13.0,-74.0,-9.0,-0.9488366930952215,ok,diff +1.000,True
2014-04-17 14:30:00+00:00,2014-04-17 Thu 10:30,2014-04-17,24.0,34.0,4.0,-10.0,-1.05493547786718,ok,diff +1.000,True
2014-04-24 14:30:00+00:00,2014-04-24 Thu 10:30,2014-04-24,49.0,42.0,24.0,7.0,0.7385428983180252,ok,ok,True
2014-05-01 14:30:00+00:00,2014-05-01 Thu 10:30,2014-05-01,82.0,75.0,49.0,7.0,0.7392184848450839,ok,ok,True
2014-05-08 14:30:00+00:00,2014-05-08 Thu 10:30,2014-05-08,74.0,71.0,82.0,3.0,0.3171013187466405,ok,ok,True
2014-05-15 14:30:00+00:00,2014-05-15 Thu 10:30,2014-05-15,105.0,99.0,74.0,6.0,0.6356651550948701,ok,ok,True
2014-05-22 14:30:00+00:00,2014-05-22 Thu 10:30,2014-05-22,106.0,102.0,105.0,4.0,0.4243546206574383,ok,diff -1.000,True
2014-05-29 14:30:00+00:00,2014-05-29 Thu 10:30,2014-05-29,114.0,110.0,106.0,4.0,0.425221375822509,ok,diff +1.000,True
2014-06-05 14:30:00+00:00,2014-06-05 Thu 10:30,2014-06-05,119.0,116.0,114.0,3.0,0.3195652804664433,ok,ok,True
2014-06-12 14:30:00+00:00,2014-06-12 Thu 10:30,2014-06-12,107.0,110.0,119.0,-3.0,-0.3202918088717168,ok,diff -1.000,True
2014-06-19 14:30:00+00:00,2014-06-19 Thu 10:30,2014-06-19,113.0,110.0,107.0,3.0,0.3210800921243223,ok,diff +1.000,True
2014-06-26 14:30:00+00:00,2014-06-26 Thu 10:30,2014-06-26,110.0,102.0,113.0,8.0,0.8581377099999055,ok,ok,True
2014-07-03 14:30:00+00:00,2014-07-03 Thu 10:30,2014-07-03,100.0,100.0,110.0,0.0,0.0,ok,diff +1.000,True
2014-07-10 14:30:00+00:00,2014-07-10 Thu 10:30,2014-07-10,93.0,92.0,100.0,1.0,0.10759159817101144,ok,diff -2.000,True
2014-07-17 14:30:00+00:00,2014-07-17 Thu 10:30,2014-07-17,107.0,98.0,93.0,9.0,0.970765036284206,ok,diff +2.000,True
2014-07-24 14:30:00+00:00,2014-07-24 Thu 10:30,2014-07-24,90.0,96.0,107.0,-6.0,-0.6471072915619789,ok,diff -1.000,True
2014-07-31 14:30:00+00:00,2014-07-31 Thu 10:30,2014-07-31,88.0,93.0,90.0,-5.0,-0.5401415377533666,ok,ok,True
2014-08-07 14:30:00+00:00,2014-08-07 Thu 10:30,2014-08-07,82.0,84.0,88.0,-2.0,-0.21647536318693883,ok,diff +1.000,True
2014-08-14 14:30:00+00:00,2014-08-14 Thu 10:30,2014-08-14,78.0,83.0,82.0,-5.0,-0.542523643245867,ok,diff -1.000,True
2014-08-21 14:30:00+00:00,2014-08-21 Thu 10:30,2014-08-21,88.0,83.0,78.0,5.0,0.5435660473354479,ok,ok,True
2014-08-28 14:30:00+00:00,2014-08-28 Thu 10:30,2014-08-28,75.0,78.0,88.0,-3.0,-0.32666408008968595,ok,diff -1.000,True
2014-09-04 14:30:00+00:00,2014-09-04 Thu 10:30,2014-09-04,79.0,73.0,75.0,6.0,0.6548380191795914,ok,diff +1.000,True
2014-09-11 14:30:00+00:00,2014-09-11 Thu 10:30,2014-09-11,92.0,82.0,79.0,10.0,1.0927457646651053,ok,ok,True
2014-09-18 14:30:00+00:00,2014-09-18 Thu 10:30,2014-09-18,90.0,90.0,92.0,0.0,0.0,ok,diff +1.000,True
2014-09-25 14:30:00+00:00,2014-09-25 Thu 10:30,2014-09-25,97.0,94.0,90.0,3.0,0.3283832670749831,ok,diff -1.000,True
2014-10-02 14:30:00+00:00,2014-10-02 Thu 10:30,2014-10-02,112.0,107.0,97.0,5.0,0.5484578514431686,ok,diff +1.000,True
2014-10-09 14:30:00+00:00,2014-10-09 Thu 10:30,2014-10-09,105.0,108.0,112.0,-3.0,-0.32959548161129043,ok,diff -1.000,True
2014-10-16 14:30:00+00:00,2014-10-16 Thu 10:30,2014-10-16,94.0,91.0,105.0,3.0,0.33032823611255363,ok,diff +1.000,True
2014-10-23 14:30:00+00:00,2014-10-23 Thu 10:30,2014-10-23,94.0,97.0,94.0,-3.0,-0.3310143559328764,ok,diff -1.000,True
2014-10-30 14:30:00+00:00,2014-10-30 Thu 10:30,2014-10-30,87.0,85.0,94.0,2.0,0.22116162998462532,ok,ok,True
2014-11-06 15:30:00+00:00,2014-11-06 Thu 10:30,2014-11-06,91.0,85.0,87.0,6.0,0.6649600967340993,ok,ok,True
2014-11-14 15:30:00+00:00,2014-11-14 Fri 10:30,2014-11-14,40.0,39.0,91.0,1.0,0.11095909135512343,holiday_shift,ok,True
2014-11-20 15:30:00+00:00,2014-11-20 Thu 10:30,2014-11-20,-17.0,-12.0,40.0,-5.0,-0.5560794020918506,ok,ok,True
2014-11-26 17:00:00+00:00,2014-11-26 Wed 12:00,2014-11-26,-162.0,-150.0,-17.0,-12.0,-1.3368910844272,holiday_shift,ok,True
2014-12-04 15:30:00+00:00,2014-12-04 Thu 10:30,2014-12-04,-22.0,-41.0,-162.0,19.0,2.1134192746555516,ok,ok,True
2014-12-11 15:30:00+00:00,2014-12-11 Thu 10:30,2014-12-11,-51.0,-45.0,-22.0,-6.0,-0.6618141499603931,ok,ok,True
2014-12-18 15:30:00+00:00,2014-12-18 Thu 10:30,2014-12-18,-64.0,-60.0,-51.0,-4.0,-0.441833601176716,ok,diff -1.000,True
2014-12-24 17:00:00+00:00,2014-12-24 Wed 12:00,2014-12-24,-49.0,,-64.0,,,holiday_shift,diff +1.000,True
2014-12-31 17:00:00+00:00,2014-12-31 Wed 12:00,2014-12-31,-26.0,-38.0,-49.0,12.0,1.328068285391117,holiday_shift,ok,True
2015-01-08 15:30:00+00:00,2015-01-08 Thu 10:30,2015-01-08,-131.0,-121.0,-26.0,-10.0,-1.104535069875881,ok,ok,True
2015-01-15 15:30:00+00:00,2015-01-15 Thu 10:30,2015-01-15,-236.0,-224.0,-131.0,-12.0,-1.3250180094886024,ok,diff -1.000,True
2015-01-22 15:30:00+00:00,2015-01-22 Thu 10:30,2015-01-22,-216.0,-227.0,-236.0,11.0,1.2128205631695033,ok,diff +1.000,True
2015-01-29 15:30:00+00:00,2015-01-29 Thu 10:30,2015-01-29,-94.0,-113.0,-216.0,19.0,2.092153198145741,ok,ok,True
2015-02-05 15:30:00+00:00,2015-02-05 Thu 10:30,2015-02-05,-115.0,-121.0,-94.0,6.0,0.6555003694224808,ok,ok,True
2015-02-12 15:30:00+00:00,2015-02-12 Thu 10:30,2015-02-12,-160.0,-168.0,-115.0,8.0,0.8750468834891657,ok,ok,True
2015-02-19 15:30:00+00:00,2015-02-19 Thu 10:30,2015-02-19,-111.0,-108.0,-160.0,-3.0,-0.32828261598665837,ok,diff -1.000,True
2015-02-26 15:30:00+00:00,2015-02-26 Thu 10:30,2015-02-26,-219.0,-241.0,-111.0,22.0,2.412271929702837,ok,diff +1.000,True
2015-03-05 15:30:00+00:00,2015-03-05 Thu 10:30,2015-03-05,-228.0,-222.0,-219.0,-6.0,-0.6508627224538698,ok,diff +1.000,True
2015-03-12 14:30:00+00:00,2015-03-12 Thu 10:30,2015-03-12,-198.0,-191.0,-228.0,-7.0,-0.760336624128952,ok,ok,True
2015-03-19 14:30:00+00:00,2015-03-19 Thu 10:30,2015-03-19,-45.0,-48.0,-198.0,3.0,0.32617914536894366,ok,diff -2.000,True
2015-03-26 14:30:00+00:00,2015-03-26 Thu 10:30,2015-03-26,12.0,6.0,-45.0,6.0,0.6536173245737223,ok,diff +1.000,True
2015-04-02 14:30:00+00:00,2015-04-02 Thu 10:30,2015-04-02,-18.0,-10.0,12.0,-8.0,-0.8725365245704614,ok,ok,True
2015-04-09 14:30:00+00:00,2015-04-09 Thu 10:30,2015-04-09,15.0,11.0,-18.0,4.0,0.43652078065840333,ok,ok,True
2015-04-16 14:30:00+00:00,2015-04-16 Thu 10:30,2015-04-16,63.0,53.0,15.0,10.0,1.0931741666246573,ok,ok,True
2015-04-23 14:30:00+00:00,2015-04-23 Thu 10:30,2015-04-23,90.0,88.0,63.0,2.0,0.2185289052836805,ok,diff +1.000,True
2015-04-30 14:30:00+00:00,2015-04-30 Thu 10:30,2015-04-30,81.0,85.0,90.0,-4.0,-0.4379451106398068,ok,diff -2.000,True
2015-05-07 14:30:00+00:00,2015-05-07 Thu 10:30,2015-05-07,76.0,75.0,81.0,1.0,0.10967738745815887,ok,diff +2.000,True
2015-05-14 14:30:00+00:00,2015-05-14 Thu 10:30,2015-05-14,111.0,116.0,76.0,-5.0,-0.549535086324631,ok,diff -1.000,True
2015-05-21 14:30:00+00:00,2015-05-21 Thu 10:30,2015-05-21,92.0,97.0,111.0,-5.0,-0.5503627988666675,ok,ok,True
2015-05-28 14:30:00+00:00,2015-05-28 Thu 10:30,2015-05-28,112.0,99.0,92.0,13.0,1.4330941672967374,ok,ok,True
2015-06-04 14:30:00+00:00,2015-06-04 Thu 10:30,2015-06-04,132.0,121.0,112.0,11.0,1.2098551561463362,ok,ok,True
2015-06-11 14:30:00+00:00,2015-06-11 Thu 10:30,2015-06-11,111.0,112.0,132.0,-1.0,-0.10987628254487591,ok,ok,True
2015-06-18 14:30:00+00:00,2015-06-18 Thu 10:30,2015-06-18,89.0,93.0,111.0,-4.0,-0.4404098541076885,ok,ok,True
2015-06-25 14:30:00+00:00,2015-06-25 Thu 10:30,2015-06-25,75.0,77.0,89.0,-2.0,-0.22057528984483826,ok,diff +2.000,True
2015-07-02 14:30:00+00:00,2015-07-02 Thu 10:30,2015-07-02,69.0,70.0,75.0,-1.0,-0.11050497509030045,ok,diff -4.000,True
2015-07-09 14:30:00+00:00,2015-07-09 Thu 10:30,2015-07-09,91.0,86.0,69.0,5.0,0.5536488101105596,ok,diff +4.000,True
2015-07-16 14:30:00+00:00,2015-07-16 Thu 10:30,2015-07-16,99.0,95.0,91.0,4.0,0.44353923208420043,ok,diff +1.000,True
2015-07-23 14:30:00+00:00,2015-07-23 Thu 10:30,2015-07-23,61.0,70.0,99.0,-9.0,-0.9995859713773233,ok,diff +2.000,True
2015-07-30 14:30:00+00:00,2015-07-30 Thu 10:30,2015-07-30,52.0,54.0,61.0,-2.0,-0.22213681751963413,ok,diff +3.000,True
2015-08-06 14:30:00+00:00,2015-08-06 Thu 10:30,2015-08-06,32.0,42.0,52.0,-10.0,-1.1128282059648982,ok,diff -6.000,True
2015-08-13 14:30:00+00:00,2015-08-13 Thu 10:30,2015-08-13,65.0,55.0,32.0,10.0,1.1123553683599567,ok,ok,True
2015-08-20 14:30:00+00:00,2015-08-20 Thu 10:30,2015-08-20,53.0,58.0,65.0,-5.0,-0.5558840811219425,ok,diff +1.000,True
2015-08-27 14:30:00+00:00,2015-08-27 Thu 10:30,2015-08-27,69.0,59.0,53.0,10.0,1.1133281702357514,ok,diff +2.000,True
2015-09-03 14:30:00+00:00,2015-09-03 Thu 10:30,2015-09-03,94.0,88.0,69.0,6.0,0.667650981823203,ok,diff -2.000,True
2015-09-10 14:30:00+00:00,2015-09-10 Thu 10:30,2015-09-10,68.0,75.0,94.0,-7.0,-0.7797680045735607,ok,diff -4.000,True
2015-09-17 14:30:00+00:00,2015-09-17 Thu 10:30,2015-09-17,73.0,73.0,68.0,0.0,0.0,ok,diff -1.000,True
2015-09-24 14:30:00+00:00,2015-09-24 Thu 10:30,2015-09-24,106.0,96.0,73.0,10.0,1.1170287216831318,ok,diff +1.000,True
2015-10-01 14:30:00+00:00,2015-10-01 Thu 10:30,2015-10-01,98.0,100.0,106.0,-2.0,-0.22329219171300163,ok,diff +2.000,True
2015-10-08 14:30:00+00:00,2015-10-08 Thu 10:30,2015-10-08,95.0,98.0,98.0,-3.0,-0.3355602824074438,ok,diff -2.000,True
2015-10-15 14:30:00+00:00,2015-10-15 Thu 10:30,2015-10-15,100.0,93.0,95.0,7.0,0.784329063273751,ok,diff +3.000,True
2015-10-22 14:30:00+00:00,2015-10-22 Thu 10:30,2015-10-22,81.0,88.0,100.0,-7.0,-0.7849026067309011,ok,diff -1.000,True
2015-10-29 14:30:00+00:00,2015-10-29 Thu 10:30,2015-10-29,63.0,69.0,81.0,-6.0,-0.6732792369847431,ok,diff +1.000,True
2015-11-05 15:30:00+00:00,2015-11-05 Thu 10:30,2015-11-05,52.0,60.0,63.0,-8.0,-0.8986631694767971,ok,diff -4.000,True
2015-11-13 15:30:00+00:00,2015-11-13 Fri 10:30,2015-11-13,49.0,51.0,52.0,-2.0,-0.22475588218251846,holiday_shift,diff -5.000,True
2015-11-19 15:30:00+00:00,2015-11-19 Thu 10:30,2015-11-19,15.0,18.0,49.0,-3.0,-0.3377474049161522,ok,ok,True
2015-11-25 17:00:00+00:00,2015-11-25 Wed 12:00,2015-11-25,9.0,5.0,15.0,4.0,0.4510947574812584,holiday_shift,ok,True
2015-12-03 15:30:00+00:00,2015-12-03 Thu 10:30,2015-12-03,-53.0,-51.0,9.0,-2.0,-0.2258821258041046,ok,ok,True
2015-12-10 15:30:00+00:00,2015-12-10 Thu 10:30,2015-12-10,-76.0,-64.0,-53.0,-12.0,-1.3577306363434951,ok,ok,True
2015-12-17 15:30:00+00:00,2015-12-17 Thu 10:30,2015-12-17,-34.0,-40.0,-76.0,6.0,0.677847631774672,ok,ok,True
2015-12-24 15:30:00+00:00,2015-12-24 Thu 10:30,2015-12-24,-32.0,-25.0,-34.0,-7.0,-0.7915876190166469,ok,ok,True
2015-12-31 15:30:00+00:00,2015-12-31 Thu 10:30,2015-12-31,-58.0,-57.0,-32.0,-1.0,-0.11316798034180024,ok,ok,True
2016-01-07 15:30:00+00:00,2016-01-07 Thu 10:30,2016-01-07,-113.0,-99.0,-58.0,-14.0,-1.587267275569404,ok,ok,True
2016-01-14 15:30:00+00:00,2016-01-14 Thu 10:30,2016-01-14,-168.0,-178.0,-113.0,10.0,1.1307366175223388,ok,ok,True
2016-01-21 15:30:00+00:00,2016-01-21 Thu 10:30,2016-01-21,-178.0,-184.0,-168.0,6.0,0.6780322979743404,ok,ok,True
2016-01-28 15:30:00+00:00,2016-01-28 Thu 10:30,2016-01-28,-211.0,-207.0,-178.0,-4.0,-0.45244825376383063,ok,ok,True
2016-02-04 15:30:00+00:00,2016-02-04 Thu 10:30,2016-02-04,-152.0,-158.0,-211.0,6.0,0.6796794589121086,ok,ok,True
2016-02-11 15:30:00+00:00,2016-02-11 Thu 10:30,2016-02-11,-70.0,-82.0,-152.0,12.0,1.3606303088456277,ok,ok,True
2016-02-18 15:30:00+00:00,2016-02-18 Thu 10:30,2016-02-18,-158.0,-154.0,-70.0,-4.0,-0.4528143876368366,ok,diff +5.000,True
2016-02-25 15:30:00+00:00,2016-02-25 Thu 10:30,2016-02-25,-117.0,-139.0,-158.0,22.0,2.494109903354965,ok,ok,True
2016-03-03 15:30:00+00:00,2016-03-03 Thu 10:30,2016-03-03,-48.0,-41.0,-117.0,-7.0,-0.7861730900292583,ok,ok,True
2016-03-10 15:30:00+00:00,2016-03-10 Thu 10:30,2016-03-10,-57.0,-57.0,-48.0,0.0,0.0,ok,ok,True
2016-03-17 14:30:00+00:00,2016-03-17 Thu 10:30,2016-03-17,-1.0,-2.0,-57.0,1.0,0.11259033173668792,ok,ok,True
2016-03-24 14:30:00+00:00,2016-03-24 Thu 10:30,2016-03-24,15.0,20.0,-1.0,-5.0,-0.5639417274801547,ok,ok,True
2016-03-31 14:30:00+00:00,2016-03-31 Thu 10:30,2016-03-31,-25.0,-22.0,15.0,-3.0,-0.33877990239147765,ok,ok,True
2016-04-07 14:30:00+00:00,2016-04-07 Thu 10:30,2016-04-07,12.0,8.0,-25.0,4.0,0.4524194751648191,ok,ok,True
2016-04-14 14:30:00+00:00,2016-04-14 Thu 10:30,2016-04-14,-3.0,,12.0,,,ok,ok,True
2016-04-21 14:30:00+00:00,2016-04-21 Thu 10:30,2016-04-21,7.0,4.0,-3.0,3.0,0.33978592291780896,ok,ok,True
2016-04-28 14:30:00+00:00,2016-04-28 Thu 10:30,2016-04-28,73.0,70.0,7.0,3.0,0.34031142546185833,ok,ok,True
2016-05-05 14:30:00+00:00,2016-05-05 Thu 10:30,2016-05-05,68.0,64.0,73.0,4.0,0.45444823561676734,ok,ok,True
2016-05-12 14:30:00+00:00,2016-05-12 Thu 10:30,2016-05-12,56.0,58.0,68.0,-2.0,-0.22753715456079854,ok,ok,True
2016-05-19 14:30:00+00:00,2016-05-19 Thu 10:30,2016-05-19,73.0,78.0,56.0,-5.0,-0.5697835901200611,ok,ok,True
2016-05-26 14:30:00+00:00,2016-05-26 Thu 10:30,2016-05-26,71.0,68.0,73.0,3.0,0.34227414417100493,ok,ok,True
2016-06-02 14:30:00+00:00,2016-06-02 Thu 10:30,2016-06-02,82.0,85.0,71.0,-3.0,-0.34279383756705367,ok,ok,True
2016-06-09 14:30:00+00:00,2016-06-09 Thu 10:30,2016-06-09,65.0,78.0,82.0,-13.0,-1.4877080709163288,ok,ok,True
2016-06-16 14:30:00+00:00,2016-06-16 Thu 10:30,2016-06-16,69.0,64.0,65.0,5.0,0.5710369035185915,ok,ok,True
2016-06-23 14:30:00+00:00,2016-06-23 Thu 10:30,2016-06-23,62.0,58.0,69.0,4.0,0.4573461476310023,ok,ok,True
2016-06-30 14:30:00+00:00,2016-06-30 Thu 10:30,2016-06-30,37.0,45.0,62.0,-8.0,-0.915912121766553,ok,ok,True
2016-07-07 14:30:00+00:00,2016-07-07 Thu 10:30,2016-07-07,39.0,43.0,37.0,-4.0,-0.4580948706381653,ok,ok,True
2016-07-14 14:30:00+00:00,2016-07-14 Thu 10:30,2016-07-14,64.0,59.0,39.0,5.0,0.5733949166141789,ok,ok,True
2016-07-21 14:30:00+00:00,2016-07-21 Thu 10:30,2016-07-21,34.0,39.0,64.0,-5.0,-0.5740307577918202,ok,ok,True
2016-07-28 14:30:00+00:00,2016-07-28 Thu 10:30,2016-07-28,17.0,26.0,34.0,-9.0,-1.0344429086444378,ok,ok,True
2016-08-04 14:30:00+00:00,2016-08-04 Thu 10:30,2016-08-04,-6.0,2.0,17.0,-8.0,-0.9194425271097275,ok,ok,True
2016-08-11 14:30:00+00:00,2016-08-11 Thu 10:30,2016-08-11,29.0,25.0,-6.0,4.0,0.4598643540374319,ok,ok,True
2016-08-18 14:30:00+00:00,2016-08-18 Thu 10:30,2016-08-18,22.0,27.0,29.0,-5.0,-0.5755684035670349,ok,ok,True
2016-08-25 14:30:00+00:00,2016-08-25 Thu 10:30,2016-08-25,11.0,18.0,22.0,-7.0,-0.8067173719248099,ok,ok,True
2016-09-01 14:30:00+00:00,2016-09-01 Thu 10:30,2016-09-01,51.0,41.0,11.0,10.0,1.1531808579858012,ok,ok,True
2016-09-08 14:30:00+00:00,2016-09-08 Thu 10:30,2016-09-08,36.0,43.0,51.0,-7.0,-0.8067271609002852,ok,ok,True
2016-09-15 14:30:00+00:00,2016-09-15 Thu 10:30,2016-09-15,62.0,63.0,36.0,-1.0,-0.11531862740695491,ok,ok,True
2016-09-22 14:30:00+00:00,2016-09-22 Thu 10:30,2016-09-22,52.0,52.0,62.0,0.0,0.0,ok,ok,True
2016-09-29 14:30:00+00:00,2016-09-29 Thu 10:30,2016-09-29,49.0,55.0,52.0,-6.0,-0.6941659700453062,ok,ok,True
2016-10-06 14:30:00+00:00,2016-10-06 Thu 10:30,2016-10-06,80.0,70.0,49.0,10.0,1.1579745684084484,ok,ok,True
2016-10-13 14:30:00+00:00,2016-10-13 Thu 10:30,2016-10-13,79.0,87.0,80.0,-8.0,-0.9257944710579439,ok,ok,True
2016-10-20 14:30:00+00:00,2016-10-20 Thu 10:30,2016-10-20,77.0,73.0,79.0,4.0,0.46303251460333006,ok,ok,True
2016-10-27 14:30:00+00:00,2016-10-27 Thu 10:30,2016-10-27,73.0,73.0,77.0,0.0,0.0,ok,ok,True
2016-11-03 14:30:00+00:00,2016-11-03 Thu 10:30,2016-11-03,54.0,56.0,73.0,-2.0,-0.23217380321941392,ok,ok,True
2016-11-10 15:30:00+00:00,2016-11-10 Thu 10:30,2016-11-10,54.0,53.0,54.0,1.0,0.11626448926998878,ok,ok,True
2016-11-17 15:30:00+00:00,2016-11-17 Thu 10:30,2016-11-17,30.0,31.0,54.0,-1.0,-0.11644654926725365,ok,ok,True
2016-11-23 17:00:00+00:00,2016-11-23 Wed 12:00,2016-11-23,-2.0,5.0,30.0,-7.0,-0.8164109961610623,holiday_shift,ok,True
2016-12-01 15:30:00+00:00,2016-12-01 Thu 10:30,2016-12-01,-50.0,-53.0,-2.0,3.0,0.3500954268900757,ok,ok,True
2016-12-08 15:30:00+00:00,2016-12-08 Thu 10:30,2016-12-08,-42.0,-43.0,-50.0,1.0,0.11685719695083037,ok,ok,True
2016-12-15 15:30:00+00:00,2016-12-15 Thu 10:30,2016-12-15,-147.0,-128.0,-42.0,-19.0,-2.223717836149319,ok,ok,True
2016-12-22 15:30:00+00:00,2016-12-22 Thu 10:30,2016-12-22,-209.0,-201.0,-147.0,-8.0,-0.9307305381747751,ok,ok,True
2016-12-29 15:30:00+00:00,2016-12-29 Thu 10:30,2016-12-29,-237.0,-222.0,-209.0,-15.0,-1.7456368947319618,ok,ok,True
2017-01-05 15:30:00+00:00,2017-01-05 Thu 10:30,2017-01-05,-49.0,-82.0,-237.0,33.0,3.8289211129788736,ok,ok,True
2017-01-12 15:30:00+00:00,2017-01-12 Thu 10:30,2017-01-12,-151.0,-144.0,-49.0,-7.0,-0.7952130155197104,ok,ok,True
2017-01-19 15:30:00+00:00,2017-01-19 Thu 10:30,2017-01-19,-243.0,-231.0,-151.0,-12.0,-1.3640841505682033,ok,ok,True
2017-01-26 15:30:00+00:00,2017-01-26 Thu 10:30,2017-01-26,-119.0,-117.0,-243.0,-2.0,-0.2270734050766846,ok,ok,True
2017-02-02 15:30:00+00:00,2017-02-02 Thu 10:30,2017-02-02,-87.0,-88.0,-119.0,1.0,0.11370505975145558,ok,ok,True
2017-02-09 15:00:00+00:00,2017-02-09 Thu 10:00,2017-02-09,-152.0,-153.0,-87.0,1.0,0.11387616156063825,unexplained,ok,False
2017-02-16 15:30:00+00:00,2017-02-16 Thu 10:30,2017-02-16,-114.0,-124.0,-152.0,10.0,1.1404700707725117,ok,ok,True
2017-02-23 15:30:00+00:00,2017-02-23 Thu 10:30,2017-02-23,-89.0,-85.0,-114.0,-4.0,-0.45593230254350925,ok,ok,True
2017-03-02 15:30:00+00:00,2017-03-02 Thu 10:30,2017-03-02,7.0,-4.0,-89.0,11.0,1.2553733155784266,ok,ok,True
2017-03-09 15:30:00+00:00,2017-03-09 Thu 10:30,2017-03-09,-68.0,-61.0,7.0,-7.0,-0.7980957126055084,ok,ok,True
2017-03-16 14:30:00+00:00,2017-03-16 Thu 10:30,2017-03-16,-53.0,-56.0,-68.0,3.0,0.3422498536217351,ok,ok,True
2017-03-23 14:30:00+00:00,2017-03-23 Thu 10:30,2017-03-23,-150.0,-150.0,-53.0,0.0,0.0,ok,ok,True
2017-03-30 14:30:00+00:00,2017-03-30 Thu 10:30,2017-03-30,-43.0,-42.0,-150.0,-1.0,-0.11440380313487465,ok,ok,True
2017-04-06 14:30:00+00:00,2017-04-06 Thu 10:30,2017-04-06,2.0,7.0,-43.0,-5.0,-0.572870561801787,ok,ok,True
2017-04-13 14:30:00+00:00,2017-04-13 Thu 10:30,2017-04-13,10.0,9.0,2.0,1.0,0.1146943798871358,ok,ok,True
2017-04-20 14:30:00+00:00,2017-04-20 Thu 10:30,2017-04-20,54.0,48.0,10.0,6.0,0.6891717486168278,ok,ok,True
2017-04-27 14:30:00+00:00,2017-04-27 Thu 10:30,2017-04-27,74.0,72.0,54.0,2.0,0.2298903389958365,ok,ok,True
2017-05-04 14:30:00+00:00,2017-05-04 Thu 10:30,2017-05-04,67.0,61.0,74.0,6.0,0.6906268740004775,ok,ok,True
2017-05-11 14:30:00+00:00,2017-05-11 Thu 10:30,2017-05-11,45.0,53.0,67.0,-8.0,-0.9215016318800464,ok,ok,True
2017-05-18 14:30:00+00:00,2017-05-18 Thu 10:30,2017-05-18,68.0,61.0,45.0,7.0,0.8065446830190219,ok,ok,True
2017-05-25 14:30:00+00:00,2017-05-25 Thu 10:30,2017-05-25,75.0,71.0,68.0,4.0,0.4610923032246565,ok,ok,True
2017-06-01 14:30:00+00:00,2017-06-01 Thu 10:30,2017-06-01,81.0,78.0,75.0,3.0,0.3462073669506455,ok,ok,True
2017-06-08 14:30:00+00:00,2017-06-08 Thu 10:30,2017-06-08,106.0,98.0,81.0,8.0,0.9243861862324928,ok,ok,True
2017-06-15 14:30:00+00:00,2017-06-15 Thu 10:30,2017-06-15,78.0,86.0,106.0,-8.0,-0.9245337436819429,ok,ok,True
2017-06-22 14:30:00+00:00,2017-06-22 Thu 10:30,2017-06-22,61.0,58.0,78.0,3.0,0.3467906963906432,ok,ok,True
2017-06-29 14:30:00+00:00,2017-06-29 Thu 10:30,2017-06-29,46.0,52.0,61.0,-6.0,-0.6944505763163912,ok,ok,True
2017-07-07 14:30:00+00:00,2017-07-07 Fri 10:30,2017-07-07,72.0,64.0,46.0,8.0,0.9266628244870314,holiday_shift,diff +10.000,True
2017-07-13 14:30:00+00:00,2017-07-13 Thu 10:30,2017-07-13,57.0,59.0,72.0,-2.0,-0.23170030943875805,ok,diff -1.000,True
2017-07-20 14:30:00+00:00,2017-07-20 Thu 10:30,2017-07-20,28.0,32.0,57.0,-4.0,-0.464035754323712,ok,diff +1.000,True
2017-07-27 14:30:00+00:00,2017-07-27 Thu 10:30,2017-07-27,17.0,24.0,28.0,-7.0,-0.8129953861873942,ok,ok,True
2017-08-03 14:30:00+00:00,2017-08-03 Thu 10:30,2017-08-03,20.0,21.0,17.0,-1.0,-0.11620408394889206,ok,diff +1.000,True
2017-08-10 14:30:00+00:00,2017-08-10 Thu 10:30,2017-08-10,28.0,38.0,20.0,-10.0,-1.1636805634483363,ok,diff -2.000,True
2017-08-17 14:30:00+00:00,2017-08-17 Thu 10:30,2017-08-17,53.0,47.0,28.0,6.0,0.6979145007129903,ok,ok,True
2017-08-24 14:30:00+00:00,2017-08-24 Thu 10:30,2017-08-24,43.0,45.0,53.0,-2.0,-0.2327950637575466,ok,ok,True
2017-08-31 14:30:00+00:00,2017-08-31 Thu 10:30,2017-08-31,30.0,32.0,43.0,-2.0,-0.2331093614765682,ok,ok,True
2017-09-07 14:30:00+00:00,2017-09-07 Thu 10:30,2017-09-07,65.0,64.0,30.0,1.0,0.11671161962540587,ok,ok,True
2017-09-14 14:30:00+00:00,2017-09-14 Thu 10:30,2017-09-14,91.0,85.0,65.0,6.0,0.7012326905391622,ok,ok,True
2017-09-21 14:30:00+00:00,2017-09-21 Thu 10:30,2017-09-21,97.0,91.0,91.0,6.0,0.7016972349043166,ok,ok,True
2017-09-28 14:30:00+00:00,2017-09-28 Thu 10:30,2017-09-28,58.0,66.0,97.0,-8.0,-0.9362172988580336,ok,ok,True
2017-10-05 14:30:00+00:00,2017-10-05 Thu 10:30,2017-10-05,42.0,51.0,58.0,-9.0,-1.0534858171304906,ok,ok,True
2017-10-12 14:30:00+00:00,2017-10-12 Thu 10:30,2017-10-12,87.0,82.0,42.0,5.0,0.585223219717614,ok,ok,True
2017-10-19 14:30:00+00:00,2017-10-19 Thu 10:30,2017-10-19,51.0,55.0,87.0,-4.0,-0.4685844329517261,ok,diff +1.000,True
2017-10-26 14:30:00+00:00,2017-10-26 Thu 10:30,2017-10-26,64.0,65.0,51.0,-1.0,-0.11727599790613212,ok,diff -1.000,True
2017-11-02 14:30:00+00:00,2017-11-02 Thu 10:30,2017-11-02,65.0,62.0,64.0,3.0,0.352308248701159,ok,ok,True
2017-11-09 15:30:00+00:00,2017-11-09 Thu 10:30,2017-11-09,15.0,15.0,65.0,0.0,0.0,ok,ok,True
2017-11-16 15:30:00+00:00,2017-11-16 Thu 10:30,2017-11-16,-18.0,-14.0,15.0,-4.0,-0.4709401489244067,ok,ok,True
2017-11-22 17:00:00+00:00,2017-11-22 Wed 12:00,2017-11-22,-46.0,-51.0,-18.0,5.0,0.5893194406063413,holiday_shift,ok,True
2017-11-30 15:30:00+00:00,2017-11-30 Thu 10:30,2017-11-30,-33.0,-37.0,-46.0,4.0,0.4718542914503412,ok,ok,True
2017-12-07 15:30:00+00:00,2017-12-07 Thu 10:30,2017-12-07,2.0,-7.0,-33.0,9.0,1.0627583184844829,ok,ok,True
2017-12-14 15:30:00+00:00,2017-12-14 Thu 10:30,2017-12-14,-69.0,-60.0,2.0,-9.0,-1.0625041665144623,ok,ok,True
2017-12-21 15:30:00+00:00,2017-12-21 Thu 10:30,2017-12-21,-182.0,-170.0,-69.0,-12.0,-1.4165147871843766,ok,ok,True
2017-12-28 15:30:00+00:00,2017-12-28 Thu 10:30,2017-12-28,-112.0,-113.0,-182.0,1.0,0.11789477752012703,ok,ok,True
2018-01-04 15:30:00+00:00,2018-01-04 Thu 10:30,2018-01-04,-206.0,-221.0,-112.0,15.0,1.7707470196500752,ok,ok,True
2018-01-11 15:30:00+00:00,2018-01-11 Thu 10:30,2018-01-11,-359.0,-318.0,-206.0,-41.0,-4.825723570121564,ok,ok,True
2018-01-18 15:30:00+00:00,2018-01-18 Thu 10:30,2018-01-18,-183.0,-199.0,-359.0,16.0,1.8302521433855914,ok,ok,True
2018-01-25 15:30:00+00:00,2018-01-25 Thu 10:30,2018-01-25,-288.0,-272.0,-183.0,-16.0,-1.8242811820702405,ok,ok,True
2018-02-01 15:30:00+00:00,2018-02-01 Thu 10:30,2018-02-01,-99.0,-104.0,-288.0,5.0,0.5684201328298748,ok,ok,True
2018-02-08 15:30:00+00:00,2018-02-08 Thu 10:30,2018-02-08,-119.0,-116.0,-99.0,-3.0,-0.34134062006771454,ok,ok,True
2018-02-15 15:30:00+00:00,2018-02-15 Thu 10:30,2018-02-15,-194.0,-183.0,-119.0,-11.0,-1.253078348029566,ok,ok,True
2018-02-22 15:30:00+00:00,2018-02-22 Thu 10:30,2018-02-22,-124.0,-121.0,-194.0,-3.0,-0.34153054710819564,ok,ok,True
2018-03-01 15:30:00+00:00,2018-03-01 Thu 10:30,2018-03-01,-78.0,-77.0,-124.0,-1.0,-0.11397923595714979,ok,ok,True
2018-03-08 15:30:00+00:00,2018-03-08 Thu 10:30,2018-03-08,-57.0,-58.0,-78.0,1.0,0.11412782486560777,ok,ok,True
2018-03-15 14:30:00+00:00,2018-03-15 Thu 10:30,2018-03-15,-93.0,-96.0,-57.0,3.0,0.3428211126385814,ok,ok,True
2018-03-22 14:30:00+00:00,2018-03-22 Thu 10:30,2018-03-22,-86.0,-87.0,-93.0,1.0,0.11440134648453365,ok,ok,True
2018-03-29 14:30:00+00:00,2018-03-29 Thu 10:30,2018-03-29,-63.0,-75.0,-86.0,12.0,1.3745623195953227,ok,ok,True
2018-04-05 14:30:00+00:00,2018-04-05 Thu 10:30,2018-04-05,-29.0,-29.0,-63.0,0.0,0.0,ok,ok,True
2018-04-12 14:30:00+00:00,2018-04-12 Thu 10:30,2018-04-12,-19.0,-11.0,-29.0,-8.0,-0.9163942799803179,ok,ok,True
2018-04-19 14:30:00+00:00,2018-04-19 Thu 10:30,2018-04-19,-36.0,-23.0,-19.0,-13.0,-1.489561398972492,ok,ok,True
2018-04-26 14:30:00+00:00,2018-04-26 Thu 10:30,2018-04-26,-18.0,-11.0,-36.0,-7.0,-0.8009259335649885,ok,ok,True
2018-05-03 14:30:00+00:00,2018-05-03 Thu 10:30,2018-05-03,62.0,47.0,-18.0,15.0,1.7171919984528365,ok,ok,True
2018-05-10 14:30:00+00:00,2018-05-10 Thu 10:30,2018-05-10,89.0,81.0,62.0,8.0,0.9134115336480311,ok,ok,True
2018-05-17 14:30:00+00:00,2018-05-17 Thu 10:30,2018-05-17,106.0,105.0,89.0,1.0,0.1141914296147237,ok,ok,True
2018-05-24 14:30:00+00:00,2018-05-24 Thu 10:30,2018-05-24,91.0,92.0,106.0,-1.0,-0.1143338572331971,ok,ok,True
2018-05-31 14:30:00+00:00,2018-05-31 Thu 10:30,2018-05-31,96.0,100.0,91.0,-4.0,-0.4579129918456843,ok,ok,True
2018-06-07 14:30:00+00:00,2018-06-07 Thu 10:30,2018-06-07,92.0,87.0,96.0,5.0,0.5729858918130714,ok,ok,True
2018-06-14 14:30:00+00:00,2018-06-14 Thu 10:30,2018-06-14,96.0,87.0,92.0,9.0,1.032199936719028,ok,ok,True
2018-06-21 14:30:00+00:00,2018-06-21 Thu 10:30,2018-06-21,91.0,85.0,96.0,6.0,0.688020810228294,ok,diff -4.000,True
2018-06-28 14:30:00+00:00,2018-06-28 Thu 10:30,2018-06-28,66.0,73.0,91.0,-7.0,-0.8031821008032952,ok,ok,True
2018-07-06 14:30:00+00:00,2018-07-06 Fri 10:30,2018-07-06,78.0,75.0,66.0,3.0,0.3443935661877065,holiday_shift,ok,True
2018-07-12 14:30:00+00:00,2018-07-12 Thu 10:30,2018-07-12,51.0,55.0,78.0,-4.0,-0.4596861417976401,ok,ok,True
2018-07-19 14:30:00+00:00,2018-07-19 Thu 10:30,2018-07-19,46.0,58.0,51.0,-12.0,-1.380461421255931,ok,diff +1.000,True
2018-07-26 14:30:00+00:00,2018-07-26 Thu 10:30,2018-07-26,24.0,36.0,46.0,-12.0,-1.3790558708904148,ok,ok,True
2018-08-02 14:30:00+00:00,2018-08-02 Thu 10:30,2018-08-02,35.0,39.0,24.0,-4.0,-0.45922562855370685,ok,diff +2.000,True
2018-08-09 14:30:00+00:00,2018-08-09 Thu 10:30,2018-08-09,46.0,49.0,35.0,-3.0,-0.34476998921960444,ok,diff -2.000,True
2018-08-16 14:30:00+00:00,2018-08-16 Thu 10:30,2018-08-16,33.0,31.0,46.0,2.0,0.23010411986932872,ok,ok,True
2018-08-23 14:30:00+00:00,2018-08-23 Thu 10:30,2018-08-23,48.0,48.0,33.0,0.0,0.0,ok,diff -1.000,True
2018-08-30 14:30:00+00:00,2018-08-30 Thu 10:30,2018-08-30,70.0,64.0,48.0,6.0,0.6919521632703685,ok,diff +1.000,True
2018-09-06 14:30:00+00:00,2018-09-06 Thu 10:30,2018-09-06,63.0,62.0,70.0,1.0,0.11539171062120024,ok,ok,True
2018-09-13 14:30:00+00:00,2018-09-13 Thu 10:30,2018-09-13,69.0,68.0,63.0,1.0,0.11552980573410136,ok,ok,True
2018-09-20 14:30:00+00:00,2018-09-20 Thu 10:30,2018-09-20,86.0,84.0,69.0,2.0,0.23133547259329273,ok,ok,True
2018-09-27 14:30:00+00:00,2018-09-27 Thu 10:30,2018-09-27,46.0,64.0,86.0,-18.0,-2.0843766485649664,ok,ok,True
2018-10-04 14:30:00+00:00,2018-10-04 Thu 10:30,2018-10-04,98.0,88.0,46.0,10.0,1.1535277842576088,ok,ok,True
2018-10-11 14:30:00+00:00,2018-10-11 Thu 10:30,2018-10-11,90.0,91.0,98.0,-1.0,-0.11529422545584038,ok,ok,True
2018-10-18 14:30:00+00:00,2018-10-18 Thu 10:30,2018-10-18,81.0,82.0,90.0,-1.0,-0.11543285651333807,ok,ok,True
2018-10-25 14:30:00+00:00,2018-10-25 Thu 10:30,2018-10-25,58.0,51.0,81.0,7.0,0.8089992490641456,ok,ok,True
2018-11-01 14:30:00+00:00,2018-11-01 Thu 10:30,2018-11-01,48.0,50.0,58.0,-2.0,-0.23122216302640464,ok,ok,True
2018-11-08 15:30:00+00:00,2018-11-08 Thu 10:30,2018-11-08,65.0,58.0,48.0,7.0,0.8102122462426785,ok,ok,True
2018-11-15 15:30:00+00:00,2018-11-15 Thu 10:30,2018-11-15,39.0,33.0,65.0,6.0,0.6947058194869672,ok,ok,True
2018-11-21 17:00:00+00:00,2018-11-21 Wed 12:00,2018-11-21,-134.0,-105.0,39.0,-29.0,-3.3596339009968217,holiday_shift,ok,True
2018-11-29 15:30:00+00:00,2018-11-29 Thu 10:30,2018-11-29,-59.0,-77.0,-134.0,18.0,2.0607831172004714,ok,ok,True
2018-12-07 15:30:00+00:00,2018-12-07 Fri 10:30,2018-12-07,-63.0,-64.0,-59.0,1.0,0.11402852215560857,unexplained,ok,False
2018-12-13 15:30:00+00:00,2018-12-13 Thu 10:30,2018-12-13,-77.0,-84.0,-63.0,7.0,0.7991263131414128,ok,ok,True
2018-12-20 15:30:00+00:00,2018-12-20 Thu 10:30,2018-12-20,-141.0,-132.0,-77.0,-9.0,-1.0278223527018218,ok,ok,True
2018-12-28 15:30:00+00:00,2018-12-28 Fri 10:30,2018-12-28,-48.0,-52.0,-141.0,4.0,0.45681545055146877,holiday_shift,ok,True
2019-01-04 15:30:00+00:00,2019-01-04 Fri 10:30,2019-01-04,-20.0,-47.0,-48.0,27.0,3.0862633422025314,holiday_shift,ok,True
2019-01-10 15:30:00+00:00,2019-01-10 Thu 10:30,2019-01-10,-91.0,-76.0,-20.0,-15.0,-1.6973325405299158,ok,ok,True
2019-01-17 15:30:00+00:00,2019-01-17 Thu 10:30,2019-01-17,-81.0,-73.0,-91.0,-8.0,-0.9033539342793764,ok,ok,True
2019-01-24 15:30:00+00:00,2019-01-24 Thu 10:30,2019-01-24,-163.0,-145.0,-81.0,-18.0,-2.033111199915396,ok,ok,True
2019-01-31 15:30:00+00:00,2019-01-31 Thu 10:30,2019-01-31,-173.0,-189.0,-163.0,16.0,1.8009285663137693,ok,ok,True
2019-02-07 15:30:00+00:00,2019-02-07 Thu 10:30,2019-02-07,-237.0,-245.0,-173.0,8.0,0.8979971671514999,ok,ok,True
2019-02-14 15:30:00+00:00,2019-02-14 Thu 10:30,2019-02-14,-78.0,-79.0,-237.0,1.0,0.11226762192321321,ok,ok,True
2019-02-21 15:30:00+00:00,2019-02-21 Thu 10:30,2019-02-21,-177.0,-162.0,-78.0,-15.0,-1.6859276666211134,ok,ok,True
2019-02-28 15:30:00+00:00,2019-02-28 Thu 10:30,2019-02-28,-166.0,-171.0,-177.0,5.0,0.5608508825175865,ok,ok,True
2019-03-07 15:30:00+00:00,2019-03-07 Thu 10:30,2019-03-07,-149.0,-141.0,-166.0,-8.0,-0.8980324561282939,ok,ok,True
2019-03-14 14:30:00+00:00,2019-03-14 Thu 10:30,2019-03-14,-204.0,-208.0,-149.0,4.0,0.4491457317670937,ok,diff -4.000,True
2019-03-21 14:30:00+00:00,2019-03-21 Thu 10:30,2019-03-21,-47.0,-48.0,-204.0,1.0,0.11238540732458187,ok,ok,True
2019-03-28 14:30:00+00:00,2019-03-28 Thu 10:30,2019-03-28,-36.0,-40.0,-47.0,4.0,0.4500460685825571,ok,ok,True
2019-04-04 14:30:00+00:00,2019-04-04 Thu 10:30,2019-04-04,23.0,10.0,-36.0,13.0,1.4639338278416587,ok,ok,True
2019-04-11 14:30:00+00:00,2019-04-11 Thu 10:30,2019-04-11,25.0,29.0,23.0,-4.0,-0.44981154291980785,ok,ok,True
2019-04-18 14:30:00+00:00,2019-04-18 Thu 10:30,2019-04-18,92.0,87.0,25.0,5.0,0.5627904636434591,ok,ok,True
2019-04-25 14:30:00+00:00,2019-04-25 Thu 10:30,2019-04-25,92.0,91.0,92.0,1.0,0.11264127171465567,ok,ok,True
2019-05-02 14:30:00+00:00,2019-05-02 Thu 10:30,2019-05-02,123.0,,92.0,,,ok,ok,True
2019-05-09 14:30:00+00:00,2019-05-09 Thu 10:30,2019-05-09,85.0,87.0,123.0,-2.0,-0.2255328271622372,ok,ok,True
2019-05-16 14:30:00+00:00,2019-05-16 Thu 10:30,2019-05-16,106.0,104.0,85.0,2.0,0.22577776492974452,ok,ok,True
2019-05-23 14:30:00+00:00,2019-05-23 Thu 10:30,2019-05-23,100.0,104.0,106.0,-4.0,-0.4520322553200647,ok,ok,True
2019-05-30 14:30:00+00:00,2019-05-30 Thu 10:30,2019-05-30,114.0,101.0,100.0,13.0,1.470459737072534,ok,ok,True
2019-06-06 14:30:00+00:00,2019-06-06 Thu 10:30,2019-06-06,119.0,111.0,114.0,8.0,0.9036429334865976,ok,ok,True
2019-06-13 14:30:00+00:00,2019-06-13 Thu 10:30,2019-06-13,102.0,109.0,119.0,-7.0,-0.7908118172987216,ok,ok,True
2019-06-20 14:30:00+00:00,2019-06-20 Thu 10:30,2019-06-20,115.0,107.0,102.0,8.0,0.9041997145080131,ok,ok,True
2019-06-27 14:30:00+00:00,2019-06-27 Thu 10:30,2019-06-27,98.0,101.0,115.0,-3.0,-0.3391277877518518,ok,ok,True
2019-07-03 16:00:00+00:00,2019-07-03 Wed 12:00,2019-07-03,89.0,85.0,98.0,4.0,0.45262309239221116,holiday_shift,ok,True
2019-07-11 14:30:00+00:00,2019-07-11 Thu 10:30,2019-07-11,81.0,73.0,89.0,8.0,0.9060244170181808,ok,ok,True
2019-07-18 14:30:00+00:00,2019-07-18 Thu 10:30,2019-07-18,62.0,65.0,81.0,-3.0,-0.3398121789598535,ok,ok,True
2019-07-25 14:30:00+00:00,2019-07-25 Thu 10:30,2019-07-25,36.0,37.0,62.0,-1.0,-0.11338313749304552,ok,ok,True
2019-08-01 14:30:00+00:00,2019-08-01 Thu 10:30,2019-08-01,65.0,57.0,36.0,8.0,0.9080570918929504,ok,ok,True
2019-08-08 14:30:00+00:00,2019-08-08 Thu 10:30,2019-08-08,55.0,59.0,65.0,-4.0,-0.45409805888344124,ok,ok,True
2019-08-15 14:30:00+00:00,2019-08-15 Thu 10:30,2019-08-15,49.0,58.0,55.0,-9.0,-1.0226302122668867,ok,ok,True
2019-08-22 14:30:00+00:00,2019-08-22 Thu 10:30,2019-08-22,59.0,60.0,49.0,-1.0,-0.11362510813680145,ok,ok,True
2019-08-29 14:30:00+00:00,2019-08-29 Thu 10:30,2019-08-29,60.0,57.0,59.0,3.0,0.34124493054136873,ok,ok,True
2019-09-05 14:30:00+00:00,2019-09-05 Thu 10:30,2019-09-05,84.0,78.0,60.0,6.0,0.6831363183104443,ok,ok,True
2019-09-12 14:30:00+00:00,2019-09-12 Thu 10:30,2019-09-12,78.0,82.0,84.0,-4.0,-0.45567433977401306,ok,ok,True
2019-09-19 14:30:00+00:00,2019-09-19 Thu 10:30,2019-09-19,84.0,78.0,78.0,6.0,0.6841130797066016,ok,ok,True
2019-09-26 14:30:00+00:00,2019-09-26 Thu 10:30,2019-09-26,102.0,89.0,84.0,13.0,1.4830545964435227,ok,ok,True
2019-10-03 14:30:00+00:00,2019-10-03 Thu 10:30,2019-10-03,112.0,105.0,102.0,7.0,0.7974903722161877,ok,ok,True
2019-10-10 14:30:00+00:00,2019-10-10 Thu 10:30,2019-10-10,98.0,97.0,112.0,1.0,0.11396892539849772,ok,ok,True
2019-10-17 14:30:00+00:00,2019-10-17 Thu 10:30,2019-10-17,104.0,106.0,98.0,-2.0,-0.22817930982820694,ok,ok,True
2019-10-24 14:30:00+00:00,2019-10-24 Thu 10:30,2019-10-24,87.0,88.0,104.0,-1.0,-0.11420664261839689,ok,ok,True
2019-10-31 14:30:00+00:00,2019-10-31 Thu 10:30,2019-10-31,89.0,86.0,87.0,3.0,0.34298369288433267,ok,ok,True
2019-11-07 15:30:00+00:00,2019-11-07 Thu 10:30,2019-11-07,34.0,45.0,89.0,-11.0,-1.2587806229106528,ok,ok,True
2019-11-14 15:30:00+00:00,2019-11-14 Thu 10:30,2019-11-14,3.0,45.0,34.0,-42.0,-4.803455955667131,ok,ok,True
2019-11-21 15:30:00+00:00,2019-11-21 Thu 10:30,2019-11-21,-94.0,-89.0,3.0,-5.0,-0.5589849578820738,ok,ok,True
2019-11-27 17:00:00+00:00,2019-11-27 Wed 12:00,2019-11-27,-28.0,-89.0,-94.0,61.0,6.824810575418697,holiday_shift,ok,True
2019-12-05 15:30:00+00:00,2019-12-05 Thu 10:30,2019-12-05,-19.0,-22.0,-28.0,3.0,0.32044268286988387,ok,ok,True
2019-12-12 15:30:00+00:00,2019-12-12 Thu 10:30,2019-12-12,-73.0,-76.0,-19.0,3.0,0.32074444189980755,ok,ok,True
2019-12-19 15:30:00+00:00,2019-12-19 Thu 10:30,2019-12-19,-107.0,-90.0,-73.0,-17.0,-1.8192602950404442,ok,ok,True
2019-12-27 15:30:00+00:00,2019-12-27 Fri 10:30,2019-12-27,-161.0,-148.0,-107.0,-13.0,-1.3878959791250598,holiday_shift,ok,True
2020-01-03 15:30:00+00:00,2020-01-03 Fri 10:30,2020-01-03,-58.0,-57.0,-161.0,-1.0,-0.10666245008531826,holiday_shift,ok,True
2020-01-09 15:30:00+00:00,2020-01-09 Thu 10:30,2020-01-09,-44.0,-53.0,-58.0,9.0,0.9609618667769463,ok,ok,True
2020-01-16 15:30:00+00:00,2020-01-16 Thu 10:30,2020-01-16,-109.0,-95.0,-44.0,-14.0,-1.4948988826766676,ok,ok,True
2020-01-23 15:30:00+00:00,2020-01-23 Thu 10:30,2020-01-23,-92.0,-91.0,-109.0,-1.0,-0.10664679476046508,ok,ok,True
2020-01-30 15:30:00+00:00,2020-01-30 Thu 10:30,2020-01-30,-201.0,-195.0,-92.0,-6.0,-0.6405431891891306,ok,ok,True
2020-02-06 15:30:00+00:00,2020-02-06 Thu 10:30,2020-02-06,-137.0,-129.0,-201.0,-8.0,-0.8546034969725982,ok,ok,True
2020-02-13 15:30:00+00:00,2020-02-13 Thu 10:30,2020-02-13,-115.0,-110.0,-137.0,-5.0,-0.534296346810376,ok,ok,True
2020-02-20 15:30:00+00:00,2020-02-20 Thu 10:30,2020-02-20,-151.0,-147.0,-115.0,-4.0,-0.42776400138121445,ok,ok,True
2020-02-27 15:30:00+00:00,2020-02-27 Thu 10:30,2020-02-27,-143.0,-158.0,-151.0,15.0,1.605502983605512,ok,ok,True
2020-03-05 15:30:00+00:00,2020-03-05 Thu 10:30,2020-03-05,-109.0,-108.0,-143.0,-1.0,-0.10685200745447242,ok,ok,True
2020-03-12 14:30:00+00:00,2020-03-12 Thu 10:30,2020-03-12,-48.0,-59.0,-109.0,11.0,1.1765741446955627,ok,ok,True
2020-03-19 14:30:00+00:00,2020-03-19 Thu 10:30,2020-03-19,-9.0,-6.0,-48.0,-3.0,-0.3207421572247401,ok,ok,True
2020-03-26 14:30:00+00:00,2020-03-26 Thu 10:30,2020-03-26,-29.0,-25.0,-9.0,-4.0,-0.42805490998410894,ok,ok,True
2020-04-02 14:30:00+00:00,2020-04-02 Thu 10:30,2020-04-02,-19.0,-24.0,-29.0,5.0,0.5355248870768682,ok,ok,True
2020-04-09 14:30:00+00:00,2020-04-09 Thu 10:30,2020-04-09,38.0,24.0,-19.0,14.0,1.500530204340146,ok,ok,True
2020-04-16 14:30:00+00:00,2020-04-16 Thu 10:30,2020-04-16,73.0,64.0,38.0,9.0,0.9633492241329145,ok,ok,True
2020-04-23 14:30:00+00:00,2020-04-23 Thu 10:30,2020-04-23,43.0,39.0,73.0,4.0,0.42817431447656007,ok,ok,True
2020-04-30 14:30:00+00:00,2020-04-30 Thu 10:30,2020-04-30,70.0,69.0,43.0,1.0,0.1071311177233554,ok,ok,True
2020-05-07 14:30:00+00:00,2020-05-07 Thu 10:30,2020-05-07,109.0,106.0,70.0,3.0,0.32171447854461,ok,ok,True
2020-05-14 14:30:00+00:00,2020-05-14 Thu 10:30,2020-05-14,103.0,107.0,109.0,-4.0,-0.4293381863558294,ok,ok,True
2020-05-21 14:30:00+00:00,2020-05-21 Thu 10:30,2020-05-21,81.0,83.0,103.0,-2.0,-0.2148480454451105,ok,ok,True
2020-05-28 14:30:00+00:00,2020-05-28 Thu 10:30,2020-05-28,109.0,107.0,81.0,2.0,0.21505566186843003,ok,ok,True
2020-06-04 14:30:00+00:00,2020-06-04 Thu 10:30,2020-06-04,102.0,110.0,109.0,-8.0,-0.8610426842515898,ok,ok,True
2020-06-11 14:30:00+00:00,2020-06-11 Thu 10:30,2020-06-11,93.0,93.0,102.0,0.0,0.0,ok,ok,True
2020-06-18 14:30:00+00:00,2020-06-18 Thu 10:30,2020-06-18,85.0,85.0,93.0,0.0,0.0,ok,ok,True
2020-06-25 14:30:00+00:00,2020-06-25 Thu 10:30,2020-06-25,120.0,106.0,85.0,14.0,1.5102667079176029,ok,ok,True
2020-07-02 14:30:00+00:00,2020-07-02 Thu 10:30,2020-07-02,65.0,78.0,120.0,-13.0,-1.4005512993592466,ok,ok,True
2020-07-09 14:30:00+00:00,2020-07-09 Thu 10:30,2020-07-09,56.0,58.0,65.0,-2.0,-0.21527123267354983,ok,ok,True
2020-07-16 14:30:00+00:00,2020-07-16 Thu 10:30,2020-07-16,45.0,47.0,56.0,-2.0,-0.2154764439827855,ok,ok,True
2020-07-23 14:30:00+00:00,2020-07-23 Thu 10:30,2020-07-23,37.0,36.0,45.0,1.0,0.10784073068153745,ok,ok,True
2020-07-30 14:30:00+00:00,2020-07-30 Thu 10:30,2020-07-30,26.0,26.0,26.0,0.0,0.0,ok,ok,True
2020-08-06 14:30:00+00:00,2020-08-06 Thu 10:30,2020-08-06,33.0,30.0,26.0,3.0,0.3241573196751276,ok,ok,True
2020-08-13 14:30:00+00:00,2020-08-13 Thu 10:30,2020-08-13,58.0,57.0,33.0,1.0,0.1081467433560066,ok,ok,True
2020-08-20 14:30:00+00:00,2020-08-20 Thu 10:30,2020-08-20,43.0,43.0,58.0,0.0,0.0,ok,ok,True
2020-08-27 14:30:00+00:00,2020-08-27 Thu 10:30,2020-08-27,45.0,47.0,43.0,-2.0,-0.2167156375072314,ok,ok,True
2020-09-03 14:30:00+00:00,2020-09-03 Thu 10:30,2020-09-03,35.0,34.0,45.0,1.0,0.1084596204328192,ok,ok,True
2020-09-10 14:30:00+00:00,2020-09-10 Thu 10:30,2020-09-10,70.0,68.0,35.0,2.0,0.21712820804770555,ok,ok,True
2020-09-17 14:30:00+00:00,2020-09-17 Thu 10:30,2020-09-17,89.0,79.0,70.0,10.0,1.0866442624137,ok,ok,True
2020-09-24 14:30:00+00:00,2020-09-24 Thu 10:30,2020-09-24,66.0,78.0,89.0,-12.0,-1.303709901939631,ok,ok,True
2020-10-01 14:30:00+00:00,2020-10-01 Thu 10:30,2020-10-01,76.0,79.0,66.0,-3.0,-0.3257164940360066,ok,ok,True
2020-10-08 14:30:00+00:00,2020-10-08 Thu 10:30,2020-10-08,75.0,73.0,76.0,2.0,0.21733454231102786,ok,ok,True
2020-10-15 14:30:00+00:00,2020-10-15 Thu 10:30,2020-10-15,46.0,55.0,75.0,-9.0,-0.9789018701720619,ok,ok,True
2020-10-22 14:30:00+00:00,2020-10-22 Thu 10:30,2020-10-22,49.0,52.0,46.0,-3.0,-0.3263228258756253,ok,ok,True
2020-10-29 14:30:00+00:00,2020-10-29 Thu 10:30,2020-10-29,29.0,37.0,49.0,-8.0,-0.8709528076206352,ok,ok,True
2020-11-05 15:30:00+00:00,2020-11-05 Thu 10:30,2020-11-05,-36.0,-26.0,29.0,-10.0,-1.088974831637237,ok,ok,True
2020-11-13 15:30:00+00:00,2020-11-13 Fri 10:30,2020-11-13,8.0,-3.0,-36.0,11.0,1.1977058402153204,holiday_shift,ok,True
2020-11-19 15:30:00+00:00,2020-11-19 Thu 10:30,2020-11-19,31.0,15.0,8.0,16.0,1.7413171116752224,ok,ok,True
2020-11-25 17:00:00+00:00,2020-11-25 Wed 12:00,2020-11-25,-18.0,-18.0,31.0,0.0,0.0,holiday_shift,ok,True
2020-12-03 15:30:00+00:00,2020-12-03 Thu 10:30,2020-12-03,-1.0,-12.0,-18.0,11.0,1.1959141438785263,ok,ok,True
2020-12-10 15:30:00+00:00,2020-12-10 Thu 10:30,2020-12-10,-91.0,-83.0,-1.0,-8.0,-0.8693734606275898,ok,ok,True
2020-12-17 15:30:00+00:00,2020-12-17 Thu 10:30,2020-12-17,-122.0,-120.0,-91.0,-2.0,-0.21739839875364694,ok,ok,True
2020-12-23 17:00:00+00:00,2020-12-23 Wed 12:00,2020-12-23,-152.0,-160.0,-122.0,8.0,0.8703855190835154,holiday_shift,ok,True
2020-12-31 15:30:00+00:00,2020-12-31 Thu 10:30,2020-12-31,-114.0,-125.0,-152.0,11.0,1.197028724491083,ok,ok,True
2021-01-07 15:30:00+00:00,2021-01-07 Thu 10:30,2021-01-07,-130.0,,-114.0,,,ok,ok,True
2021-01-14 15:30:00+00:00,2021-01-14 Thu 10:30,2021-01-14,-134.0,,-130.0,,,ok,ok,True
2021-01-22 15:30:00+00:00,2021-01-22 Fri 10:30,2021-01-22,-187.0,-174.0,-134.0,-13.0,-1.4140558786300474,holiday_shift,ok,True
2021-01-28 15:30:00+00:00,2021-01-28 Thu 10:30,2021-01-28,-128.0,-136.0,-187.0,8.0,0.8693950649601336,ok,ok,True
2021-02-04 15:30:00+00:00,2021-02-04 Thu 10:30,2021-02-04,-192.0,-192.0,-128.0,0.0,0.0,ok,ok,True
2021-02-11 15:30:00+00:00,2021-02-11 Thu 10:30,2021-02-11,-171.0,-181.0,-192.0,10.0,1.0879954072776366,ok,ok,True
2021-02-18 15:30:00+00:00,2021-02-18 Thu 10:30,2021-02-18,-237.0,-252.0,-171.0,15.0,1.6316784703161884,ok,ok,True
2021-02-25 15:30:00+00:00,2021-02-25 Thu 10:30,2021-02-25,-338.0,-333.0,-237.0,-5.0,-0.5430358926982188,ok,ok,True
2021-03-04 15:30:00+00:00,2021-03-04 Thu 10:30,2021-03-04,-98.0,-136.0,-338.0,38.0,4.129821804434543,ok,ok,True
2021-03-11 15:30:00+00:00,2021-03-11 Thu 10:30,2021-03-11,-52.0,-73.0,-98.0,21.0,2.2487862774788017,ok,ok,True
2021-03-18 14:30:00+00:00,2021-03-18 Thu 10:30,2021-03-18,-11.0,-17.0,-52.0,6.0,0.6401046238109225,ok,ok,True
2021-03-25 14:30:00+00:00,2021-03-25 Thu 10:30,2021-03-25,-36.0,-25.0,-11.0,-11.0,-1.1741771637917764,ok,diff -4.000,True
2021-04-01 14:30:00+00:00,2021-04-01 Thu 10:30,2021-04-01,14.0,21.0,-32.0,-7.0,-0.7469330796491203,ok,ok,True
2021-04-08 14:30:00+00:00,2021-04-08 Thu 10:30,2021-04-08,20.0,21.0,14.0,-1.0,-0.1067479489255018,ok,ok,True
2021-04-15 14:30:00+00:00,2021-04-15 Thu 10:30,2021-04-15,61.0,67.0,20.0,-6.0,-0.6410733835668019,ok,ok,True
2021-04-22 14:30:00+00:00,2021-04-22 Thu 10:30,2021-04-22,38.0,49.0,61.0,-11.0,-1.1759378885606722,ok,ok,True
2021-04-29 14:30:00+00:00,2021-04-29 Thu 10:30,2021-04-29,15.0,11.0,38.0,4.0,0.42746302614506565,ok,ok,True
2021-05-06 14:30:00+00:00,2021-05-06 Thu 10:30,2021-05-06,60.0,64.0,15.0,-4.0,-0.4277842883300233,ok,ok,True
2021-05-13 14:30:00+00:00,2021-05-13 Thu 10:30,2021-05-13,71.0,76.0,60.0,-5.0,-0.5351318615536803,ok,ok,True
2021-05-20 14:30:00+00:00,2021-05-20 Thu 10:30,2021-05-20,71.0,60.0,71.0,11.0,1.1780619178513974,ok,ok,True
2021-05-27 14:30:00+00:00,2021-05-27 Thu 10:30,2021-05-27,115.0,104.0,71.0,11.0,1.1776422764080339,ok,ok,True
2021-06-03 14:30:00+00:00,2021-06-03 Thu 10:30,2021-06-03,98.0,95.0,115.0,3.0,0.3210627390403051,ok,ok,True
2021-06-10 14:30:00+00:00,2021-06-10 Thu 10:30,2021-06-10,98.0,98.0,98.0,0.0,0.0,ok,ok,True
2021-06-17 14:30:00+00:00,2021-06-17 Thu 10:30,2021-06-17,16.0,72.0,98.0,-56.0,-6.003542154210586,ok,ok,True
2021-06-24 14:30:00+00:00,2021-06-24 Thu 10:30,2021-06-24,55.0,66.0,16.0,-11.0,-1.1434961030336617,ok,ok,True
2021-07-01 14:30:00+00:00,2021-07-01 Thu 10:30,2021-07-01,76.0,68.0,55.0,8.0,0.8314169285125796,ok,ok,True
2021-07-08 14:30:00+00:00,2021-07-08 Thu 10:30,2021-07-08,16.0,34.0,76.0,-18.0,-1.8711850132071663,ok,ok,True
2021-07-15 14:30:00+00:00,2021-07-15 Thu 10:30,2021-07-15,55.0,47.0,16.0,8.0,0.8297943252462778,ok,ok,True
2021-07-22 14:30:00+00:00,2021-07-22 Thu 10:30,2021-07-22,49.0,44.0,55.0,5.0,0.518758568699847,ok,ok,True
2021-07-29 14:30:00+00:00,2021-07-29 Thu 10:30,2021-07-29,36.0,43.0,49.0,-7.0,-0.7267332416707674,ok,ok,True
2021-08-05 14:30:00+00:00,2021-08-05 Thu 10:30,2021-08-05,13.0,21.0,36.0,-8.0,-0.8309148347120067,ok,ok,True
2021-08-12 14:30:00+00:00,2021-08-12 Thu 10:30,2021-08-12,49.0,49.0,13.0,0.0,0.0,ok,ok,True
2021-08-19 14:30:00+00:00,2021-08-19 Thu 10:30,2021-08-19,46.0,31.0,49.0,15.0,1.5598190258888494,ok,ok,True
2021-08-26 14:30:00+00:00,2021-08-26 Thu 10:30,2021-08-26,29.0,40.0,46.0,-11.0,-1.1423731328259228,ok,ok,True
2021-09-02 14:30:00+00:00,2021-09-02 Thu 10:30,2021-09-02,20.0,25.0,29.0,-5.0,-0.5191300137673931,ok,ok,True
2021-09-09 14:30:00+00:00,2021-09-09 Thu 10:30,2021-09-09,52.0,40.0,20.0,12.0,1.2467357145522808,ok,ok,True
2021-09-16 14:30:00+00:00,2021-09-16 Thu 10:30,2021-09-16,83.0,76.0,52.0,7.0,0.7268871504040714,ok,ok,True
2021-09-23 14:30:00+00:00,2021-09-23 Thu 10:30,2021-09-23,76.0,75.0,83.0,1.0,0.1038832385423625,ok,ok,True
2021-09-30 14:30:00+00:00,2021-09-30 Thu 10:30,2021-09-30,88.0,87.0,76.0,1.0,0.10397413158507958,ok,ok,True
2021-10-07 14:30:00+00:00,2021-10-07 Thu 10:30,2021-10-07,118.0,105.0,88.0,13.0,1.352844288690343,ok,ok,True
2021-10-14 14:30:00+00:00,2021-10-14 Thu 10:30,2021-10-14,81.0,94.0,118.0,-13.0,-1.3518327688483063,ok,ok,True
2021-10-21 14:30:00+00:00,2021-10-21 Thu 10:30,2021-10-21,92.0,90.0,81.0,2.0,0.20782632993705896,ok,ok,True
2021-10-28 14:30:00+00:00,2021-10-28 Thu 10:30,2021-10-28,87.0,86.0,92.0,1.0,0.10400033929697072,ok,ok,True
2021-11-04 14:30:00+00:00,2021-11-04 Thu 10:30,2021-11-04,63.0,63.0,87.0,0.0,0.0,ok,ok,True
2021-11-10 17:00:00+00:00,2021-11-10 Wed 12:00,2021-11-10,7.0,10.0,63.0,-3.0,-0.31254543534641216,holiday_shift,ok,True
2021-11-18 15:30:00+00:00,2021-11-18 Thu 10:30,2021-11-18,26.0,25.0,7.0,1.0,0.10426451704348971,ok,ok,True
2021-11-24 17:00:00+00:00,2021-11-24 Wed 12:00,2021-11-24,-21.0,-22.0,26.0,1.0,0.10435446977400627,holiday_shift,ok,True
2021-12-02 15:30:00+00:00,2021-12-02 Thu 10:30,2021-12-02,-59.0,-57.0,-21.0,-2.0,-0.20888869015208958,ok,ok,True
2021-12-09 15:30:00+00:00,2021-12-09 Thu 10:30,2021-12-09,-59.0,-54.0,-59.0,-5.0,-0.5226580155299746,ok,ok,True
2021-12-16 15:30:00+00:00,2021-12-16 Thu 10:30,2021-12-16,-88.0,-86.0,-59.0,-2.0,-0.20919682447439114,ok,ok,True
2021-12-23 15:30:00+00:00,2021-12-23 Thu 10:30,2021-12-23,-55.0,-56.0,-88.0,1.0,0.10468553012642999,ok,ok,True
2021-12-30 15:30:00+00:00,2021-12-30 Thu 10:30,2021-12-30,-136.0,-125.0,-55.0,-11.0,-1.152525329127769,ok,ok,True
2022-01-06 15:30:00+00:00,2022-01-06 Thu 10:30,2022-01-06,-31.0,-54.0,-136.0,23.0,2.409190631453291,ok,ok,True
2022-01-13 15:30:00+00:00,2022-01-13 Thu 10:30,2022-01-13,-179.0,-173.0,-31.0,-6.0,-0.6258745963596726,ok,ok,True
2022-01-20 15:30:00+00:00,2022-01-20 Thu 10:30,2022-01-20,-206.0,-194.0,-179.0,-12.0,-1.2524148448392889,ok,ok,True
2022-01-27 15:30:00+00:00,2022-01-27 Thu 10:30,2022-01-27,-219.0,-216.0,-206.0,-3.0,-0.3129568966652486,ok,ok,True
2022-02-03 15:30:00+00:00,2022-02-03 Thu 10:30,2022-02-03,-268.0,-216.0,-219.0,-52.0,-5.428817244224836,ok,ok,True
2022-02-10 15:30:00+00:00,2022-02-10 Thu 10:30,2022-02-10,-222.0,-222.0,-268.0,0.0,0.0,ok,ok,True
2022-02-17 15:30:00+00:00,2022-02-17 Thu 10:30,2022-02-17,-190.0,-193.0,-222.0,3.0,0.30613723108095026,ok,ok,True
2022-02-24 15:30:00+00:00,2022-02-24 Thu 10:30,2022-02-24,-129.0,-134.0,-190.0,5.0,0.5106184760338305,ok,ok,True
2022-03-03 15:30:00+00:00,2022-03-03 Thu 10:30,2022-03-03,-139.0,-138.0,-129.0,-1.0,-0.10218640188646408,ok,ok,True
2022-03-10 15:30:00+00:00,2022-03-10 Thu 10:30,2022-03-10,-124.0,-117.0,-139.0,-7.0,-0.7159095177330249,ok,ok,True
2022-03-17 14:30:00+00:00,2022-03-17 Thu 10:30,2022-03-17,-79.0,-73.0,-124.0,-6.0,-0.6139045655627154,ok,ok,True
2022-03-24 14:30:00+00:00,2022-03-24 Thu 10:30,2022-03-24,-51.0,-56.0,-79.0,5.0,0.5118678676542305,ok,ok,True
2022-03-31 14:30:00+00:00,2022-03-31 Thu 10:30,2022-03-31,26.0,21.0,-51.0,5.0,0.5121787839011789,ok,ok,True
2022-04-07 14:30:00+00:00,2022-04-07 Thu 10:30,2022-04-07,-33.0,-26.0,26.0,-7.0,-0.7174854789529893,ok,ok,True
2022-04-14 14:30:00+00:00,2022-04-14 Thu 10:30,2022-04-14,15.0,15.0,-33.0,0.0,0.0,ok,ok,True
2022-04-21 14:30:00+00:00,2022-04-21 Thu 10:30,2022-04-21,53.0,37.0,15.0,16.0,1.6420578219801916,ok,ok,True
2022-04-28 14:30:00+00:00,2022-04-28 Thu 10:30,2022-04-28,40.0,38.0,53.0,2.0,0.20495489528622002,ok,ok,True
2022-05-05 14:30:00+00:00,2022-05-05 Thu 10:30,2022-05-05,77.0,68.0,40.0,9.0,0.9230336471396677,ok,ok,True
2022-05-12 14:30:00+00:00,2022-05-12 Thu 10:30,2022-05-12,76.0,79.0,77.0,-3.0,-0.30770849181529314,ok,ok,True
2022-05-19 14:30:00+00:00,2022-05-19 Thu 10:30,2022-05-19,89.0,87.0,76.0,2.0,0.20529601667841088,ok,ok,True
2022-05-26 14:30:00+00:00,2022-05-26 Thu 10:30,2022-05-26,80.0,89.0,89.0,-9.0,-0.9245665902695015,ok,diff -7.000,True
2022-06-02 14:30:00+00:00,2022-06-02 Thu 10:30,2022-06-02,90.0,86.0,80.0,4.0,0.4109781447253431,ok,diff +8.000,True
2022-06-09 14:30:00+00:00,2022-06-09 Thu 10:30,2022-06-09,97.0,96.0,90.0,1.0,0.1028144854050162,ok,diff -5.000,True
2022-06-16 14:30:00+00:00,2022-06-16 Thu 10:30,2022-06-16,92.0,,97.0,,,ok,ok,True
2022-06-23 14:30:00+00:00,2022-06-23 Thu 10:30,2022-06-23,74.0,65.0,92.0,9.0,0.92608903725527,ok,ok,True
2022-06-30 14:30:00+00:00,2022-06-30 Thu 10:30,2022-06-30,82.0,74.0,74.0,8.0,0.8232684239364594,ok,ok,True
2022-07-07 14:30:00+00:00,2022-07-07 Thu 10:30,2022-07-07,60.0,74.0,82.0,-14.0,-1.441077555136776,ok,ok,True
2022-07-14 14:30:00+00:00,2022-07-14 Thu 10:30,2022-07-14,58.0,58.0,60.0,0.0,0.0,ok,ok,True
2022-07-21 14:30:00+00:00,2022-07-21 Thu 10:30,2022-07-21,32.0,47.0,58.0,-15.0,-1.5439645944963993,ok,ok,True
2022-07-28 14:30:00+00:00,2022-07-28 Thu 10:30,2022-07-28,15.0,22.0,32.0,-7.0,-0.7197266083616601,ok,ok,True
2022-08-04 14:30:00+00:00,2022-08-04 Thu 10:30,2022-08-04,41.0,29.0,15.0,12.0,1.2343326163286157,ok,ok,True
2022-08-11 14:30:00+00:00,2022-08-11 Thu 10:30,2022-08-11,44.0,39.0,41.0,5.0,0.5140657372476544,ok,ok,True
2022-08-18 14:30:00+00:00,2022-08-18 Thu 10:30,2022-08-18,18.0,34.0,44.0,-16.0,-1.6459803751187965,ok,ok,True
2022-08-25 14:30:00+00:00,2022-08-25 Thu 10:30,2022-08-25,60.0,58.0,18.0,2.0,0.20546978567783514,ok,ok,True
2022-09-01 14:30:00+00:00,2022-09-01 Thu 10:30,2022-09-01,61.0,58.0,60.0,3.0,0.3084441520698948,ok,ok,True
2022-09-08 14:30:00+00:00,2022-09-08 Thu 10:30,2022-09-08,54.0,54.0,61.0,0.0,0.0,ok,ok,True
2022-09-15 14:30:00+00:00,2022-09-15 Thu 10:30,2022-09-15,77.0,73.0,54.0,4.0,0.41189438300235326,ok,ok,True
2022-09-22 14:30:00+00:00,2022-09-22 Thu 10:30,2022-09-22,103.0,93.0,77.0,10.0,1.030419654519108,ok,ok,True
2022-09-29 14:30:00+00:00,2022-09-29 Thu 10:30,2022-09-29,103.0,94.0,103.0,9.0,0.9273061191777625,ok,ok,True
2022-10-06 14:30:00+00:00,2022-10-06 Thu 10:30,2022-10-06,129.0,113.0,103.0,16.0,1.6486953625504788,ok,ok,True
2022-10-13 14:30:00+00:00,2022-10-13 Thu 10:30,2022-10-13,125.0,123.0,129.0,2.0,0.20579425418149525,ok,ok,True
2022-10-20 14:30:00+00:00,2022-10-20 Thu 10:30,2022-10-20,111.0,105.0,125.0,6.0,0.6178586113214513,ok,ok,True
2022-10-27 14:30:00+00:00,2022-10-27 Thu 10:30,2022-10-27,52.0,59.0,111.0,-7.0,-0.7211873735172708,ok,ok,True
2022-11-03 14:30:00+00:00,2022-11-03 Thu 10:30,2022-11-03,107.0,97.0,52.0,10.0,1.0306781119697228,ok,ok,True
2022-11-10 15:30:00+00:00,2022-11-10 Thu 10:30,2022-11-10,79.0,84.0,107.0,-5.0,-0.5153047277344566,ok,ok,True
2022-11-17 15:30:00+00:00,2022-11-17 Thu 10:30,2022-11-17,64.0,63.0,79.0,1.0,0.10312255326423243,ok,ok,True
2022-11-23 17:00:00+00:00,2022-11-23 Wed 12:00,2022-11-23,-80.0,63.0,64.0,-143.0,-14.758204362459843,holiday_shift,ok,True
2022-12-01 15:30:00+00:00,2022-12-01 Thu 10:30,2022-12-01,-81.0,-84.0,-80.0,3.0,0.2668805640422291,ok,ok,True
2022-12-08 15:30:00+00:00,2022-12-08 Thu 10:30,2022-12-08,-21.0,-31.0,-81.0,10.0,0.8902511526064695,ok,ok,True
2022-12-15 15:30:00+00:00,2022-12-15 Thu 10:30,2022-12-15,-50.0,-45.0,-21.0,-5.0,-0.4451815610549661,ok,ok,True
2022-12-22 15:30:00+00:00,2022-12-22 Thu 10:30,2022-12-22,-87.0,-93.0,-50.0,6.0,0.5345692176339357,ok,ok,True
2022-12-29 15:30:00+00:00,2022-12-29 Thu 10:30,2022-12-29,-213.0,-201.0,-87.0,-12.0,-1.0697207352889662,ok,ok,True
2023-01-05 15:30:00+00:00,2023-01-05 Thu 10:30,2023-01-05,-221.0,-228.0,-213.0,7.0,0.6239609910466488,ok,ok,True
2023-01-12 15:30:00+00:00,2023-01-12 Thu 10:30,2023-01-12,11.0,-15.0,-221.0,26.0,2.318626596359882,ok,ok,True
2023-01-19 15:30:00+00:00,2023-01-19 Thu 10:30,2023-01-19,-82.0,-71.0,11.0,-11.0,-0.9774879408213459,ok,ok,True
2023-01-26 15:30:00+00:00,2023-01-26 Thu 10:30,2023-01-26,-91.0,-82.0,-82.0,-9.0,-0.7998205027561895,ok,diff -5.000,True
2023-02-02 15:30:00+00:00,2023-02-02 Thu 10:30,2023-02-02,-151.0,-142.0,-91.0,-9.0,-0.8000732611933012,ok,ok,True
2023-02-09 15:30:00+00:00,2023-02-09 Thu 10:30,2023-02-09,-217.0,-195.0,-151.0,-22.0,-1.9563540374212969,ok,ok,True
2023-02-16 15:30:00+00:00,2023-02-16 Thu 10:30,2023-02-16,-100.0,-109.0,-217.0,9.0,0.7986238541870098,ok,ok,True
2023-02-23 15:30:00+00:00,2023-02-23 Thu 10:30,2023-02-23,-71.0,-67.0,-100.0,-4.0,-0.3550314078711513,ok,ok,True
2023-03-02 15:30:00+00:00,2023-03-02 Thu 10:30,2023-03-02,-81.0,-75.0,-71.0,-6.0,-0.5329205874772782,ok,ok,True
2023-03-09 15:30:00+00:00,2023-03-09 Thu 10:30,2023-03-09,-84.0,-80.0,-81.0,-4.0,-0.3554882575500363,ok,ok,True
2023-03-16 14:30:00+00:00,2023-03-16 Thu 10:30,2023-03-16,-58.0,-62.0,-84.0,4.0,0.35573694055538574,ok,ok,True
2023-03-23 14:30:00+00:00,2023-03-23 Thu 10:30,2023-03-23,-72.0,-75.0,-58.0,3.0,0.2669799277201576,ok,ok,True
2023-03-30 14:30:00+00:00,2023-03-30 Thu 10:30,2023-03-30,-47.0,-54.0,-72.0,7.0,0.6233959757837088,ok,ok,True
2023-04-06 14:30:00+00:00,2023-04-06 Thu 10:30,2023-04-06,-23.0,-21.0,-47.0,-2.0,-0.1781926677657164,ok,ok,True
2023-04-13 14:30:00+00:00,2023-04-13 Thu 10:30,2023-04-13,25.0,28.0,-23.0,-3.0,-0.26749213826588053,ok,ok,True
2023-04-20 14:30:00+00:00,2023-04-20 Thu 10:30,2023-04-20,75.0,69.0,25.0,6.0,0.5353759039432147,ok,ok,True
2023-04-27 14:30:00+00:00,2023-04-27 Thu 10:30,2023-04-27,79.0,75.0,75.0,4.0,0.3571056402134194,ok,ok,True
2023-05-04 14:30:00+00:00,2023-05-04 Thu 10:30,2023-05-04,54.0,86.0,79.0,-32.0,-2.858726630568994,ok,ok,True
2023-05-11 14:30:00+00:00,2023-05-11 Thu 10:30,2023-05-11,78.0,74.0,54.0,4.0,0.3554262543677674,ok,ok,True
2023-05-18 14:30:00+00:00,2023-05-18 Thu 10:30,2023-05-18,99.0,108.0,78.0,-9.0,-0.8002332122382346,ok,ok,True
2023-05-25 14:30:00+00:00,2023-05-25 Thu 10:30,2023-05-25,96.0,108.0,99.0,-12.0,-1.0673145458604536,ok,ok,True
2023-06-01 14:30:00+00:00,2023-06-01 Thu 10:30,2023-06-01,110.0,113.0,96.0,-3.0,-0.2668146367840744,ok,ok,True
2023-06-08 14:30:00+00:00,2023-06-08 Thu 10:30,2023-06-08,104.0,104.0,110.0,0.0,0.0,ok,ok,True
2023-06-15 14:30:00+00:00,2023-06-15 Thu 10:30,2023-06-15,84.0,96.0,104.0,-12.0,-1.0688514748969158,ok,ok,True
2023-06-22 14:30:00+00:00,2023-06-22 Thu 10:30,2023-06-22,95.0,91.0,84.0,4.0,0.35626544172426305,ok,ok,True
2023-06-29 14:30:00+00:00,2023-06-29 Thu 10:30,2023-06-29,76.0,83.0,95.0,-7.0,-0.6238675552629193,ok,ok,True
2023-07-07 14:30:00+00:00,2023-07-07 Fri 10:30,2023-07-07,72.0,64.0,76.0,8.0,0.7133475919157104,holiday_shift,diff -4.000,True
2023-07-13 14:30:00+00:00,2023-07-13 Thu 10:30,2023-07-13,49.0,51.0,68.0,-2.0,-0.1783963955386655,ok,ok,True
2023-07-20 14:30:00+00:00,2023-07-20 Thu 10:30,2023-07-20,41.0,40.0,49.0,1.0,0.08926467281256875,ok,ok,True
2023-07-27 14:30:00+00:00,2023-07-27 Thu 10:30,2023-07-27,16.0,19.0,41.0,-3.0,-0.267994246847475,ok,ok,True
2023-08-03 14:30:00+00:00,2023-08-03 Thu 10:30,2023-08-03,14.0,17.0,16.0,-3.0,-0.2681865438013707,ok,ok,True
2023-08-10 14:30:00+00:00,2023-08-10 Thu 10:30,2023-08-10,29.0,25.0,14.0,4.0,0.35783827294202075,ok,ok,True
2023-08-17 14:30:00+00:00,2023-08-17 Thu 10:30,2023-08-17,35.0,34.0,29.0,1.0,0.08951670018236876,ok,ok,True
2023-08-24 14:30:00+00:00,2023-08-24 Thu 10:30,2023-08-24,18.0,33.0,35.0,-15.0,-1.3437483384829463,ok,ok,True
2023-08-31 14:30:00+00:00,2023-08-31 Thu 10:30,2023-08-31,32.0,25.0,18.0,7.0,0.6267483745733037,ok,ok,True
2023-09-07 14:30:00+00:00,2023-09-07 Thu 10:30,2023-09-07,33.0,43.0,32.0,-10.0,-0.8957314927361398,ok,ok,True
2023-09-14 14:30:00+00:00,2023-09-14 Thu 10:30,2023-09-14,57.0,48.0,33.0,9.0,0.8063176858094335,ok,ok,True
2023-09-21 14:30:00+00:00,2023-09-21 Thu 10:30,2023-09-21,64.0,67.0,57.0,-3.0,-0.26883064168702486,ok,ok,True
2023-09-28 14:30:00+00:00,2023-09-28 Thu 10:30,2023-09-28,90.0,88.0,64.0,2.0,0.17934749566889696,ok,ok,True
2023-10-05 14:30:00+00:00,2023-10-05 Thu 10:30,2023-10-05,86.0,92.0,90.0,-6.0,-0.5384262051899775,ok,ok,True
2023-10-12 14:30:00+00:00,2023-10-12 Thu 10:30,2023-10-12,84.0,88.0,86.0,-4.0,-0.35915154992502024,ok,ok,True
2023-10-19 14:30:00+00:00,2023-10-19 Thu 10:30,2023-10-19,97.0,80.0,84.0,17.0,1.5274150868222536,ok,ok,True
2023-10-26 14:30:00+00:00,2023-10-26 Thu 10:30,2023-10-26,74.0,80.0,97.0,-6.0,-0.5385081269183367,ok,ok,True
2023-11-02 14:30:00+00:00,2023-11-02 Thu 10:30,2023-11-02,79.0,80.0,74.0,-1.0,-0.08980124605004909,ok,ok,True
2023-11-16 15:29:00+00:00,2023-11-16 Thu 10:29,2023-11-16,-6.0,,79.0,,,unexplained,diff -66.000,False
2023-11-16 15:30:00+00:00,2023-11-16 Thu 10:30,2023-11-16,60.0,40.0,-6.0,20.0,1.7973549810141916,ok,ok,True
2023-11-22 17:00:00+00:00,2023-11-22 Wed 12:00,2023-11-22,-7.0,7.0,60.0,-14.0,-1.2559562330264042,holiday_shift,ok,True
2023-11-30 15:30:00+00:00,2023-11-30 Thu 10:30,2023-11-30,10.0,-12.0,-7.0,22.0,1.9729286138378648,ok,ok,True
2023-12-07 15:30:00+00:00,2023-12-07 Thu 10:30,2023-12-07,-117.0,-105.0,10.0,-12.0,-1.0737440137720298,ok,ok,True
2023-12-14 15:30:00+00:00,2023-12-14 Thu 10:30,2023-12-14,-55.0,-54.0,-117.0,-1.0,-0.08947323167354579,ok,ok,True
2023-12-21 15:30:00+00:00,2023-12-21 Thu 10:30,2023-12-21,-87.0,-82.0,-55.0,-5.0,-0.44769494306967,ok,ok,True
2023-12-28 15:30:00+00:00,2023-12-28 Thu 10:30,2023-12-28,-87.0,-79.0,-87.0,-8.0,-0.716749102312398,ok,ok,True
2024-01-04 15:30:00+00:00,2024-01-04 Thu 10:30,2024-01-04,-14.0,-40.0,-87.0,26.0,2.330351358027159,ok,ok,True
2024-01-11 15:30:00+00:00,2024-01-11 Thu 10:30,2024-01-11,-140.0,-119.0,-14.0,-21.0,-1.8759036879641804,ok,ok,True
2024-01-18 15:30:00+00:00,2024-01-18 Thu 10:30,2024-01-18,-154.0,-164.0,-140.0,10.0,0.8917261052467491,ok,ok,True
2024-01-25 15:30:00+00:00,2024-01-25 Thu 10:30,2024-01-25,-326.0,-322.0,-154.0,-4.0,-0.3567276150049236,ok,ok,True
2024-02-01 15:30:00+00:00,2024-02-01 Thu 10:30,2024-02-01,-197.0,-202.0,-326.0,5.0,0.44620134978061127,ok,ok,True
2024-02-08 15:30:00+00:00,2024-02-08 Thu 10:30,2024-02-08,-75.0,-73.0,-197.0,-2.0,-0.1785807480126006,ok,ok,True
2024-02-15 15:30:00+00:00,2024-02-15 Thu 10:30,2024-02-15,-49.0,-67.0,-75.0,18.0,1.6083730818255455,ok,diff +5.000,True
2024-02-22 15:30:00+00:00,2024-02-22 Thu 10:30,2024-02-22,-60.0,-59.0,-54.0,-1.0,-0.08924436951798712,ok,ok,True
2024-02-29 15:30:00+00:00,2024-02-29 Thu 10:30,2024-02-29,-96.0,-86.0,-60.0,-10.0,-0.8930898555867873,ok,ok,True
2024-03-07 15:30:00+00:00,2024-03-07 Thu 10:30,2024-03-07,-40.0,-42.0,-96.0,2.0,0.17865143027594962,ok,ok,True
2024-03-14 14:30:00+00:00,2024-03-14 Thu 10:30,2024-03-14,-9.0,-3.0,-40.0,-6.0,-0.536325208185182,ok,ok,True
2024-03-21 14:30:00+00:00,2024-03-21 Thu 10:30,2024-03-21,7.0,5.0,-9.0,2.0,0.17887155142326389,ok,ok,True
2024-03-28 14:30:00+00:00,2024-03-28 Thu 10:30,2024-03-28,-36.0,-26.0,7.0,-10.0,-0.8949747396971511,ok,ok,True
2024-04-04 14:30:00+00:00,2024-04-04 Thu 10:30,2024-04-04,-37.0,-42.0,-36.0,5.0,0.4475704579101458,ok,ok,True
2024-04-11 14:30:00+00:00,2024-04-11 Thu 10:30,2024-04-11,24.0,14.0,-37.0,10.0,0.8956361789378219,ok,ok,True
2024-04-18 14:30:00+00:00,2024-04-18 Thu 10:30,2024-04-18,50.0,54.0,24.0,-4.0,-0.358290060874775,ok,ok,True
2024-04-25 14:30:00+00:00,2024-04-25 Thu 10:30,2024-04-25,92.0,87.0,50.0,5.0,0.4481499751108011,ok,ok,True
2024-05-02 14:30:00+00:00,2024-05-02 Thu 10:30,2024-05-02,59.0,68.0,92.0,-9.0,-0.8071148686263858,ok,ok,True
2024-05-09 14:30:00+00:00,2024-05-09 Thu 10:30,2024-05-09,79.0,87.0,59.0,-8.0,-0.7176406850451441,ok,diff -6.000,True
2024-05-16 14:30:00+00:00,2024-05-16 Thu 10:30,2024-05-16,70.0,76.0,79.0,-6.0,-0.5384350988926757,ok,diff -1.000,True
2024-05-23 14:30:00+00:00,2024-05-23 Thu 10:30,2024-05-23,78.0,84.0,70.0,-6.0,-0.5387217625981954,ok,diff -1.000,True
2024-05-30 14:30:00+00:00,2024-05-30 Thu 10:30,2024-05-30,84.0,77.0,78.0,7.0,0.6288430682139863,ok,diff -1.000,True
2024-06-06 14:30:00+00:00,2024-06-06 Thu 10:30,2024-06-06,98.0,89.0,84.0,9.0,0.8088343949421234,ok,diff +2.000,True
2024-06-13 14:30:00+00:00,2024-06-13 Thu 10:30,2024-06-13,74.0,75.0,98.0,-1.0,-0.08988899477914016,ok,ok,True
2024-06-21 14:30:00+00:00,2024-06-21 Fri 10:30,2024-06-21,71.0,69.0,74.0,2.0,0.17990521857145367,holiday_shift,ok,True
2024-06-27 14:30:00+00:00,2024-06-27 Thu 10:30,2024-06-27,52.0,53.0,71.0,-1.0,-0.09001348287059943,ok,diff -5.000,True
2024-07-03 16:00:00+00:00,2024-07-03 Wed 12:00,2024-07-03,32.0,29.0,52.0,3.0,0.27023100873315625,holiday_shift,ok,True
2024-07-11 14:30:00+00:00,2024-07-11 Thu 10:30,2024-07-11,65.0,56.0,32.0,9.0,0.8112134098509456,ok,ok,True
2024-07-18 14:30:00+00:00,2024-07-18 Thu 10:30,2024-07-18,10.0,27.0,65.0,-17.0,-1.5326040024144099,ok,ok,True
2024-07-25 14:30:00+00:00,2024-07-25 Thu 10:30,2024-07-25,22.0,13.0,10.0,9.0,0.8106654075069589,ok,ok,True
2024-08-01 14:30:00+00:00,2024-08-01 Thu 10:30,2024-08-01,18.0,31.0,22.0,-13.0,-1.1711984148331103,ok,ok,True
2024-08-08 14:30:00+00:00,2024-08-08 Thu 10:30,2024-08-08,21.0,22.0,18.0,-1.0,-0.09007354222308311,ok,ok,True
2024-08-15 14:30:00+00:00,2024-08-15 Thu 10:30,2024-08-15,-6.0,43.0,21.0,-49.0,-4.416692221465739,ok,ok,True
2024-08-22 14:30:00+00:00,2024-08-22 Thu 10:30,2024-08-22,35.0,26.0,-6.0,9.0,0.8010948793411972,ok,ok,True
2024-08-29 14:30:00+00:00,2024-08-29 Thu 10:30,2024-08-29,35.0,33.0,35.0,2.0,0.17805767348395535,ok,ok,True
2024-09-05 14:30:00+00:00,2024-09-05 Thu 10:30,2024-09-05,13.0,26.0,35.0,-13.0,-1.1581459601152082,ok,ok,True
2024-09-12 14:30:00+00:00,2024-09-12 Thu 10:30,2024-09-12,40.0,49.0,13.0,-9.0,-0.8016524379062328,ok,ok,True
2024-09-19 14:30:00+00:00,2024-09-19 Thu 10:30,2024-09-19,58.0,53.0,40.0,5.0,0.4454929714013628,ok,ok,True
2024-09-26 14:30:00+00:00,2024-09-26 Thu 10:30,2024-09-26,47.0,52.0,58.0,-5.0,-0.4457297348220509,ok,diff -1.000,True
2024-10-03 14:30:00+00:00,2024-10-03 Thu 10:30,2024-10-03,55.0,59.0,47.0,-4.0,-0.3567909616820685,ok,ok,True
2024-10-10 14:30:00+00:00,2024-10-10 Thu 10:30,2024-10-10,82.0,73.0,55.0,9.0,0.8032813879310523,ok,ok,True
2024-10-17 14:30:00+00:00,2024-10-17 Thu 10:30,2024-10-17,76.0,80.0,82.0,-4.0,-0.3570850475829593,ok,ok,True
2024-10-24 14:30:00+00:00,2024-10-24 Thu 10:30,2024-10-24,80.0,61.0,76.0,19.0,1.6972103730213737,ok,diff +1.000,True
2024-10-31 14:30:00+00:00,2024-10-31 Thu 10:30,2024-10-31,78.0,79.0,80.0,-1.0,-0.08920274069676214,ok,diff -1.000,True
2024-11-07 15:30:00+00:00,2024-11-07 Thu 10:30,2024-11-07,69.0,67.0,78.0,2.0,0.17852832762094017,ok,diff +2.000,True
2024-11-14 15:30:00+00:00,2024-11-14 Thu 10:30,2024-11-14,42.0,34.0,69.0,8.0,0.7145824823546868,ok,diff +1.000,True
2024-11-21 15:30:00+00:00,2024-11-21 Thu 10:30,2024-11-21,-3.0,2.0,42.0,-5.0,-0.4467475011553813,ok,ok,True
2024-11-27 17:00:00+00:00,2024-11-27 Wed 12:00,2024-11-27,-2.0,-4.0,-3.0,2.0,0.17880124982498313,holiday_shift,ok,True
2024-12-05 15:30:00+00:00,2024-12-05 Thu 10:30,2024-12-05,-30.0,-43.0,-2.0,13.0,1.162968700084392,ok,ok,True
2024-12-12 15:30:00+00:00,2024-12-12 Thu 10:30,2024-12-12,-190.0,-175.0,-30.0,-15.0,-1.3414837885630002,ok,ok,True
2024-12-19 15:30:00+00:00,2024-12-19 Thu 10:30,2024-12-19,-125.0,-123.0,-190.0,-2.0,-0.17877859961692744,ok,ok,True
2024-12-27 15:30:00+00:00,2024-12-27 Fri 10:30,2024-12-27,-93.0,-100.0,-125.0,7.0,0.6261444071122962,holiday_shift,ok,True
2025-01-03 15:30:00+00:00,2025-01-03 Fri 10:30,2025-01-03,-116.0,-127.0,-93.0,11.0,0.9843172174274037,holiday_shift,ok,True
2025-01-08 17:00:00+00:00,2025-01-08 Wed 12:00,2025-01-08,-40.0,-39.0,-116.0,-1.0,-0.08948086619276152,unexplained,ok,False
2025-01-16 15:30:00+00:00,2025-01-16 Thu 10:30,2025-01-16,-258.0,-260.0,-40.0,2.0,0.17908324347834748,ok,ok,True
2025-01-23 15:30:00+00:00,2025-01-23 Thu 10:30,2025-01-23,-223.0,-270.0,-258.0,47.0,4.211186384467158,ok,ok,True
2025-01-30 15:30:00+00:00,2025-01-30 Thu 10:30,2025-01-30,-321.0,-317.0,-223.0,-4.0,-0.35433365941324985,ok,ok,True
2025-02-06 15:30:00+00:00,2025-02-06 Thu 10:30,2025-02-06,-174.0,-167.0,-321.0,-7.0,-0.6204599974558639,ok,ok,True
2025-02-13 15:30:00+00:00,2025-02-13 Thu 10:30,2025-02-13,-100.0,-90.0,-174.0,-10.0,-0.8867623264161925,ok,ok,True
2025-02-20 15:30:00+00:00,2025-02-20 Thu 10:30,2025-02-20,-196.0,-191.0,-100.0,-5.0,-0.44346138226627835,ok,ok,True
2025-02-27 15:30:00+00:00,2025-02-27 Thu 10:30,2025-02-27,-261.0,-276.0,-196.0,15.0,1.3311303978739122,ok,ok,True
2025-03-06 15:30:00+00:00,2025-03-06 Thu 10:30,2025-03-06,-80.0,-96.0,-261.0,16.0,1.4190540346151044,ok,ok,True
2025-03-13 14:30:00+00:00,2025-03-13 Thu 10:30,2025-03-13,-62.0,-46.0,-80.0,-16.0,-1.4180067943635455,ok,ok,True
2025-03-20 14:30:00+00:00,2025-03-20 Thu 10:30,2025-03-20,9.0,3.0,-62.0,6.0,0.5314210302190274,ok,ok,True
2025-03-27 14:30:00+00:00,2025-03-27 Thu 10:30,2025-03-27,37.0,37.0,9.0,0.0,0.0,ok,ok,True
2025-04-03 14:30:00+00:00,2025-04-03 Thu 10:30,2025-04-03,29.0,27.0,37.0,2.0,0.17734063535428488,ok,ok,True
2025-04-10 14:30:00+00:00,2025-04-10 Thu 10:30,2025-04-10,57.0,60.0,29.0,-3.0,-0.2661815669755198,ok,ok,True
2025-04-17 14:30:00+00:00,2025-04-17 Thu 10:30,2025-04-17,16.0,24.0,57.0,-8.0,-0.7102657976055327,ok,ok,True
2025-04-24 14:30:00+00:00,2025-04-24 Thu 10:30,2025-04-24,88.0,69.0,16.0,19.0,1.687486526263219,ok,ok,True
2025-05-01 18:00:00+00:00,2025-05-01 Thu 14:00,2025-05-01,107.0,111.0,88.0,-4.0,-0.3548000135545198,unexplained,ok,False
2025-05-08 14:30:00+00:00,2025-05-08 Thu 10:30,2025-05-08,104.0,103.0,107.0,1.0,0.0887528108039549,ok,ok,True
2025-05-15 14:30:00+00:00,2025-05-15 Thu 10:30,2025-05-15,110.0,111.0,104.0,-1.0,-0.08881106822127949,ok,ok,True
2025-05-22 14:30:00+00:00,2025-05-22 Thu 10:30,2025-05-22,120.0,118.0,110.0,2.0,0.17773976665947225,ok,ok,True
2025-05-29 14:30:00+00:00,2025-05-29 Thu 10:30,2025-05-29,101.0,98.0,120.0,3.0,0.26677909648551756,ok,ok,True
2025-06-05 14:30:00+00:00,2025-06-05 Thu 10:30,2025-06-05,122.0,111.0,101.0,11.0,0.9787820465494939,ok,ok,True
2025-06-12 14:30:00+00:00,2025-06-12 Thu 10:30,2025-06-12,109.0,108.0,122.0,1.0,0.08897947638660188,ok,ok,True
2025-06-18 16:00:00+00:00,2025-06-18 Wed 12:00,2025-06-18,95.0,96.0,109.0,-1.0,-0.089037520669949,holiday_shift,ok,True
2025-06-26 14:30:00+00:00,2025-06-26 Thu 10:30,2025-06-26,96.0,88.0,95.0,8.0,0.7127686428155793,ok,ok,True
2025-07-03 14:30:00+00:00,2025-07-03 Thu 10:30,2025-07-03,55.0,48.0,96.0,7.0,0.6238592376347848,ok,ok,True
2025-07-10 14:30:00+00:00,2025-07-10 Thu 10:30,2025-07-10,53.0,56.0,55.0,-3.0,-0.2674701145130315,ok,ok,True
2025-07-17 14:30:00+00:00,2025-07-17 Thu 10:30,2025-07-17,46.0,44.0,53.0,2.0,0.17842377462416123,ok,ok,True
2025-07-24 14:30:00+00:00,2025-07-24 Thu 10:30,2025-07-24,23.0,28.0,46.0,-5.0,-0.4463402890579379,ok,ok,True
2025-07-31 14:30:00+00:00,2025-07-31 Thu 10:30,2025-07-31,48.0,37.0,23.0,11.0,0.9824783506879148,ok,ok,True
2025-08-07 14:30:00+00:00,2025-08-07 Thu 10:30,2025-08-07,7.0,10.0,48.0,-3.0,-0.26794611110253286,ok,ok,True
2025-08-14 14:30:00+00:00,2025-08-14 Thu 10:30,2025-08-14,56.0,53.0,7.0,3.0,0.26811098746140005,ok,ok,True
2025-08-21 14:30:00+00:00,2025-08-21 Thu 10:30,2025-08-21,13.0,19.0,56.0,-6.0,-0.5365423702801217,ok,ok,True
2025-08-28 14:30:00+00:00,2025-08-28 Thu 10:30,2025-08-28,18.0,27.0,13.0,-9.0,-0.8052008483974884,ok,ok,True
2025-09-04 14:30:00+00:00,2025-09-04 Thu 10:30,2025-09-04,55.0,54.0,18.0,1.0,0.08948957932854974,ok,diff +10.000,True
2025-09-11 14:30:00+00:00,2025-09-11 Thu 10:30,2025-09-11,71.0,69.0,55.0,2.0,0.179094098078859,ok,ok,True
2025-09-18 14:30:00+00:00,2025-09-18 Thu 10:30,2025-09-18,90.0,80.0,71.0,10.0,0.8960281568593105,ok,ok,True
2025-09-25 14:30:00+00:00,2025-09-25 Thu 10:30,2025-09-25,75.0,76.0,90.0,-1.0,-0.08961166043591565,ok,diff -1.000,True
2025-10-02 14:30:00+00:00,2025-10-02 Thu 10:30,2025-10-02,53.0,66.0,75.0,-13.0,-1.1657035858932985,ok,diff +1.000,True
2025-10-09 14:30:00+00:00,2025-10-09 Thu 10:30,2025-10-09,80.0,76.0,53.0,4.0,0.3586081566764461,ok,ok,True
2025-10-16 14:30:00+00:00,2025-10-16 Thu 10:30,2025-10-16,80.0,76.0,80.0,4.0,0.3588058062482957,ok,diff -1.000,True
2025-10-23 14:30:00+00:00,2025-10-23 Thu 10:30,2025-10-23,87.0,78.0,80.0,9.0,0.807757559799461,ok,diff +1.000,True
2025-10-30 14:30:00+00:00,2025-10-30 Thu 10:30,2025-10-30,74.0,71.0,87.0,3.0,0.2693059390252865,ok,ok,True
2025-11-06 15:30:00+00:00,2025-11-06 Thu 10:30,2025-11-06,33.0,34.0,74.0,-1.0,-0.08982150671806817,ok,ok,True
2025-11-14 15:30:00+00:00,2025-11-14 Fri 10:30,2025-11-14,45.0,34.0,33.0,11.0,0.9886693617501873,holiday_shift,ok,True
2025-11-20 15:30:00+00:00,2025-11-20 Thu 10:30,2025-11-20,-14.0,-12.0,45.0,-2.0,-0.17975541042900786,ok,ok,True
2025-11-26 17:00:00+00:00,2025-11-26 Wed 12:00,2025-11-26,-11.0,-5.0,-14.0,-6.0,-0.5396036527377712,holiday_shift,diff +1.000,True
2025-12-04 15:30:00+00:00,2025-12-04 Thu 10:30,2025-12-04,-12.0,-18.0,-11.0,6.0,0.5398569749063897,ok,diff -1.000,True
2025-12-11 15:30:00+00:00,2025-12-11 Thu 10:30,2025-12-11,-177.0,-170.0,-12.0,-7.0,-0.6301086015384679,ok,diff +1.000,True
2025-12-18 15:30:00+00:00,2025-12-18 Thu 10:30,2025-12-18,-167.0,-176.0,-177.0,9.0,0.8104662859242548,ok,diff -1.000,True
2025-12-31 17:00:00+00:00,2025-12-31 Wed 12:00,2025-12-31,-38.0,-51.0,-166.0,13.0,1.1709021065100693,holiday_shift,diff -1.000,True
2026-01-08 15:30:00+00:00,2026-01-08 Thu 10:30,2026-01-08,-119.0,-109.0,-38.0,-10.0,-0.9004523434458075,ok,diff +1.000,True
2026-01-15 15:30:00+00:00,2026-01-15 Thu 10:30,2026-01-15,-71.0,-89.0,-119.0,18.0,1.6210479868309569,ok,diff -1.000,True
2026-01-22 15:30:00+00:00,2026-01-22 Thu 10:30,2026-01-22,-120.0,-90.0,-71.0,-30.0,-2.698841964685272,ok,ok,True
2026-01-29 15:30:00+00:00,2026-01-29 Thu 10:30,2026-01-29,-242.0,-237.0,-120.0,-5.0,-0.4480563823363809,ok,diff -1.000,True
2026-02-05 15:30:00+00:00,2026-02-05 Thu 10:30,2026-02-05,-360.0,-379.0,-242.0,19.0,1.703499061069856,ok,diff -1.000,True
2026-02-12 15:30:00+00:00,2026-02-12 Thu 10:30,2026-02-12,-249.0,-256.0,-360.0,7.0,0.6268205579268493,ok,diff +3.000,True
2026-02-19 15:30:00+00:00,2026-02-19 Thu 10:30,2026-02-19,-144.0,-148.0,-249.0,4.0,0.358314711808327,ok,diff -1.000,True
2026-02-26 15:30:00+00:00,2026-02-26 Thu 10:30,2026-02-26,-52.0,-36.0,-144.0,-16.0,-1.4340347279629537,ok,ok,True
2026-03-05 15:30:00+00:00,2026-03-05 Thu 10:30,2026-03-05,-132.0,-122.0,-52.0,-10.0,-0.8957086580112359,ok,diff -1.000,True
2026-03-12 14:30:00+00:00,2026-03-12 Thu 10:30,2026-03-12,-38.0,-42.0,-132.0,4.0,0.35833694671662425,ok,ok,True
2026-03-19 14:30:00+00:00,2026-03-19 Thu 10:30,2026-03-19,35.0,39.0,-38.0,-4.0,-0.3585297806763492,ok,diff +1.000,True
2026-03-26 14:30:00+00:00,2026-03-26 Thu 10:30,2026-03-26,-54.0,-49.0,35.0,-5.0,-0.44841215806522183,ok,ok,True
2026-04-02 14:30:00+00:00,2026-04-02 Thu 10:30,2026-04-02,36.0,38.0,-54.0,-2.0,-0.1794570947540833,ok,diff +3.000,True
2026-04-09 14:30:00+00:00,2026-04-09 Thu 10:30,2026-04-09,50.0,41.0,36.0,9.0,0.8080510405976773,ok,diff +1.000,True
2026-04-16 14:30:00+00:00,2026-04-16 Thu 10:30,2026-04-16,59.0,55.0,50.0,4.0,0.35920335305981566,ok,diff -1.000,True
2026-04-23 14:30:00+00:00,2026-04-23 Thu 10:30,2026-04-23,103.0,96.0,59.0,7.0,0.6289418606712507,ok,ok,True
2026-04-30 14:30:00+00:00,2026-04-30 Thu 10:30,2026-04-30,79.0,83.0,103.0,-4.0,-0.35952482407530983,ok,ok,True
2026-05-07 14:30:00+00:00,2026-05-07 Thu 10:30,2026-05-07,63.0,72.0,79.0,-9.0,-0.8093778845720154,ok,ok,True
2026-05-14 14:30:00+00:00,2026-05-14 Thu 10:30,2026-05-14,85.0,86.0,63.0,-1.0,-0.0899521736768697,ok,ok,True
2026-05-21 14:30:00+00:00,2026-05-21 Thu 10:30,2026-05-21,101.0,96.0,85.0,5.0,0.45003956199787154,ok,ok,True
2026-05-28 14:30:00+00:00,2026-05-28 Thu 10:30,2026-05-28,92.0,96.0,101.0,-4.0,-0.3602054843819735,ok,ok,True
2026-06-04 14:30:00+00:00,2026-06-04 Thu 10:30,2026-06-04,95.0,99.0,92.0,-4.0,-0.3604035911242886,ok,ok,True
2026-06-11 14:30:00+00:00,2026-06-11 Thu 10:30,2026-06-11,108.0,101.0,95.0,7.0,0.6310527933091314,ok,ok,True
2026-06-18 14:30:00+00:00,2026-06-18 Thu 10:30,2026-06-18,73.0,82.0,108.0,-9.0,-0.8116413153881402,ok,ok,True
2026-06-25 14:30:00+00:00,2026-06-25 Thu 10:30,2026-06-25,76.0,67.0,73.0,9.0,0.8118307607303457,ok,ok,True
2026-07-02 14:30:00+00:00,2026-07-02 Thu 10:30,2026-07-02,87.0,81.0,76.0,6.0,0.5413219792953818,ok,ok,True
2026-07-09 14:30:00+00:00,2026-07-09 Thu 10:30,2026-07-09,61.0,60.0,87.0,1.0,0.09025833898051644,ok,ok,True
2026-07-16 14:30:00+00:00,2026-07-16 Thu 10:30,2026-07-16,41.0,45.0,61.0,-4.0,-0.36125309665060545,ok,ok,True
2026-07-23 14:30:00+00:00,2026-07-23 Thu 10:30,2026-07-23,32.0,29.0,41.0,3.0,0.2710873423576743,ok,ok,True
2026-07-30 14:30:00+00:00,2026-07-30 Thu 10:30,2026-07-30,28.0,37.0,32.0,-9.0,-0.8137191711649784,ok,ok,True
2026-08-06 14:30:00+00:00,2026-08-06 Thu 10:30,2026-08-06,33.0,30.0,28.0,3.0,0.2713018167766167,ok,ok,True
2026-08-13 14:30:00+00:00,2026-08-13 Thu 10:30,2026-08-13,36.0,31.0,33.0,5.0,0.45242310383653944,ok,ok,True
2026-08-20 14:30:00+00:00,2026-08-20 Thu 10:30,2026-08-20,16.0,15.0,36.0,1.0,0.09052757672281066,ok,ok,True
2026-08-27 14:30:00+00:00,2026-08-27 Thu 10:30,2026-08-27,15.0,19.0,16.0,-4.0,-0.36232907083750143,ok,ok,True
2026-09-03 14:30:00+00:00,2026-09-03 Thu 10:30,2026-09-03,30.0,30.0,15.0,0.0,0.0,ok,ok,True
2026-09-10 14:30:00+00:00,2026-09-10 Thu 10:30,2026-09-10,40.0,35.0,30.0,5.0,0.4534323660788277,ok,ok,True
2026-09-17 14:30:00+00:00,2026-09-17 Thu 10:30,2026-09-17,44.0,49.0,40.0,-5.0,-0.45364638365964793,ok,ok,True
2026-09-24 14:30:00+00:00,2026-09-24 Thu 10:30,2026-09-24,53.0,50.0,44.0,3.0,0.27232256888957856,ok,ok,True
2026-10-01 14:30:00+00:00,2026-10-01 Thu 10:30,2026-10-01,64.0,63.0,53.0,1.0,0.0908246173024564,ok,ok,True
