utc,release_et,release_date_shown,crude_actual,crude_forecast,crude_previous,crude_surprise,crude_z_exp,time_status,actual_check,gaso_actual,gaso_forecast,gaso_surprise,gaso_z_exp,dist_actual,dist_forecast,dist_surprise,dist_z_exp,api_utc,api_actual,api_forecast,api_surprise,usable
2005-12-01 09:00:00+00:00,2005-12-01 Thu 04:00,2005-12-01,-0.187,,3.477,,,unexplained,diff +4.001,0.855,,,,1.95,,,,,,,,False
2006-01-01 09:00:00+00:00,2006-01-01 Sun 04:00,2006-01-01,0.542,,-0.187,,,unexplained,diff +1.555,0.624,,,,-0.134,,,,,,,,False
2006-02-01 09:00:00+00:00,2006-02-01 Wed 04:00,2006-02-01,-0.151,,0.542,,,unexplained,diff -2.070,3.751,,,,1.645,,,,,,,,False
2006-03-01 09:00:00+00:00,2006-03-01 Wed 04:00,2006-03-01,2.532,,-0.151,,,unexplained,diff +0.894,1.166,,,,-0.778,,,,,,,,False
2006-04-01 09:00:00+00:00,2006-04-01 Sat 04:00,2006-04-01,2.549,,2.532,,,unexplained,ok,-2.966,,,,-2.483,,,,,,,,False
2006-05-01 09:00:00+00:00,2006-05-01 Mon 05:00,2006-05-01,0.981,,2.549,,,unexplained,diff -0.746,-2.269,,,,-1.77,,,,,,,,False
2006-06-01 09:00:00+00:00,2006-06-01 Thu 05:00,2006-06-01,-0.11,,0.981,,,unexplained,diff -1.709,1.566,,,,1.178,,,,,,,,False
2006-07-01 09:00:00+00:00,2006-07-01 Sat 05:00,2006-07-01,-1.111,,-0.11,,,unexplained,diff +1.310,0.72,,,,1.676,,,,,,,,False
2006-08-01 09:00:00+00:00,2006-08-01 Tue 05:00,2006-08-01,-1.857,,-1.111,,,unexplained,ok,-0.679,,,,1.24,,,,,,,,False
2006-09-01 09:00:00+00:00,2006-09-01 Fri 05:00,2006-09-01,-0.528,,-1.857,,,unexplained,diff -3.009,-0.759,,,,1.477,,,,,,,,False
2006-10-01 09:00:00+00:00,2006-10-01 Sun 05:00,2006-10-01,-0.702,,-0.528,,,unexplained,diff -4.057,1.98,,,,2.89,,,,,,,,False
2006-11-01 09:00:00+00:00,2006-11-01 Wed 04:00,2006-11-01,1.433,,-0.702,,,unexplained,ok,-2.425,,,,-2.563,,,,,,,,False
2006-12-01 09:00:00+00:00,2006-12-01 Fri 04:00,2006-12-01,1.251,,1.433,,,unexplained,diff +1.611,-0.942,,,,-1.758,,,,,,,,False
2007-01-01 09:00:00+00:00,2007-01-01 Mon 04:00,2007-01-01,-4.824,,1.251,,,unexplained,diff -3.525,2.213,,,,0.741,,,,,,,,False
2007-02-01 09:00:00+00:00,2007-02-01 Thu 04:00,2007-02-01,1.083,,-4.824,,,unexplained,diff -1.601,3.618,,,,0.486,,,,,,,,False
2007-03-01 09:00:00+00:00,2007-03-01 Thu 04:00,2007-03-01,0.359,,1.083,,,unexplained,diff -1.062,-2.062,,,,-3.523,,,,,,,,False
2007-04-01 09:00:00+00:00,2007-04-01 Sun 05:00,2007-04-01,1.506,,0.359,,,unexplained,diff -2.801,-2.892,,,,-1.307,,,,,,,,False
2007-05-01 09:00:00+00:00,2007-05-01 Tue 05:00,2007-05-01,0.959,,1.506,,,unexplained,ok,-2.864,,,,-0.117,,,,,,,,False
2007-06-01 09:00:00+00:00,2007-06-01 Fri 05:00,2007-06-01,1.211,,0.959,,,unexplained,diff +3.167,1.666,,,,0.967,,,,,,,,False
2007-07-01 09:00:00+00:00,2007-07-01 Sun 05:00,2007-07-01,2.79,,1.211,,,unexplained,ok,0.857,,,,-0.071,,,,,,,,False
2007-08-01 09:00:00+00:00,2007-08-01 Wed 05:00,2007-08-01,-2.538,,2.79,,,unexplained,diff +3.959,-0.091,,,,1.209,,,,,,,,False
2007-09-01 09:00:00+00:00,2007-09-01 Sat 05:00,2007-09-01,-2.873,,-2.538,,,unexplained,diff +1.099,-2.815,,,,1.139,,,,,,,,False
2007-10-01 09:00:00+00:00,2007-10-01 Mon 05:00,2007-10-01,-1.976,,-2.873,,,unexplained,diff -3.114,0.061,,,,0.929,,,,,,,,False
2007-11-01 09:00:00+00:00,2007-11-01 Thu 05:00,2007-11-01,-2.079,,-1.976,,,unexplained,diff +1.815,0.721,,,,-0.119,,,,,,,,False
2007-12-01 09:00:00+00:00,2007-12-01 Sat 04:00,2007-12-01,-1.58,,-2.079,,,unexplained,diff +6.333,1.36,,,,-0.68,,,,,,,,False
2008-01-01 09:00:00+00:00,2008-01-01 Tue 04:00,2008-01-01,-4.05,,-1.58,,,unexplained,ok,1.967,,,,-1.158,,,,,,,,False
2008-02-13 15:30:00+00:00,2008-02-13 Wed 10:30,2008-02-13,1.1,2.4,7.0,-1.2999999999999998,,ok,ok,,,,,,,,,,,,,True
2008-02-21 15:30:00+00:00,2008-02-21 Thu 10:30,2008-02-21,4.2,0.0,1.1,4.2,,holiday_shift,ok,,,,,,,,,,,,,True
2008-02-27 15:30:00+00:00,2008-02-27 Wed 10:30,2008-02-27,3.2,0.0,4.2,3.2,,ok,ok,,,,,,,,,,,,,True
2008-03-05 15:30:00+00:00,2008-03-05 Wed 10:30,2008-03-05,-3.1,0.0,3.2,-3.1,,ok,ok,,,,,,,,,,,,,True
2008-03-12 14:30:00+00:00,2008-03-12 Wed 10:30,2008-03-12,6.2,0.0,-3.1,6.2,,ok,ok,,,,,,,,,,,,,True
2008-03-19 14:30:00+00:00,2008-03-19 Wed 10:30,2008-03-19,0.1,2.3,6.2,-2.1999999999999997,,ok,ok,,,,,,,,,,,,,True
2008-03-26 14:30:00+00:00,2008-03-26 Wed 10:30,2008-03-26,0.1,1.7,0.2,-1.5999999999999999,,ok,ok,,,,,,,,,,,,,True
2008-04-02 14:30:00+00:00,2008-04-02 Wed 10:30,2008-04-02,1.9,0.0,0.0,1.9,,ok,diff -5.417,,,,,,,,,,,,,True
2008-04-09 14:30:00+00:00,2008-04-09 Wed 10:30,2008-04-09,-3.1,0.0,7.3,-3.1,,ok,ok,,,,,,,,,,,,,True
2008-04-16 14:30:00+00:00,2008-04-16 Wed 10:30,2008-04-16,-2.4,0.0,-3.1,-2.4,,ok,ok,,,,,,,,,,,,,True
2008-04-23 14:30:00+00:00,2008-04-23 Wed 10:30,2008-04-23,2.4,0.0,-2.4,2.4,,ok,ok,,,,,,,,,,,,,True
2008-04-30 14:30:00+00:00,2008-04-30 Wed 10:30,2008-04-30,3.8,0.0,2.4,3.8,,ok,ok,-2.831,,,,-0.731,,,,,,,,True
2008-05-07 14:30:00+00:00,2008-05-07 Wed 10:30,2008-05-07,5.7,0.0,3.8,5.7,,ok,ok,,,,,,,,,,,,,True
2008-05-14 15:30:00+00:00,2008-05-14 Wed 11:30,2008-05-14,0.2,0.0,5.7,0.2,,unexplained,ok,,,,,,,,,,,,,False
2008-05-21 15:30:00+00:00,2008-05-21 Wed 11:30,2008-05-21,-5.3,,0.2,,,unexplained,ok,,,,,,,,,,,,,False
2008-05-29 15:30:00+00:00,2008-05-29 Thu 11:30,2008-05-29,-8.8,,-5.4,,,holiday_shift,ok,,,,,,,,,,,,,True
2008-06-04 15:30:00+00:00,2008-06-04 Wed 11:30,2008-06-04,-4.8,,-8.8,,,unexplained,ok,,,,,,,,,,,,,False
2008-06-11 15:35:00+00:00,2008-06-11 Wed 11:35,2008-06-11,-4.6,,-4.8,,,unexplained,ok,,,,,,,,,,,,,False
2008-06-18 14:35:00+00:00,2008-06-18 Wed 10:35,2008-06-18,-1.2,,-4.6,,,unexplained,ok,,,,,,,,,,,,,False
2008-06-25 14:30:00+00:00,2008-06-25 Wed 10:30,2008-06-25,0.8,,-1.2,,,ok,ok,,,,,,,,,,,,,True
2008-07-02 14:30:00+00:00,2008-07-02 Wed 10:30,2008-07-02,-2.0,,0.8,,,ok,ok,,,,,,,,,,,,,True
2008-07-09 14:35:00+00:00,2008-07-09 Wed 10:35,2008-07-09,-5.9,,-2.0,,,unexplained,ok,,,,,,,,,,,,,False
2008-07-16 14:35:00+00:00,2008-07-16 Wed 10:35,2008-07-16,3.0,,-5.9,,,unexplained,ok,,,,,,,,,,,,,False
2008-07-23 14:35:00+00:00,2008-07-23 Wed 10:35,2008-07-23,-1.6,,3.0,,,unexplained,ok,,,,,,,,,,,,,False
2008-07-30 14:35:00+00:00,2008-07-30 Wed 10:35,2008-07-30,-0.1,,-1.6,,,unexplained,ok,,,,,,,,,,,,,False
2008-08-06 14:35:00+00:00,2008-08-06 Wed 10:35,2008-08-06,1.7,,-0.1,,,unexplained,ok,,,,,,,,,,,,,False
2008-08-13 14:35:00+00:00,2008-08-13 Wed 10:35,2008-08-13,-0.4,,1.7,,,unexplained,ok,,,,,,,,,,,,,False
2008-08-20 14:35:00+00:00,2008-08-20 Wed 10:35,2008-08-20,9.4,,-0.4,,,unexplained,ok,,,,,,,,,,,,,False
2008-08-27 14:35:00+00:00,2008-08-27 Wed 10:35,2008-08-27,-0.1,,9.4,,,unexplained,ok,,,,,,,,,,,,,False
2008-09-04 15:00:00+00:00,2008-09-04 Thu 11:00,2008-09-04,-1.9,,-0.1,,,holiday_shift,ok,,,,,,,,,,,,,True
2008-09-10 14:35:00+00:00,2008-09-10 Wed 10:35,2008-09-10,-5.9,,-1.9,,,unexplained,ok,,,,,,,,,,,,,False
2008-09-17 14:35:00+00:00,2008-09-17 Wed 10:35,2008-09-17,-6.3,,-5.9,,,unexplained,ok,,,,,,,,,,,,,False
2008-09-24 14:35:00+00:00,2008-09-24 Wed 10:35,2008-09-24,-1.5,,-6.3,,,unexplained,ok,,,,,,,,,,,,,False
2008-10-01 14:35:00+00:00,2008-10-01 Wed 10:35,2008-10-01,4.3,,-1.5,,,unexplained,ok,-2.703,,,,-2.004,,,,,,,,False
2008-10-08 14:35:00+00:00,2008-10-08 Wed 10:35,2008-10-08,8.1,,4.3,,,unexplained,ok,,,,,,,,,,,,,False
2008-10-16 15:00:00+00:00,2008-10-16 Thu 11:00,2008-10-16,5.6,,8.1,,,holiday_shift,ok,,,,,,,,,,,,,True
2008-10-22 14:35:00+00:00,2008-10-22 Wed 10:35,2008-10-22,3.2,,5.6,,,unexplained,ok,,,,,,,,,,,,,False
2008-10-29 14:35:00+00:00,2008-10-29 Wed 10:35,2008-10-29,0.5,,3.2,,,unexplained,ok,,,,,,,,,,,,,False
2008-11-05 15:35:00+00:00,2008-11-05 Wed 10:35,2008-11-05,0.0,,0.5,,,unexplained,ok,,,,,,,,,,,,,False
2008-11-13 16:00:00+00:00,2008-11-13 Thu 11:00,2008-11-13,0.0,,0.0,,,holiday_shift,ok,,,,,,,,,,,,,True
2008-11-19 15:35:00+00:00,2008-11-19 Wed 10:35,2008-11-19,1.6,,0.0,,,unexplained,ok,,,,,,,,,,,,,False
2008-11-26 15:35:00+00:00,2008-11-26 Wed 10:35,2008-11-26,7.3,,1.6,,,holiday_shift,ok,,,,,,,,,,,,,True
2008-12-03 15:35:00+00:00,2008-12-03 Wed 10:35,2008-12-03,-0.4,1.8,7.3,-2.2,,unexplained,ok,,,,,,,,,,,,,False
2008-12-10 15:35:00+00:00,2008-12-10 Wed 10:35,2008-12-10,0.4,,-0.4,,,unexplained,ok,,,,,,,,,,,,,False
2008-12-17 15:35:00+00:00,2008-12-17 Wed 10:35,2008-12-17,0.5,,0.4,,,unexplained,ok,,,,,,,,,,,,,False
2008-12-24 15:35:00+00:00,2008-12-24 Wed 10:35,2008-12-24,-3.1,,0.5,,,holiday_shift,ok,,,,,,,,,,,,,True
2008-12-31 15:35:00+00:00,2008-12-31 Wed 10:35,2008-12-31,0.5,,-3.1,,,holiday_shift,ok,2.426,,,,2.637,,,,,,,,True
2009-01-07 15:30:00+00:00,2009-01-07 Wed 10:30,2009-01-07,6.7,,0.5,,,ok,diff +0.606,,,,,,,,,,,,,True
2009-01-14 15:30:00+00:00,2009-01-14 Wed 10:30,2009-01-14,1.2,,6.7,,,ok,ok,,,,,,,,,,,,,True
2009-01-22 16:00:00+00:00,2009-01-22 Thu 11:00,2009-01-22,6.1,1.1,1.2,5.0,,holiday_shift,ok,,,,,,,,,,,,,True
2009-01-28 15:30:00+00:00,2009-01-28 Wed 10:30,2009-01-28,6.2,,6.1,,,ok,ok,,,,,,,,,,,,,True
2009-02-04 15:30:00+00:00,2009-02-04 Wed 10:30,2009-02-04,7.2,,6.2,,,ok,ok,,,,,,,,,,,,,True
2009-02-11 15:30:00+00:00,2009-02-11 Wed 10:30,2009-02-11,4.7,3.1,7.2,1.6,,ok,ok,,,,,,,,,,,,,True
2009-02-19 16:00:00+00:00,2009-02-19 Thu 11:00,2009-02-19,-0.2,,4.7,,,holiday_shift,ok,,,,,,,,,,,,,True
2009-02-25 15:30:00+00:00,2009-02-25 Wed 10:30,2009-02-25,0.7,,-0.2,,,ok,ok,,,,,,,,,,,,,True
2009-03-04 15:30:00+00:00,2009-03-04 Wed 10:30,2009-03-04,-0.7,,0.7,,,ok,ok,,,,,,,,,,,,,True
2009-03-11 14:30:00+00:00,2009-03-11 Wed 10:30,2009-03-11,0.7,,-0.7,,,ok,ok,,,,,,,,,,,,,True
2009-03-18 14:30:00+00:00,2009-03-18 Wed 10:30,2009-03-18,2.0,,0.7,,,ok,ok,,,,,,,,,,,,,True
2009-03-25 14:30:00+00:00,2009-03-25 Wed 10:30,2009-03-25,3.3,1.2,2.0,2.0999999999999996,,ok,ok,,,,,,,,,,,,,True
2009-04-01 14:30:00+00:00,2009-04-01 Wed 10:30,2009-04-01,2.8,,3.3,,,ok,ok,0.351,,,,-0.11,,,,,,,,True
2009-04-08 14:30:00+00:00,2009-04-08 Wed 10:30,2009-04-08,1.7,,2.8,,,ok,ok,,,,,,,,,,,,,True
2009-04-15 14:30:00+00:00,2009-04-15 Wed 10:30,2009-04-15,5.6,,1.7,,,ok,ok,,,,,,,,,,,,,True
2009-04-22 14:30:00+00:00,2009-04-22 Wed 10:30,2009-04-22,3.9,2.3,5.6,1.6,,ok,ok,,,,,,,,,,,,,True
2009-04-29 14:30:00+00:00,2009-04-29 Wed 10:30,2009-04-29,4.1,,3.9,,,ok,ok,,,,,,,,,,,,,True
2009-05-06 14:30:00+00:00,2009-05-06 Wed 10:30,2009-05-06,0.6,,4.1,,,ok,ok,,,,,,,,,,,,,True
2009-05-13 14:30:00+00:00,2009-05-13 Wed 10:30,2009-05-13,-4.7,,0.6,,,ok,ok,,,,,,,,,,,,,True
2009-05-20 14:30:00+00:00,2009-05-20 Wed 10:30,2009-05-20,-2.1,,-4.7,,,ok,ok,,,,,,,,,,,,,True
2009-05-28 15:30:00+00:00,2009-05-28 Thu 11:30,2009-05-28,-5.4,,-2.1,,,holiday_shift,ok,,,,,,,,,,,,,True
2009-06-03 14:30:00+00:00,2009-06-03 Wed 10:30,2009-06-03,2.9,,-5.4,,,ok,ok,,,,,,,,,,,,,True
2009-06-10 14:30:00+00:00,2009-06-10 Wed 10:30,2009-06-10,-4.4,,2.9,,,ok,ok,,,,,,,,,,,,,True
2009-06-17 14:30:00+00:00,2009-06-17 Wed 10:30,2009-06-17,-3.9,,-4.4,,,ok,ok,,,,,,,,,,,,,True
2009-06-24 14:30:00+00:00,2009-06-24 Wed 10:30,2009-06-24,-3.8,,-3.9,,,ok,ok,,,,,,,,,,,,,True
2009-07-01 14:30:00+00:00,2009-07-01 Wed 10:30,2009-07-01,-3.7,,-3.8,,,ok,ok,1.999,,,,1.468,,,,,,,,True
2009-07-08 14:30:00+00:00,2009-07-08 Wed 10:30,2009-07-08,-2.9,,-3.7,,,ok,ok,,,,,,,,,,,,,True
2009-07-15 14:30:00+00:00,2009-07-15 Wed 10:30,2009-07-15,-2.8,,-2.9,,,ok,ok,,,,,,,,,,,,,True
2009-07-22 14:30:00+00:00,2009-07-22 Wed 10:30,2009-07-22,-1.8,,-2.8,,,ok,ok,,,,,,,,,,,,,True
2009-07-29 14:30:00+00:00,2009-07-29 Wed 10:30,2009-07-29,5.1,,-1.8,,,ok,ok,,,,,,,,,,,,,True
2009-08-05 14:30:00+00:00,2009-08-05 Wed 10:30,2009-08-05,1.7,,5.1,,,ok,ok,,,,,,,,,,,,,True
2009-08-12 14:30:00+00:00,2009-08-12 Wed 10:30,2009-08-12,2.5,,1.7,,,ok,ok,,,,,,,,,,,,,True
2009-08-19 14:30:00+00:00,2009-08-19 Wed 10:30,2009-08-19,-8.4,,2.5,,,ok,ok,,,,,,,,,,,,,True
2009-08-26 14:30:00+00:00,2009-08-26 Wed 10:30,2009-08-26,0.2,,-8.4,,,ok,ok,,,,,,,,,,,,,True
2009-09-02 14:30:00+00:00,2009-09-02 Wed 10:30,2009-09-02,-0.4,,0.2,,,ok,ok,,,,,,,,,,,,,True
2009-09-10 15:00:00+00:00,2009-09-10 Thu 11:00,2009-09-10,-5.9,,-0.4,,,holiday_shift,ok,,,,,,,,,,,,,True
2009-09-16 14:30:00+00:00,2009-09-16 Wed 10:30,2009-09-16,-4.7,,-5.9,,,ok,ok,,,,,,,,,,,,,True
2009-09-23 14:30:00+00:00,2009-09-23 Wed 10:30,2009-09-23,2.8,,-4.7,,,ok,ok,,,,,,,,,,,,,True
2009-09-30 14:30:00+00:00,2009-09-30 Wed 10:30,2009-09-30,2.8,,2.8,,,ok,ok,1.754,,,,1.71,,,,,,,,True
2009-10-07 14:30:00+00:00,2009-10-07 Wed 10:30,2009-10-07,-1.0,,2.8,,,ok,ok,,,,,,,,,,,,,True
2009-10-15 15:00:00+00:00,2009-10-15 Thu 11:00,2009-10-15,0.4,,-1.0,,,holiday_shift,ok,,,,,,,,,,,,,True
2009-10-21 14:30:00+00:00,2009-10-21 Wed 10:30,2009-10-21,1.3,,0.4,,,ok,ok,,,,,,,,,,,,,True
2009-10-28 14:30:00+00:00,2009-10-28 Wed 10:30,2009-10-28,0.8,,1.3,,,ok,ok,,,,,,,,,,,,,True
2009-11-04 15:30:00+00:00,2009-11-04 Wed 10:30,2009-11-04,-4.0,,0.8,,,ok,ok,,,,,,,,,,,,,True
2009-11-12 16:00:00+00:00,2009-11-12 Thu 11:00,2009-11-12,1.8,,-4.0,,,holiday_shift,ok,,,,,,,,,,,,,True
2009-11-18 15:30:00+00:00,2009-11-18 Wed 10:30,2009-11-18,-0.9,,1.8,,,ok,ok,,,,,,,,,,,,,True
2009-11-25 15:30:00+00:00,2009-11-25 Wed 10:30,2009-11-25,1.0,,-0.9,,,ok,ok,,,,,,,,,,,,,True
2009-12-02 15:30:00+00:00,2009-12-02 Wed 10:30,2009-12-02,2.1,,1.0,,,ok,ok,,,,,,,,,,,,,True
2009-12-09 15:30:00+00:00,2009-12-09 Wed 10:30,2009-12-09,-3.8,,2.1,,,ok,ok,,,,,,,,,,,,,True
2009-12-16 15:30:00+00:00,2009-12-16 Wed 10:30,2009-12-16,-3.7,-2.0,-3.8,-1.7000000000000002,,ok,ok,,,,,,,,,,,,,True
2009-12-23 15:30:00+00:00,2009-12-23 Wed 10:30,2009-12-23,-4.9,,-3.7,,,ok,ok,,,,,,,,,,,,,True
2009-12-30 15:30:00+00:00,2009-12-30 Wed 10:30,2009-12-30,-1.5,,-4.9,,,ok,ok,,,,,,,,,,,,,True
2010-01-06 15:30:00+00:00,2010-01-06 Wed 10:30,2010-01-06,1.3,,-1.5,,,ok,diff +2.643,,,,,,,,,,,,,True
2010-01-13 15:30:00+00:00,2010-01-13 Wed 10:30,2010-01-13,3.7,1.3,1.3,2.4000000000000004,,ok,ok,,,,,,,,,,,,,True
2010-01-21 16:00:00+00:00,2010-01-21 Thu 11:00,2010-01-21,-0.4,,3.7,,,holiday_shift,ok,,,,,,,,,,,,,True
2010-01-27 15:30:00+00:00,2010-01-27 Wed 10:30,2010-01-27,-3.9,,-0.4,,,ok,ok,,,,,,,,,,,,,True
2010-02-03 15:30:00+00:00,2010-02-03 Wed 10:30,2010-02-03,2.3,,-3.9,,,ok,ok,,,,,,,,,,,,,True
2010-02-12 16:00:00+00:00,2010-02-12 Fri 11:00,2010-02-12,2.4,,2.3,,,unexplained,ok,,,,,,,,,,,,,False
2010-02-18 16:00:00+00:00,2010-02-18 Thu 11:00,2010-02-18,3.1,,2.4,,,holiday_shift,ok,,,,,,,,,,,,,True
2010-02-24 15:30:00+00:00,2010-02-24 Wed 10:30,2010-02-24,3.0,,3.1,,,ok,ok,,,,,,,,,,,,,True
2010-03-03 15:30:00+00:00,2010-03-03 Wed 10:30,2010-03-03,4.1,,3.0,,,ok,ok,,,,,,,,,,,,,True
2010-03-10 15:30:00+00:00,2010-03-10 Wed 10:30,2010-03-10,1.4,2.0,4.1,-0.6000000000000001,,ok,ok,,,,,,,,,,,,,True
2010-03-17 14:30:00+00:00,2010-03-17 Wed 10:30,2010-03-17,1.0,,1.4,,,ok,ok,,,,,,,,,,,,,True
2010-03-24 14:30:00+00:00,2010-03-24 Wed 10:30,2010-03-24,7.3,,1.0,,,ok,ok,,,,,,,,,,,,,True
2010-03-31 14:30:00+00:00,2010-03-31 Wed 10:30,2010-03-31,2.9,,7.3,,,ok,ok,-1.863,,,,-1.428,,,,,,,,True
2010-04-07 14:30:00+00:00,2010-04-07 Wed 10:30,2010-04-07,2.0,,2.9,,,ok,ok,,,,,,,,,,,,,True
2010-04-14 14:30:00+00:00,2010-04-14 Wed 10:30,2010-04-14,-2.2,1.4,2.0,-3.6,,ok,ok,,,,,,,,,,,,,True
2010-04-21 14:30:00+00:00,2010-04-21 Wed 10:30,2010-04-21,1.9,,-2.2,,,ok,ok,,,,,,,,,,,,,True
2010-04-28 14:30:00+00:00,2010-04-28 Wed 10:30,2010-04-28,1.9,,1.9,,,ok,ok,,,,,,,,,,,,,True
2010-05-05 14:30:00+00:00,2010-05-05 Wed 10:30,2010-05-05,2.8,,1.9,,,ok,ok,,,,,,,,,,,,,True
2010-05-12 14:30:00+00:00,2010-05-12 Wed 10:30,2010-05-12,1.9,,2.8,,,ok,ok,,,,,,,,,,,,,True
2010-05-19 14:30:00+00:00,2010-05-19 Wed 10:30,2010-05-19,0.2,,1.9,,,ok,ok,,,,,,,,,,,,,True
2010-05-26 14:30:00+00:00,2010-05-26 Wed 10:30,2010-05-26,2.4,,0.2,,,ok,ok,,,,,,,,,,,,,True
2010-06-03 15:00:00+00:00,2010-06-03 Thu 11:00,2010-06-03,-1.9,,2.4,,,holiday_shift,ok,,,,,,,,,,,,,True
2010-06-09 14:30:00+00:00,2010-06-09 Wed 10:30,2010-06-09,-1.8,,-1.9,,,ok,ok,,,,,,,,,,,,,True
2010-06-16 14:30:00+00:00,2010-06-16 Wed 10:30,2010-06-16,1.7,,-1.8,,,ok,ok,,,,,,,,,,,,,True
2010-06-23 14:30:00+00:00,2010-06-23 Wed 10:30,2010-06-23,2.0,,1.7,,,ok,ok,,,,,,,,,,,,,True
2010-06-30 14:30:00+00:00,2010-06-30 Wed 10:30,2010-06-30,-2.0,,2.0,,,ok,ok,-0.017,,,,1.412,,,,,,,,True
2010-07-08 15:00:00+00:00,2010-07-08 Thu 11:00,2010-07-08,-5.0,,-2.0,,,holiday_shift,ok,,,,,,,,,,,,,True
2010-07-14 14:30:00+00:00,2010-07-14 Wed 10:30,2010-07-14,-5.1,,-5.0,,,ok,ok,,,,,,,,,,,,,True
2010-07-21 14:30:00+00:00,2010-07-21 Wed 10:30,2010-07-21,0.4,,-5.1,,,ok,ok,,,,,,,,,,,,,True
2010-07-28 14:30:00+00:00,2010-07-28 Wed 10:30,2010-07-28,7.3,,0.4,,,ok,ok,,,,,,,,,,,,,True
2010-08-04 14:30:00+00:00,2010-08-04 Wed 10:30,2010-08-04,-2.8,,7.3,,,ok,ok,,,,,,,,,,,,,True
2010-08-11 14:30:00+00:00,2010-08-11 Wed 10:30,2010-08-11,-3.0,,-2.8,,,ok,ok,,,,,,,,,,,,,True
2010-08-18 14:30:00+00:00,2010-08-18 Wed 10:30,2010-08-18,-0.8,,-3.0,,,ok,ok,,,,,,,,,,,,,True
2010-08-25 14:30:00+00:00,2010-08-25 Wed 10:30,2010-08-25,4.1,,-0.8,,,ok,ok,,,,,,,,,,,,,True
2010-09-01 14:30:00+00:00,2010-09-01 Wed 10:30,2010-09-01,3.4,,4.1,,,ok,ok,0.53,,,,1.226,,,,,,,,True
2010-09-09 15:00:00+00:00,2010-09-09 Thu 11:00,2010-09-09,-1.9,,3.4,,,holiday_shift,ok,,,,,,,,,,,,,True
2010-09-15 14:30:00+00:00,2010-09-15 Wed 10:30,2010-09-15,-2.5,,-1.9,,,ok,ok,,,,,,,,,,,,,True
2010-09-22 14:30:00+00:00,2010-09-22 Wed 10:30,2010-09-22,1.0,,-2.5,,,ok,ok,,,,,,,,,,,,,True
2010-09-29 14:30:00+00:00,2010-09-29 Wed 10:30,2010-09-29,-0.5,,1.0,,,ok,ok,,,,,,,,,,,,,True
2010-10-06 14:30:00+00:00,2010-10-06 Wed 10:30,2010-10-06,3.1,,-0.5,,,ok,ok,,,,,,,,,,,,,True
2010-10-14 15:00:00+00:00,2010-10-14 Thu 11:00,2010-10-14,-0.4,,3.1,,,holiday_shift,ok,,,,,,,,,,,,,True
2010-10-20 14:30:00+00:00,2010-10-20 Wed 10:30,2010-10-20,0.7,,-0.4,,,ok,ok,,,,,,,,,,,,,True
2010-10-27 14:30:00+00:00,2010-10-27 Wed 10:30,2010-10-27,5.0,,0.7,,,ok,ok,-4.4,0.6,-5.0,,,,,,,,,,True
2010-11-03 14:30:00+00:00,2010-11-03 Wed 10:30,2010-11-03,2.0,,5.0,,,ok,ok,-2.7,0.0,-2.7,,,,,,,,,,True
2010-11-10 15:30:00+00:00,2010-11-10 Wed 10:30,2010-11-10,-3.3,1.1,2.0,-4.4,,ok,ok,-1.9,-1.0,-0.8999999999999999,,,,,,,,,,True
2010-11-17 15:30:00+00:00,2010-11-17 Wed 10:30,2010-11-17,-7.3,-0.5,-3.3,-6.8,,ok,ok,-2.7,-0.75,-1.9500000000000002,,,,,,,,,,True
2010-11-24 15:30:00+00:00,2010-11-24 Wed 10:30,2010-11-24,1.0,-1.9,-7.3,2.9,,ok,ok,1.9,-1.25,3.15,,,,,,,,,,True
2010-12-01 15:30:00+00:00,2010-12-01 Wed 10:30,2010-12-01,1.1,-0.8,1.0,1.9000000000000001,,ok,ok,0.6,0.3,0.3,,-1.354,,,,,,,,True
2010-12-08 15:30:00+00:00,2010-12-08 Wed 10:30,2010-12-08,-3.8,-1.3,1.1,-2.5,,ok,ok,3.8,-0.3,4.1,,,,,,,,,,True
2010-12-15 15:30:00+00:00,2010-12-15 Wed 10:30,2010-12-15,-9.9,-2.7,-3.8,-7.2,,ok,ok,0.8,2.0,-1.2,,,,,,,,,,True
2010-12-22 15:30:00+00:00,2010-12-22 Wed 10:30,2010-12-22,-5.3,-1.1,-9.9,-4.199999999999999,,ok,ok,2.4,1.5,0.8999999999999999,,,,,,,,,,True
2010-12-30 16:00:00+00:00,2010-12-30 Thu 11:00,2010-12-30,-1.3,-2.8,-5.3,1.4999999999999998,,holiday_shift,ok,-2.3,1.5,-3.8,,,,,,,,,,True
2011-01-05 15:30:00+00:00,2011-01-05 Wed 10:30,2011-01-05,-4.2,-1.4,-1.3,-2.8000000000000003,,ok,ok,3.3,0.5,2.8,,,,,,,,,,True
2011-01-12 15:30:00+00:00,2011-01-12 Wed 10:30,2011-01-12,-2.2,0.4,-4.2,-2.6,,ok,ok,5.1,2.1,2.9999999999999996,,,,,,,,,,True
2011-01-20 16:00:00+00:00,2011-01-20 Thu 11:00,2011-01-20,2.6,-1.1,-2.2,3.7,,holiday_shift,ok,4.4,2.3,2.1000000000000005,,,,,,,,,,True
2011-01-26 15:30:00+00:00,2011-01-26 Wed 10:30,2011-01-26,4.8,1.25,2.6,3.55,,ok,ok,2.4,2.2,0.19999999999999973,,,,,,,,,,True
2011-02-02 15:30:00+00:00,2011-02-02 Wed 10:30,2011-02-02,2.6,2.5,4.8,0.10000000000000009,,ok,ok,6.2,3.0,3.2,,,,,,,,,,True
2011-02-09 15:30:00+00:00,2011-02-09 Wed 10:30,2011-02-09,1.9,2.25,2.6,-0.3500000000000001,,ok,ok,4.7,3.0,1.7000000000000002,,,,,,,,,,True
2011-02-16 15:30:00+00:00,2011-02-16 Wed 10:30,2011-02-16,0.9,1.8,1.9,-0.9,,ok,ok,0.2,1.85,-1.6500000000000001,,,,,,,,,,True
2011-02-24 16:00:00+00:00,2011-02-24 Thu 11:00,2011-02-24,0.8,1.1,0.9,-0.30000000000000004,,holiday_shift,ok,-2.8,0.3,-3.0999999999999996,,,,,,,,,,True
2011-03-02 15:30:00+00:00,2011-03-02 Wed 10:30,2011-03-02,-0.4,1.1,0.8,-1.5,,ok,ok,-3.6,-3.0,-0.6000000000000001,,,,,,,,,,True
2011-03-09 15:30:00+00:00,2011-03-09 Wed 10:30,2011-03-09,2.5,1.1,-0.4,1.4,,ok,ok,-5.5,-2.0,-3.5,,,,,,,,,,True
2011-03-16 14:30:00+00:00,2011-03-16 Wed 10:30,2011-03-16,1.7,1.8,2.5,-0.10000000000000009,,ok,ok,-4.2,-2.0,-2.2,,,,,,,,,,True
2011-03-23 14:30:00+00:00,2011-03-23 Wed 10:30,2011-03-23,2.1,2.0,1.7,0.10000000000000009,,ok,ok,-5.3,-2.0,-3.3,,,,,,,,,,True
2011-03-30 14:30:00+00:00,2011-03-30 Wed 10:30,2011-03-30,2.9,2.0,2.1,0.8999999999999999,,ok,ok,-2.7,-2.0,-0.7000000000000002,,,,,,,,,,True
2011-04-06 14:30:00+00:00,2011-04-06 Wed 10:30,2011-04-06,2.0,1.3,2.9,0.7,,ok,ok,-0.4,-2.1,1.7000000000000002,,,,,,,,,,True
2011-04-13 14:30:00+00:00,2011-04-13 Wed 10:30,2011-04-13,1.6,1.0,2.0,0.6000000000000001,,ok,ok,-7.0,-1.0,-6.0,,,,,,,,,,True
2011-04-20 14:30:00+00:00,2011-04-20 Wed 10:30,2011-04-20,-2.3,0.7,1.6,-3.0,,ok,ok,-1.6,-2.0,0.3999999999999999,,,,,,,,,,True
2011-04-27 14:30:00+00:00,2011-04-27 Wed 10:30,2011-04-27,6.2,1.5,-2.3,4.7,,ok,ok,-2.5,-1.0,-1.5,,,,,,,,,,True
2011-05-04 14:30:00+00:00,2011-05-04 Wed 10:30,2011-05-04,3.4,1.9,6.2,1.5,,ok,ok,-1.0,-0.5,-0.5,,,,,,,,,,True
2011-05-11 14:30:00+00:00,2011-05-11 Wed 10:30,2011-05-11,3.8,1.1,3.4,2.6999999999999997,,ok,ok,1.3,-0.75,2.05,,,,,,,,,,True
2011-05-18 14:30:00+00:00,2011-05-18 Wed 10:30,2011-05-18,0.0,1.5,3.8,-1.5,,ok,ok,0.1,1.0,-0.9,,,,,,,,,,True
2011-05-25 14:30:00+00:00,2011-05-25 Wed 10:30,2011-05-25,0.6,-1.6,0.0,2.2,,ok,ok,3.8,0.4,3.4,,,,,,,,,,True
2011-06-02 15:00:00+00:00,2011-06-02 Thu 11:00,2011-06-02,2.9,-1.8,0.6,4.7,1.5520007961142268,holiday_shift,ok,2.6,0.65,1.9500000000000002,,,,,,,,,,True
2011-06-08 14:30:00+00:00,2011-06-08 Wed 10:30,2011-06-08,-4.8,-1.5,2.9,-3.3,-1.0773818218182662,ok,ok,2.2,1.0,1.2000000000000002,,,,,,,,,,True
2011-06-15 14:30:00+00:00,2011-06-15 Wed 10:30,2011-06-15,-3.4,-1.5,-4.8,-1.9,-0.618435440793576,ok,ok,0.6,1.0,-0.4,,,,,,,,,,True
2011-06-22 14:30:00+00:00,2011-06-22 Wed 10:30,2011-06-22,-1.7,-1.6,-3.4,-0.09999999999999987,-0.03271508266957736,ok,ok,-0.5,0.8,-1.3,,,,,,,,,,True
2011-06-29 14:30:00+00:00,2011-06-29 Wed 10:30,2011-06-29,-4.4,-1.5,-1.7,-2.9000000000000004,-0.9574230419290534,ok,ok,-1.4,0.77,-2.17,,,,,,,,,,True
2011-07-07 15:00:00+00:00,2011-07-07 Thu 11:00,2011-07-07,-0.9,-2.5,-4.4,1.6,0.5282625607284837,holiday_shift,ok,-0.6,0.8,-1.4,,,,,,,,,,True
2011-07-13 14:30:00+00:00,2011-07-13 Wed 10:30,2011-07-13,-3.1,-2.0,-0.9,-1.1,-0.36561546972145,ok,ok,-0.8,0.5,-1.3,,,,,,,,,,True
2011-07-20 14:30:00+00:00,2011-07-20 Wed 10:30,2011-07-20,-3.7,-1.5,-3.1,-2.2,-0.7365754526063125,ok,ok,0.8,-0.1,0.9,,,,,,,,,,True
2011-07-27 14:30:00+00:00,2011-07-27 Wed 10:30,2011-07-27,2.3,-1.5,-3.7,3.8,1.2767949613874934,ok,ok,1.0,0.4,0.6,,,,,,,,,,True
2011-08-03 14:30:00+00:00,2011-08-03 Wed 10:30,2011-08-03,1.0,1.5,2.3,-0.5,-0.16723011370548385,ok,ok,1.7,0.5,1.2,,,,,,,,,,True
2011-08-10 14:30:00+00:00,2011-08-10 Wed 10:30,2011-08-10,-5.2,1.5,1.0,-6.7,-2.2586808418289896,ok,ok,-1.6,0.9,-2.5,,,,,,,,,,True
2011-08-17 14:30:00+00:00,2011-08-17 Wed 10:30,2011-08-17,4.2,-0.5,-5.2,4.7,1.5334915669181115,ok,ok,-3.5,-2.0,-1.5,,,,,,,,,,True
2011-08-24 14:30:00+00:00,2011-08-24 Wed 10:30,2011-08-24,-2.2,0.8,4.2,-3.0,-0.9687907393610251,ok,ok,1.4,-1.0,2.4,,,,,,,,,,True
2011-08-31 14:30:00+00:00,2011-08-31 Wed 10:30,2011-08-31,5.3,0.9,-2.2,4.3999999999999995,1.4212052675422464,ok,ok,-2.8,-0.9,-1.9,,0.92,,,,,,,,True
2011-09-08 15:00:00+00:00,2011-09-08 Thu 11:00,2011-09-08,-4.0,-2.2,5.3,-1.7999999999999998,-0.5771431101813935,holiday_shift,ok,0.2,-1.4,1.5999999999999999,,,,,,,,,,True
2011-09-14 14:30:00+00:00,2011-09-14 Wed 10:30,2011-09-14,-6.7,-3.0,-4.0,-3.7,-1.1921088232308328,ok,ok,1.9,-0.5,2.4,,,,,,,,,,True
2011-09-21 14:30:00+00:00,2011-09-21 Wed 10:30,2011-09-21,-7.3,-1.5,-6.7,-5.8,-1.8624460418692521,ok,ok,3.3,1.35,1.9499999999999997,,,,,,,,,,True
2011-09-28 14:30:00+00:00,2011-09-28 Wed 10:30,2011-09-28,1.9,1.0,-7.3,0.8999999999999999,0.28396622402119687,ok,ok,0.8,1.1,-0.30000000000000004,,,,,,,,,,True
2011-10-05 14:30:00+00:00,2011-10-05 Wed 10:30,2011-10-05,-4.7,1.5,1.9,-6.2,-1.9691999528359303,ok,ok,-1.1,1.2,-2.3,,,,,,,,,,True
2011-10-13 15:00:00+00:00,2011-10-13 Thu 11:00,2011-10-13,1.3,0.8,-4.7,0.5,0.15577471092144893,holiday_shift,ok,-4.1,0.1,-4.199999999999999,,,,,,,,,,True
2011-10-19 14:30:00+00:00,2011-10-19 Wed 10:30,2011-10-19,-4.7,1.8,1.3,-6.5,-2.0389047781630323,ok,ok,-3.3,-1.0,-2.3,,,,,,,,,,True
2011-10-26 14:30:00+00:00,2011-10-26 Wed 10:30,2011-10-26,4.7,0.8,-4.7,3.9000000000000004,1.1991839409206997,ok,ok,-1.4,-1.0,-0.3999999999999999,-0.16940411559671828,,,,,,,,,True
2011-11-02 14:30:00+00:00,2011-11-02 Wed 10:30,2011-11-02,1.8,1.2,4.7,0.6000000000000001,0.1837541545569494,ok,ok,1.4,-0.9,2.3,0.9835716599129105,,,,,,,,,True
2011-11-09 15:30:00+00:00,2011-11-09 Wed 10:30,2011-11-09,-1.4,0.5,1.8,-1.9,-0.5856414729605768,ok,ok,-2.1,-0.4,-1.7000000000000002,-0.7252421349770811,,,,,,,,,True
2011-11-16 15:30:00+00:00,2011-11-16 Wed 10:30,2011-11-16,-1.1,-1.2,-1.4,0.09999999999999987,0.030971274779029754,ok,ok,1.0,-1.0,2.0,0.858388993714111,,,,,,,,,True
2011-11-23 15:30:00+00:00,2011-11-23 Wed 10:30,2011-11-23,-6.2,-0.5,-1.1,-5.7,-1.7770046792236152,ok,ok,4.5,1.0,3.5,1.5025243868509863,,,,,,,,,True
2011-11-30 15:30:00+00:00,2011-11-30 Wed 10:30,2011-11-30,3.9,1.0,-6.2,2.9,0.8929848486261039,ok,ok,0.2,1.1,-0.9000000000000001,-0.3810031254780881,-0.154,,,,,,,,True
2011-12-07 15:30:00+00:00,2011-12-07 Wed 10:30,2011-12-07,1.3,-1.1,3.9,2.4000000000000004,0.7393660486554982,ok,ok,5.1,1.0,4.1,1.7498131943942816,,,,,,,,,True
2011-12-14 15:30:00+00:00,2011-12-14 Wed 10:30,2011-12-14,-1.9,-2.0,1.3,0.10000000000000009,0.030877891219915597,ok,ok,3.8,1.0,2.8,1.1714979843051672,,,,,,,,,True
2011-12-21 15:30:00+00:00,2011-12-21 Wed 10:30,2011-12-21,-10.6,-2.4,-1.9,-8.2,-2.5478470859718954,ok,ok,-0.4,1.0,-1.4,-0.5832823444120828,,,,,,,,,True
2011-12-29 16:00:00+00:00,2011-12-29 Thu 11:00,2011-12-29,3.9,-2.5,-10.6,6.4,1.9282461220765006,holiday_shift,ok,-0.7,-0.5,-0.19999999999999996,-0.08382539927144667,,,,,,,,,True
2012-01-05 16:00:00+00:00,2012-01-05 Thu 11:00,2012-01-05,2.2,-1.2,3.9,3.4000000000000004,1.0062048191693624,holiday_shift,ok,2.5,1.0,1.5,0.6339026726743157,,,,,,,,,True
2012-01-11 15:30:00+00:00,2012-01-11 Wed 10:30,2012-01-11,5.0,1.0,2.2,4.0,1.1829525384989572,ok,diff +3.175,3.6,2.0,1.6,0.6791030844158591,,,,,,,,,True
2012-01-19 16:00:00+00:00,2012-01-19 Thu 11:00,2012-01-19,-3.4,2.9,5.0,-6.3,-1.857783523907295,holiday_shift,ok,3.7,2.35,1.35,0.5752244578091059,,,,,,,,,True
2012-01-25 15:30:00+00:00,2012-01-25 Wed 10:30,2012-01-25,3.6,0.9,-3.4,2.7,0.7856063540739397,ok,ok,-0.4,2.2,-2.6,-1.113403538525668,,,,,,,,,True
2012-02-01 15:30:00+00:00,2012-02-01 Wed 10:30,2012-02-01,4.2,3.0,3.6,1.2000000000000002,0.34979098422356314,ok,ok,3.0,1.0,2.0,0.8553242328676623,0.523,,,,,,,,True
2012-02-08 15:30:00+00:00,2012-02-08 Wed 10:30,2012-02-08,0.3,2.5,4.2,-2.2,-0.6444389065751174,ok,ok,1.6,0.5,1.1,0.471190162262057,,,,,,,,,True
2012-02-15 15:30:00+00:00,2012-02-15 Wed 10:30,2012-02-15,-0.2,1.7,0.3,-1.9,-0.558575061183709,ok,ok,0.4,0.7,-0.29999999999999993,-0.12923893013283655,,,,,,,,,True
2012-02-23 16:00:00+00:00,2012-02-23 Thu 11:00,2012-02-23,1.6,1.0,-0.2,0.6000000000000001,0.17712677348981037,holiday_shift,ok,-0.6,-0.3,-0.3,-0.13018795160372798,,,,,,,,,True
2012-02-29 15:30:00+00:00,2012-02-29 Wed 10:30,2012-02-29,4.2,1.2,1.6,3.0,0.8903435365369144,ok,ok,-1.6,0.25,-1.85,-0.80863564239893,-1.335,,,,,,,,True
2012-03-07 15:30:00+00:00,2012-03-07 Wed 10:30,2012-03-07,0.8,1.5,4.2,-0.7,-0.20789790827074991,ok,ok,-0.4,-2.0,1.6,0.701311510890408,,,,,,,,,True
2012-03-14 14:30:00+00:00,2012-03-14 Wed 10:30,2012-03-14,1.8,2.0,0.8,-0.19999999999999996,-0.0597153082397632,ok,ok,-1.4,-1.0,-0.3999999999999999,-0.17590977564486981,,,,,,,,,True
2012-03-21 14:30:00+00:00,2012-03-21 Wed 10:30,2012-03-21,-1.2,2.2,1.8,-3.4000000000000004,-1.020659964607075,ok,ok,-1.2,-2.0,0.8,0.3542305275994507,,,,,,,,,True
2012-03-28 14:30:00+00:00,2012-03-28 Wed 10:30,2012-03-28,7.1,2.5,-1.2,4.6,1.381229365615613,ok,ok,-3.537,-1.7,-1.837,-0.8182265835321385,,,,,2012-03-27 20:30:00,3.602,2.767,0.835,True
2012-04-04 14:30:00+00:00,2012-04-04 Wed 10:30,2012-04-04,9.009,2.214,7.102,6.795,2.0294055099253563,ok,ok,-1.457,-1.4,-0.05700000000000016,-0.025452485054163743,,,,,2012-04-03 20:30:00,7.848,2.214,5.634,True
2012-04-11 14:30:00+00:00,2012-04-11 Wed 10:30,2012-04-11,2.791,2.125,9.009,0.6659999999999999,0.19566091898929266,ok,ok,-4.277,-1.344,-2.933,-1.3185059658245748,,,,,2012-04-10 20:30:00,6.584,2.08,4.504,True
2012-04-18 14:30:00+00:00,2012-04-18 Wed 10:30,2012-04-18,3.856,1.363,2.791,2.493,0.736046853992432,ok,ok,-3.671,-0.931,-2.7399999999999998,-1.22661225249003,,,,,2012-04-17 20:30:00,3.409,1.567,1.8419999999999999,True
2012-04-25 14:30:00+00:00,2012-04-25 Wed 10:30,2012-04-25,3.978,2.65,3.856,1.3280000000000003,0.39298622399582206,ok,ok,-2.235,-0.925,-1.3099999999999998,-0.5850289455712552,,,,,2012-04-24 20:30:00,-0.985,2.925,-3.9099999999999997,True
2012-05-02 14:30:00+00:00,2012-05-02 Wed 10:30,2012-05-02,2.84,2.489,3.978,0.351,0.10431518341543566,ok,ok,-2.009,-0.772,-1.2369999999999999,-0.5550312916928769,,,,,2012-05-01 20:30:00,2.035,2.26,-0.22499999999999964,True
2012-05-09 14:30:00+00:00,2012-05-09 Wed 10:30,2012-05-09,3.652,1.971,2.84,1.681,0.5020736242468371,ok,diff -1.637,-2.613,-0.046,-2.567,-1.1574211297324133,,,,,2012-05-08 20:30:00,7.781,2.0,5.781,True
2012-05-16 14:30:00+00:00,2012-05-16 Wed 10:30,2012-05-16,2.128,1.736,3.652,0.3920000000000001,0.11751945462335056,ok,ok,-2.797,-0.491,-2.306,-1.0387263570480418,,,,,2012-05-15 20:30:00,6.571,1.533,5.038,True
2012-05-23 14:30:00+00:00,2012-05-23 Wed 10:30,2012-05-23,0.883,0.95,2.128,-0.06699999999999995,-0.020184218659436055,ok,ok,-3.299,-0.471,-2.828,-1.274712440338047,,,,,2012-05-22 20:30:00,1.482,0.96,0.522,True
2012-05-31 15:00:00+00:00,2012-05-31 Thu 11:00,2012-05-31,2.213,0.558,0.883,1.655,0.5010164261076856,holiday_shift,ok,-0.833,-0.833,0.0,0.0,-0.823,,,,2012-05-30 20:30:00,-0.353,0.47,-0.823,True
2012-06-06 14:30:00+00:00,2012-06-06 Wed 10:30,2012-06-06,-0.111,-0.488,2.213,0.377,0.11454769503284833,ok,diff +1.652,3.346,0.708,2.638,1.1935696204766764,,,,,2012-06-05 20:30:00,-1.765,-0.9,-0.8649999999999999,True
2012-06-13 14:30:00+00:00,2012-06-13 Wed 10:30,2012-06-13,-0.191,-1.411,-0.111,1.22,0.3724443311336682,ok,ok,-1.724,1.133,-2.857,-1.2873913577771972,,,,,2012-06-12 20:30:00,1.593,-1.5,3.093,True
2012-06-20 14:30:00+00:00,2012-06-20 Wed 10:30,2012-06-20,2.861,-1.11,-0.191,3.971,1.217296181066795,ok,ok,0.943,0.81,0.1329999999999999,0.05979100453743254,,,,,2012-06-19 20:30:00,-0.55,-1.0,0.44999999999999996,True
2012-06-27 14:30:00+00:00,2012-06-27 Wed 10:30,2012-06-27,-0.133,-0.45,2.861,0.317,0.09698193317656917,ok,ok,2.078,0.77,1.3079999999999998,0.5913679060987173,,,,,2012-06-26 20:30:00,0.507,-0.733,1.24,True
2012-07-05 15:00:00+00:00,2012-07-05 Thu 11:00,2012-07-05,-4.27,-1.929,-0.133,-2.3409999999999993,-0.7195209935341456,holiday_shift,ok,0.151,0.593,-0.44199999999999995,-0.20042786780198854,,,,,2012-07-03 20:30:00,-3.033,-2.2,-0.8329999999999997,True
2012-07-11 14:30:00+00:00,2012-07-11 Wed 10:30,2012-07-11,-4.696,-1.156,-4.27,-3.54,-1.090268128834232,ok,ok,2.752,0.294,2.4579999999999997,1.1209227623799751,,,,,2012-07-10 20:30:00,-0.695,-1.1,0.40500000000000014,True
2012-07-18 14:30:00+00:00,2012-07-18 Wed 10:30,2012-07-18,-0.809,-1.15,-4.696,0.34099999999999986,0.1049150480130156,ok,ok,-1.815,1.163,-2.9779999999999998,-1.3543818956309346,,,,,2012-07-17 20:30:00,-2.01,-0.5,-1.5099999999999998,True
2012-07-25 14:30:00+00:00,2012-07-25 Wed 10:30,2012-07-25,2.717,-0.65,-0.809,3.367,1.0405784973958565,ok,ok,4.134,-0.63,4.764,2.15969184590674,,,,,2012-07-24 20:30:00,1.348,-0.65,1.9980000000000002,True
2012-08-01 14:30:00+00:00,2012-08-01 Wed 10:30,2012-08-01,-6.522,-0.709,2.717,-5.813000000000001,-1.7961478343865869,ok,ok,-2.174,0.973,-3.147,-1.3957946782568909,1.404,,,,2012-07-31 20:30:00,-11.605,-1.6,-10.005,True
2012-08-08 14:30:00+00:00,2012-08-08 Wed 10:30,2012-08-08,-3.729,-0.267,-6.522,-3.462,-1.0590981740977565,ok,ok,-1.801,-1.067,-0.734,-0.32428694952045306,,,,,2012-08-07 20:30:00,-5.354,-0.54,-4.814,True
2012-08-15 14:30:00+00:00,2012-08-15 Wed 10:30,2012-08-15,-3.699,-1.73,-3.729,-1.9689999999999999,-0.6020285751859937,ok,ok,-2.371,-1.485,-0.8859999999999999,-0.39344851983486556,,,,,2012-08-14 20:30:00,2.784,-1.73,4.513999999999999,True
2012-08-22 14:30:00+00:00,2012-08-22 Wed 10:30,2012-08-22,-5.412,-0.413,-3.699,-4.999,-1.5327619197501823,ok,ok,-0.962,-0.725,-0.237,-0.1057592139120188,,,,,2012-08-21 20:30:00,-6.041,0.05,-6.091,True
2012-08-29 14:30:00+00:00,2012-08-29 Wed 10:30,2012-08-29,3.778,-1.48,-5.412,5.258,1.6031880824248927,ok,ok,-1.509,-1.42,-0.08899999999999997,-0.03992616590483785,,,,,2012-08-28 20:30:00,5.464,-1.783,7.247,True
2012-09-06 15:00:00+00:00,2012-09-06 Thu 11:00,2012-09-06,-7.426,-5.325,3.778,-2.101,-0.6362249633278615,holiday_shift,ok,-2.334,-3.4,1.0659999999999998,0.48071854274172515,,,,,2012-09-05 20:30:00,-7.206,-5.25,-1.9560000000000004,True
2012-09-12 14:30:00+00:00,2012-09-12 Wed 10:30,2012-09-12,1.994,-2.588,-7.426,4.582,1.3911093908299128,ok,diff +0.585,-1.177,-1.6,0.42300000000000004,0.191414509882253,,,,,2012-09-11 20:30:00,0.221,-2.08,2.301,True
2012-09-19 14:30:00+00:00,2012-09-19 Wed 10:30,2012-09-19,8.534,1.0,1.994,7.534000000000001,2.278229293149954,ok,ok,-1.407,1.229,-2.636,-1.1984728165570873,,,,,2012-09-18 20:30:00,2.432,0.233,2.199,True
2012-09-26 14:30:00+00:00,2012-09-26 Wed 10:30,2012-09-26,-2.446,0.92,8.534,-3.366,-1.0006904357677668,ok,ok,-0.481,0.15,-0.631,-0.28657575566188986,,,,,2012-09-25 20:30:00,0.335,1.4,-1.065,True
2012-10-03 14:30:00+00:00,2012-10-03 Wed 10:30,2012-10-03,-0.482,1.535,-2.446,-2.017,-0.5995712347618012,ok,ok,0.114,-0.635,0.749,0.3418218011930294,,,,,2012-10-02 20:30:00,0.462,1.467,-1.0050000000000001,True
2012-10-11 15:00:00+00:00,2012-10-11 Thu 11:00,2012-10-11,1.672,0.78,-0.482,0.8919999999999999,0.2658448968341761,holiday_shift,ok,-0.534,0.025,-0.559,-0.25613222389141205,,,,,2012-10-10 20:30:00,1.646,1.033,0.613,True
2012-10-17 14:30:00+00:00,2012-10-17 Wed 10:30,2012-10-17,2.86,1.675,1.672,1.1849999999999998,0.35451423340212446,ok,ok,1.72,0.488,1.232,0.5672185041056975,,,,,2012-10-16 20:30:00,3.699,1.48,2.219,True
2012-10-24 14:30:00+00:00,2012-10-24 Wed 10:30,2012-10-24,5.896,1.886,2.86,4.01,1.2039427552487474,ok,ok,1.439,0.673,0.766,0.35362725358548347,,,,,2012-10-23 20:30:00,0.313,1.68,-1.367,True
2012-11-01 15:00:00+00:00,2012-11-01 Thu 11:00,2012-11-01,-2.045,1.506,5.896,-3.551,-1.0643648570006494,unexplained,ok,0.935,0.161,0.774,0.35870316270858843,-1.316,,,,2012-10-30 20:30:00,2.116,1.54,0.5760000000000001,False
2012-11-07 15:30:00+00:00,2012-11-07 Wed 10:30,2012-11-07,1.766,1.81,-2.045,-0.04400000000000004,-0.013179854585025172,ok,ok,2.875,-1.01,3.885,1.807358657915259,,,,,2012-11-06 21:30:00,-0.027,0.9,-0.927,True
2012-11-15 16:00:00+00:00,2012-11-15 Thu 11:00,2012-11-15,1.089,1.943,1.766,-0.8540000000000001,-0.2568215559475948,holiday_shift,ok,-0.44,-0.843,0.40299999999999997,0.18525990193666128,,,,,2012-11-14 21:30:00,1.349,1.933,-0.5840000000000001,True
2012-11-21 15:30:00+00:00,2012-11-21 Wed 10:30,2012-11-21,-1.466,0.94,1.089,-2.4059999999999997,-0.7261922708719688,ok,ok,-1.547,1.01,-2.557,-1.180632650097378,,,,,2012-11-20 21:30:00,-1.924,0.85,-2.774,True
2012-11-28 15:30:00+00:00,2012-11-28 Wed 10:30,2012-11-28,-0.347,0.317,-1.466,-0.6639999999999999,-0.2007745115032178,ok,ok,3.865,0.867,2.998,1.3827903569016802,,,,,2012-11-27 21:30:00,1.96,1.25,0.71,True
2012-12-05 15:30:00+00:00,2012-12-05 Wed 10:30,2012-12-05,-2.357,-0.322,-0.347,-2.035,-0.6176079269351926,ok,ok,7.86,1.767,6.093,2.7960926165509843,,,,,2012-12-04 21:30:00,-2.217,0.1,-2.317,True
2012-12-12 15:30:00+00:00,2012-12-12 Wed 10:30,2012-12-12,0.843,-2.343,-2.357,3.186,0.969226488818731,ok,diff +0.703,5.0,2.2,2.8,1.2453423326851039,,,,,2012-12-11 21:30:00,4.266,-1.867,6.133,True
2012-12-19 15:30:00+00:00,2012-12-19 Wed 10:30,2012-12-19,-0.964,-1.122,0.843,0.15800000000000014,0.048076782493296576,ok,ok,2.207,1.844,0.36299999999999977,0.16099434537655877,,,,,2012-12-18 21:30:00,-4.099,-1.025,-3.0740000000000003,True
2012-12-28 16:00:00+00:00,2012-12-28 Fri 11:00,2012-12-28,-0.586,-1.857,-0.964,1.271,0.3882035028769678,holiday_shift,ok,3.782,0.543,3.239,1.4427640161501636,,,,,2012-12-27 21:30:00,-1.169,-1.86,0.6910000000000001,True
2013-01-04 16:00:00+00:00,2013-01-04 Fri 11:00,2013-01-04,-11.12,-0.919,-0.586,-10.200999999999999,-3.125674744146114,holiday_shift,ok,2.569,1.956,0.613,0.27169496693885564,,,,,2013-01-03 21:30:00,-12.032,-0.625,-11.407,True
2013-01-09 15:30:00+00:00,2013-01-09 Wed 10:30,2013-01-09,1.314,1.469,-11.12,-0.15500000000000003,-0.04602697671060796,ok,ok,7.412,2.325,5.087,2.2638321610625987,,,,,2013-01-08 21:30:00,2.362,-0.25,2.612,True
2013-01-16 15:30:00+00:00,2013-01-16 Wed 10:30,2013-01-16,-0.951,2.271,1.314,-3.222,-0.9603010671335158,ok,ok,1.91,2.929,-1.019,-0.4455712150052063,,,,,2013-01-15 21:30:00,0.046,2.025,-1.9789999999999999,True
2013-01-24 16:00:00+00:00,2013-01-24 Thu 11:00,2013-01-24,2.813,1.75,-0.951,1.0630000000000002,0.31695510980539227,holiday_shift,ok,-1.738,1.45,-3.1879999999999997,-1.3987857421758432,,,,,2013-01-23 21:30:00,3.166,2.1,1.0659999999999998,True
2013-01-30 15:30:00+00:00,2013-01-30 Wed 10:30,2013-01-30,5.947,2.583,2.813,3.364,1.0062777736217905,ok,ok,-0.956,-0.108,-0.848,-0.3705560560578853,,,,,2013-01-29 21:30:00,4.163,2.6,1.5630000000000002,True
2013-02-06 15:30:00+00:00,2013-02-06 Wed 10:30,2013-02-06,2.623,2.771,5.947,-0.1479999999999997,-0.04426393262734135,ok,ok,1.738,-0.043,1.781,0.7811308328286016,,,,,2013-02-05 21:30:00,3.625,2.75,0.875,True
2013-02-13 15:30:00+00:00,2013-02-13 Wed 10:30,2013-02-13,0.56,2.35,2.623,-1.79,-0.5372747704522202,ok,ok,-0.803,0.267,-1.07,-0.47004929028791254,,,,,2013-02-12 21:30:00,-2.309,2.35,-4.659000000000001,True
2013-02-21 16:00:00+00:00,2013-02-21 Thu 11:00,2013-02-21,4.143,1.8,0.56,2.343,0.705081512946752,holiday_shift,ok,-2.884,-0.667,-2.2169999999999996,-0.9771134020391294,,,,,2013-02-20 21:30:00,2.961,2.35,0.6109999999999998,True
2013-02-27 15:30:00+00:00,2013-02-27 Wed 10:30,2013-02-27,1.13,2.413,4.143,-1.283,-0.3867511611800732,ok,ok,-1.857,-0.9,-0.957,-0.42189468895859905,,,,,2013-02-26 21:30:00,0.904,2.275,-1.371,True
2013-03-06 15:30:00+00:00,2013-03-06 Wed 10:30,2013-03-06,3.833,0.526,1.13,3.3070000000000004,0.9998853682784785,ok,ok,-0.616,-0.7,0.08399999999999996,0.03715876578124807,,,,,2013-03-05 21:30:00,5.602,0.693,4.909000000000001,True
2013-03-13 14:30:00+00:00,2013-03-13 Wed 10:30,2013-03-13,2.624,2.338,3.833,0.28600000000000003,0.08646645226656693,ok,ok,-3.571,-1.163,-2.4080000000000004,-1.0695622109206098,,,,,2013-03-12 20:30:00,-1.379,2.338,-3.717,True
2013-03-20 14:30:00+00:00,2013-03-20 Wed 10:30,2013-03-20,-1.314,2.017,2.624,-3.331,-1.0105216901272813,ok,ok,-1.476,-2.125,0.649,0.28814921562352175,,,,,2013-03-19 20:30:00,-0.413,1.95,-2.363,True
2013-03-27 14:30:00+00:00,2013-03-27 Wed 10:30,2013-03-27,3.256,0.705,-1.314,2.5509999999999997,0.773895255530839,ok,ok,-1.596,-1.02,-0.5760000000000001,-0.2566667886009804,,,,,2013-03-26 20:30:00,3.738,0.705,3.033,True
2013-04-03 14:30:00+00:00,2013-04-03 Wed 10:30,2013-04-03,2.707,2.2,3.256,0.5069999999999997,0.1540091095842968,ok,ok,-0.572,-0.825,0.253,0.11316265880288162,,,,,2013-04-02 20:30:00,4.709,2.25,2.4589999999999996,True
2013-04-10 14:30:00+00:00,2013-04-10 Wed 10:30,2013-04-10,0.25,1.4,2.707,-1.15,-0.35048510422420076,ok,ok,1.699,-1.089,2.7880000000000003,1.251871667796013,,,,,2013-04-09 20:30:00,5.063,1.467,3.5959999999999996,True
2013-04-17 14:30:00+00:00,2013-04-17 Wed 10:30,2013-04-17,-1.233,1.35,0.25,-2.583,-0.7895639540945641,ok,ok,-0.633,-0.8,0.16700000000000004,0.07480773217088264,,,,,2013-04-16 20:30:00,-6.655,1.35,-8.005,True
2013-04-24 14:30:00+00:00,2013-04-24 Wed 10:30,2013-04-24,0.947,1.513,-1.233,-0.566,-0.17324233966113559,ok,ok,-3.928,-0.175,-3.753,-1.6876618864129973,,,,,2013-04-23 20:30:00,-0.845,1.567,-2.412,True
2013-05-01 14:30:00+00:00,2013-05-01 Wed 10:30,2013-05-01,6.696,1.013,0.947,5.683,1.7451076835393418,ok,ok,-1.818,-0.9,-0.918,-0.41000441859095055,0.793,,,,2013-04-30 20:30:00,5.18,0.85,4.33,True
2013-05-08 14:30:00+00:00,2013-05-08 Wed 10:30,2013-05-08,0.23,1.905,6.696,-1.675,-0.5108629991436809,ok,ok,-0.91,-0.395,-0.515,-0.23076587899222673,,,,,2013-05-07 20:30:00,0.68,1.833,-1.153,True
2013-05-15 14:30:00+00:00,2013-05-15 Wed 10:30,2013-05-15,-0.624,0.33,0.23,-0.954,-0.29167472350352047,ok,ok,2.588,-0.78,3.3680000000000003,1.5146776076175616,,,,,2013-05-14 20:30:00,1.106,0.2,0.9060000000000001,True
2013-05-22 14:30:00+00:00,2013-05-22 Wed 10:30,2013-05-22,-0.338,-0.778,-0.624,0.44,0.134928722430246,ok,ok,3.015,0.022,2.9930000000000003,1.3391637900598024,,,,,2013-05-21 20:30:00,0.532,-0.36,0.892,True
2013-05-30 15:00:00+00:00,2013-05-30 Thu 11:00,2013-05-30,3.0,-0.35,-0.338,3.35,1.030558390302312,holiday_shift,ok,-1.514,0.061,-1.575,-0.702536663100827,1.851,0.017,1.834,,2013-05-29 20:30:00,4.402,-1.125,5.527,True
2013-06-05 14:30:00+00:00,2013-06-05 Wed 10:30,2013-06-05,-6.267,-0.356,3.0,-5.9110000000000005,-1.817966084690535,ok,ok,-0.366,0.522,-0.888,-0.3968637181353557,2.611,1.228,1.3830000000000002,,2013-06-04 20:30:00,-7.792,-0.167,-7.625,True
2013-06-12 14:30:00+00:00,2013-06-12 Wed 10:30,2013-06-12,2.523,-0.722,-6.267,3.245,0.9908669283227112,ok,ok,2.748,0.644,2.104,0.9432825161885521,-1.163,1.5,-2.6630000000000003,,2013-06-11 20:30:00,8.965,1.3,7.665,True
2013-06-19 14:30:00+00:00,2013-06-19 Wed 10:30,2013-06-19,0.313,-0.544,2.523,0.857,0.2616839844657255,ok,ok,0.183,0.683,-0.5,-0.22423482273071735,-0.489,0.406,-0.895,,2013-06-18 20:30:00,-4.286,-0.617,-3.6689999999999996,True
2013-06-26 14:30:00+00:00,2013-06-26 Wed 10:30,2013-06-26,0.018,-1.69,0.313,1.708,0.5230644847908285,ok,ok,3.653,0.855,2.798,1.2591781632533747,1.567,0.6,0.967,,2013-06-25 20:30:00,-0.028,-2.0,1.972,True
2013-07-03 14:30:00+00:00,2013-07-03 Wed 10:30,2013-07-03,-10.347,-2.317,0.018,-8.03,-2.4647049995970605,ok,ok,-1.719,0.611,-2.33,-1.046305707601995,-2.418,1.2,-3.6180000000000003,,2013-07-02 20:30:00,-9.358,-2.68,-6.678000000000001,True
2013-07-10 14:30:00+00:00,2013-07-10 Wed 10:30,2013-07-10,-9.874,-3.3,-10.347,-6.574000000000001,-1.9870367353390255,ok,ok,-2.634,1.16,-3.7939999999999996,-1.7032178616099523,3.038,1.31,1.7279999999999998,,2013-07-09 20:30:00,-8.97,-3.8,-5.170000000000001,True
2013-07-17 14:30:00+00:00,2013-07-17 Wed 10:30,2013-07-17,-6.902,-2.007,-9.874,-4.895,-1.4666791335626115,ok,ok,3.055,-0.486,3.5410000000000004,1.579311989036365,3.87,1.88,1.9900000000000002,,2013-07-09 20:30:00,-8.97,-3.8,-5.170000000000001,True
2013-07-24 14:30:00+00:00,2013-07-24 Wed 10:30,2013-07-24,-2.825,-2.456,-6.902,-0.3690000000000002,-0.11020722976186827,ok,ok,-1.389,1.088,-2.4770000000000003,-1.0988086801045338,-1.227,1.856,-3.083,,,,,,True
2013-07-31 14:30:00+00:00,2013-07-31 Wed 10:30,2013-07-31,0.431,-2.306,-2.825,2.737,0.8199355831138336,ok,ok,0.77,-0.838,1.608,0.7128720623511472,-0.466,0.263,-0.7290000000000001,,,,,,True
2013-08-07 14:30:00+00:00,2013-08-07 Wed 10:30,2013-08-07,-1.32,-1.238,0.431,-0.08200000000000007,-0.024585046998117907,ok,ok,0.135,-0.763,0.898,0.39876132826485355,0.469,-0.05,0.519,,,,,,True
2013-08-14 14:30:00+00:00,2013-08-14 Wed 10:30,2013-08-14,-2.812,-1.511,-1.32,-1.301,-0.391242889038995,ok,ok,-1.169,-0.822,-0.3470000000000001,-0.15453123847472533,2.027,0.794,1.233,,,,,,True
2013-08-21 14:30:00+00:00,2013-08-21 Wed 10:30,2013-08-21,-1.428,-0.957,-2.812,-0.471,-0.14201292178504754,ok,ok,-4.029,-1.486,-2.543,-1.1363031879488177,0.871,0.857,0.014000000000000012,,,,,,True
2013-08-28 14:30:00+00:00,2013-08-28 Wed 10:30,2013-08-28,2.986,0.2,-1.428,2.786,0.8424998987152372,ok,ok,-0.587,-1.192,0.605,0.2700975047957677,-0.316,0.675,-0.9910000000000001,,,,,,True
2013-09-05 15:00:00+00:00,2013-09-05 Thu 11:00,2013-09-05,-1.836,-1.263,2.986,-0.5730000000000002,-0.17339706496084972,holiday_shift,ok,-1.827,-0.313,-1.514,-0.6780185714210485,0.549,0.6,-0.050999999999999934,,,,,,True
2013-09-11 14:30:00+00:00,2013-09-11 Wed 10:30,2013-09-11,-0.219,-1.5,-1.836,1.281,0.3887689343272705,ok,ok,1.658,-1.25,2.908,1.3047720194750503,2.586,0.488,2.098,,,,,,True
2013-09-18 14:30:00+00:00,2013-09-18 Wed 10:30,2013-09-18,-4.368,-1.394,-0.219,-2.974,-0.904757237640864,ok,ok,-1.627,0.338,-1.965,-0.8794830093780466,-1.079,0.794,-1.873,,2013-09-17 20:30:00,-0.3,-1.5,1.2,True
2013-09-25 14:30:00+00:00,2013-09-25 Wed 10:30,2013-09-25,2.635,-1.129,-4.368,3.764,1.1458889418838545,ok,ok,0.217,0.143,0.07400000000000001,0.03314813588995804,-0.234,-0.593,0.359,,2013-09-17 20:30:00,-0.3,-1.5,1.2,True
2013-10-02 14:30:00+00:00,2013-10-02 Wed 10:30,2013-10-02,5.472,2.265,2.635,3.2070000000000003,0.9752312679653115,ok,ok,3.495,-0.64,4.135,1.858371665645238,-1.68,-0.765,-0.9149999999999999,,2013-10-01 20:30:00,4.5,2.4,2.1,True
2013-10-09 14:30:00+00:00,2013-10-09 Wed 10:30,2013-10-09,6.807,1.486,5.472,5.321000000000001,1.6180831134434457,ok,ok,0.149,1.314,-1.165,-0.5193629863766143,-3.141,-1.179,-1.962,,2013-10-08 20:30:00,2.76,2.2,0.5599999999999996,True
2013-10-21 14:30:00+00:00,2013-10-21 Mon 10:30,2013-10-21,3.999,2.164,6.807,1.835,0.5553595430446524,unexplained,diff -1.247,-2.57,0.107,-2.677,-1.1962864846944172,-1.801,-1.564,-0.23699999999999988,,2013-10-16 20:30:00,5.9,2.25,3.6500000000000004,False
2013-10-23 14:30:00+00:00,2013-10-23 Wed 10:30,2013-10-23,5.246,2.938,3.999,2.3080000000000003,0.6998631665121463,ok,ok,-1.805,-0.25,-1.555,-0.6939915878617123,1.537,-1.775,3.312,,2013-10-22 20:30:00,3.0,3.0,0.0,True
2013-10-30 14:30:00+00:00,2013-10-30 Wed 10:30,2013-10-30,4.087,2.233,5.246,1.8539999999999996,0.5629896626561475,ok,ok,-1.713,-0.139,-1.574,-0.7036970819537783,-3.058,-0.344,-2.714,,2013-10-29 20:30:00,5.9,3.5,2.4000000000000004,True
2013-11-06 15:30:00+00:00,2013-11-06 Wed 10:30,2013-11-06,1.577,1.631,4.087,-0.05400000000000005,-0.01642908985634973,ok,ok,-3.755,-0.338,-3.417,-1.5302708480567448,-4.899,-1.3,-3.599,,2013-11-05 21:30:00,0.871,2.5,-1.629,True
2013-11-14 16:00:00+00:00,2013-11-14 Thu 11:00,2013-11-14,2.64,0.994,1.577,1.6460000000000001,0.5021874542675663,holiday_shift,ok,-0.838,-0.694,-0.14400000000000002,-0.0642348449071566,-0.481,-1.29,0.809,,2013-11-13 21:30:00,0.599,1.8,-1.201,True
2013-11-20 15:30:00+00:00,2013-11-20 Wed 10:30,2013-11-20,0.375,0.9,2.64,-0.525,-0.1605083964861111,ok,ok,-0.345,-0.256,-0.08899999999999997,-0.039826024447974666,-4.795,-0.609,-4.186,,2013-11-19 21:30:00,0.512,-0.5,1.012,True
2013-11-27 15:30:00+00:00,2013-11-27 Wed 10:30,2013-11-27,2.953,0.606,0.375,2.347,0.719488135189578,ok,ok,1.751,0.257,1.4939999999999998,0.6706391967026546,-1.666,-1.114,-0.5519999999999998,,2013-11-26 21:30:00,6.9,-1.5,8.4,True
2013-12-04 15:30:00+00:00,2013-12-04 Wed 10:30,2013-12-04,-5.585,-0.5,2.953,-5.085,-1.5609168597301526,ok,ok,1.828,1.517,0.31100000000000017,0.1398242078704203,2.649,-1.767,4.416,,2013-12-03 21:30:00,-12.4,-1.25,-11.15,True
2013-12-11 15:30:00+00:00,2013-12-11 Wed 10:30,2013-12-11,-10.585,-2.95,-5.585,-7.635000000000001,-2.3345549325988797,ok,ok,6.717,1.793,4.9239999999999995,2.220475174082855,4.541,0.937,3.604,,2013-12-10 21:30:00,-7.5,-2.8,-4.7,True
2013-12-18 15:30:00+00:00,2013-12-18 Wed 10:30,2013-12-18,-2.941,-2.3,-10.585,-0.641,-0.19369848911140639,ok,ok,1.337,1.858,-0.5210000000000001,-0.2320933239266386,-2.11,0.435,-2.545,,2013-12-17 21:30:00,-2.5,-4.0,1.5,True
2013-12-27 16:00:00+00:00,2013-12-27 Fri 11:00,2013-12-27,-4.731,-2.32,-2.941,-2.411,-0.7304761103774049,holiday_shift,ok,-0.614,1.26,-1.874,-0.8372599876807042,-1.85,-0.4,-1.4500000000000002,,2013-12-24 21:30:00,0.5,,,True
2014-01-03 16:00:00+00:00,2014-01-03 Fri 11:00,2014-01-03,-7.007,-2.975,-4.731,-4.032,-1.2232332568825914,holiday_shift,ok,0.844,1.925,-1.081,-0.4834502550592262,5.042,1.225,3.8169999999999997,,2013-12-31 21:30:00,-5.67,-3.0,-2.67,True
2014-01-08 15:30:00+00:00,2014-01-08 Wed 10:30,2014-01-08,-2.675,-0.894,-7.007,-1.7809999999999997,-0.539696147876796,ok,diff +1.283,6.243,2.275,3.9680000000000004,1.7788153035475498,5.826,1.9,3.9259999999999997,,2014-01-07 21:30:00,-7.31,-3.3,-4.01,True
2014-01-15 15:30:00+00:00,2014-01-15 Wed 10:30,2014-01-15,-7.658,-0.613,-2.675,-7.045,-2.139061911099657,ok,ok,6.183,2.544,3.639,1.620534519893181,-1.023,1.456,-2.479,,2014-01-14 21:30:00,-4.14,-1.6,-2.5399999999999996,True
2014-01-23 16:00:00+00:00,2014-01-23 Thu 11:00,2014-01-23,0.99,0.588,-7.658,0.402,0.12096974149237147,holiday_shift,ok,2.123,2.081,0.04200000000000026,0.018612201836115092,-3.212,-0.851,-2.361,,2014-01-22 21:30:00,4.86,-1.9,6.76,True
2014-01-29 15:30:00+00:00,2014-01-29 Wed 10:30,2014-01-29,6.421,2.338,0.99,4.083,1.2318149908396694,ok,ok,-0.819,1.125,-1.944,-0.8640378922717439,-4.584,-2.231,-2.3529999999999998,,2014-01-28 21:30:00,4.75,2.1,2.65,True
2014-02-05 15:30:00+00:00,2014-02-05 Wed 10:30,2014-02-05,0.44,2.3,6.421,-1.8599999999999999,-0.5602514773267635,ok,ok,0.505,1.483,-0.9780000000000001,-0.43502382022572633,-2.36,-1.583,-0.7769999999999999,,2014-02-04 21:30:00,0.384,1.5,-1.116,True
2014-02-12 15:30:00+00:00,2014-02-12 Wed 10:30,2014-02-12,3.267,2.65,0.44,0.617,0.1861989725237078,ok,ok,-1.853,-0.05,-1.803,-0.8039200368510014,-0.731,-2.283,1.552,,2014-02-11 21:30:00,2.1,2.5,-0.3999999999999999,True
2014-02-20 16:00:00+00:00,2014-02-20 Thu 11:00,2014-02-20,0.973,2.013,3.267,-1.04,-0.3146277919096318,holiday_shift,ok,0.309,-0.538,0.847,0.37807229005941123,-0.339,-1.888,1.549,,2014-02-19 21:30:00,-0.473,1.9,-2.3729999999999998,True
2014-02-26 15:30:00+00:00,2014-02-26 Wed 10:30,2014-02-26,0.068,1.236,0.973,-1.168,-0.35419492248211765,ok,ok,-2.807,-0.986,-1.821,-0.8148272262833853,0.338,-1.229,1.5670000000000002,,2014-02-25 21:30:00,0.822,1.5,-0.678,True
2014-03-05 15:30:00+00:00,2014-03-05 Wed 10:30,2014-03-05,1.429,1.333,0.068,0.09600000000000009,0.029179374845889807,ok,ok,-1.604,-1.183,-0.42100000000000004,-0.1885773638577808,1.414,-1.217,2.6310000000000002,,2014-03-04 21:30:00,1.17,1.5,-0.33000000000000007,True
2014-03-12 14:30:00+00:00,2014-03-12 Wed 10:30,2014-03-12,6.18,2.15,1.429,4.029999999999999,1.2280477139274313,ok,ok,-5.23,-2.033,-3.1970000000000005,-1.4360133743522037,-0.533,-0.867,0.33399999999999996,,2014-03-11 20:30:00,2.6,2.3,0.30000000000000027,True
2014-03-19 14:30:00+00:00,2014-03-19 Wed 10:30,2014-03-19,5.85,2.608,6.18,3.2419999999999995,0.9864249352306284,ok,ok,-1.467,-1.542,0.07499999999999996,0.03359323156359712,-3.097,-0.625,-2.472,,2014-03-18 20:30:00,5.92,2.6,3.32,True
2014-03-26 14:30:00+00:00,2014-03-26 Wed 10:30,2014-03-26,6.619,2.743,5.85,3.876,1.1792261333707759,ok,ok,-5.101,-1.206,-3.895,-1.7495395087322851,1.555,-1.354,2.909,,2014-03-25 20:30:00,6.28,2.6,3.68,True
2014-04-02 14:30:00+00:00,2014-04-02 Wed 10:30,2014-04-02,-2.379,1.086,6.619,-3.465,-1.0529937867989534,ok,ok,-1.574,-1.086,-0.488,-0.21800629870092136,0.554,-0.1,0.654,,2014-04-01 20:30:00,-5.8,1.8,-7.6,True
2014-04-09 14:30:00+00:00,2014-04-09 Wed 10:30,2014-04-09,4.03,1.329,-2.379,2.7010000000000005,0.8207002335981092,ok,ok,-5.188,-0.729,-4.459,-1.9973913313997769,0.239,-0.086,0.32499999999999996,,2014-04-08 20:30:00,7.08,2.5,4.58,True
2014-04-16 14:30:00+00:00,2014-04-16 Wed 10:30,2014-04-16,10.013,2.25,4.03,7.763,2.360464126165783,ok,ok,-0.154,-1.667,1.5130000000000001,0.6724944722816861,-1.278,-0.367,-0.911,,2014-04-15 20:30:00,7.64,2.4,5.24,True
2014-04-23 14:30:00+00:00,2014-04-23 Wed 10:30,2014-04-23,3.524,2.275,10.013,1.249,0.37547882828103796,ok,ok,-0.274,-1.713,1.439,0.6404598634449902,0.597,-0.463,1.06,,2014-04-22 20:30:00,0.519,3.1,-2.581,True
2014-04-30 14:30:00+00:00,2014-04-30 Wed 10:30,2014-04-30,1.698,2.367,3.524,-0.669,-0.20154019971374462,ok,ok,1.564,-0.6,2.164,0.9645540419421624,1.936,0.583,1.353,,2014-04-29 20:30:00,3.0,2.1,0.8999999999999999,True
2014-05-07 14:30:00+00:00,2014-05-07 Wed 10:30,2014-05-07,-1.781,1.417,1.698,-3.198,-0.9656988510358134,ok,ok,1.608,0.017,1.5910000000000002,0.7091440397555944,-0.447,0.933,-1.3800000000000001,,2014-05-06 20:30:00,-1.8,1.3,-3.1,True
2014-05-14 14:30:00+00:00,2014-05-14 Wed 10:30,2014-05-14,0.947,-0.1,-1.781,1.047,0.31623268517881553,ok,ok,-0.772,0.143,-0.915,-0.4083348800483772,-1.124,0.529,-1.653,,2014-05-13 20:30:00,0.912,-1.5,2.412,True
2014-05-21 14:30:00+00:00,2014-05-21 Wed 10:30,2014-05-21,-7.226,0.75,0.947,-7.976,-2.4142731896717575,ok,ok,0.97,0.079,0.891,0.3985500313698151,3.399,-0.293,3.692,,2014-05-20 20:30:00,-10.3,-0.3,-10.0,True
2014-05-29 15:00:00+00:00,2014-05-29 Thu 11:00,2014-05-29,1.657,0.483,-7.226,1.174,0.3513628786906808,holiday_shift,ok,-1.803,0.283,-2.086,-0.9351316959422404,-0.196,0.75,-0.946,-0.42755197398018535,2014-05-28 20:30:00,3.49,1.0,2.49,True
2014-06-04 14:30:00+00:00,2014-06-04 Wed 10:30,2014-06-04,-3.431,-0.271,1.657,-3.16,-0.9477066309257286,ok,ok,0.21,-0.157,0.367,0.16460426428769293,2.012,0.429,1.583,0.720993314766863,2014-06-03 20:30:00,-1.4,-2.0,0.6000000000000001,True
2014-06-11 14:30:00+00:00,2014-06-11 Wed 10:30,2014-06-11,-2.596,-1.871,-3.431,-0.7250000000000001,-0.2175099916165193,ok,ok,1.697,0.843,0.8540000000000001,0.38401195232000623,0.86,1.157,-0.29700000000000004,-0.1359358593534425,2014-06-10 20:30:00,1.5,-1.2,2.7,True
2014-06-18 14:30:00+00:00,2014-06-18 Wed 10:30,2014-06-18,-0.579,-0.65,-2.596,0.07100000000000006,0.02135003516589977,ok,ok,0.785,-0.113,0.898,0.4046820695189859,0.436,0.25,0.186,0.08590837686694328,2014-06-17 20:30:00,-5.7,,,True
2014-06-25 14:30:00+00:00,2014-06-25 Wed 10:30,2014-06-25,1.742,-1.557,-0.579,3.299,0.9943782635807148,ok,ok,0.71,1.486,-0.776,-0.35045072923521753,1.177,0.871,0.30600000000000005,0.14263166221417364,2014-06-24 20:30:00,4.0,-1.6,5.6,True
2014-07-02 14:30:00+00:00,2014-07-02 Wed 10:30,2014-07-02,-3.155,-2.229,1.742,-0.9259999999999997,-0.27908664150814105,ok,ok,-1.235,0.357,-1.592,-0.7206620211560848,0.975,0.757,0.21799999999999997,0.10252157238665349,2014-07-01 20:30:00,-0.876,-2.0,1.124,True
2014-07-09 14:30:00+00:00,2014-07-09 Wed 10:30,2014-07-09,-2.37,-2.15,-3.155,-0.2200000000000002,-0.06645166229406022,ok,ok,0.579,-0.217,0.7959999999999999,0.36082763273630236,0.227,1.233,-1.006,-0.47728943590638917,2014-07-08 20:30:00,-1.7,-3.0,1.3,True
2014-07-16 14:30:00+00:00,2014-07-16 Wed 10:30,2014-07-16,-7.525,-2.086,-2.37,-5.439,-1.6467115005967892,ok,ok,0.171,0.6,-0.42899999999999994,-0.19489258716890784,2.528,1.757,0.7710000000000001,0.36815905960377415,2014-07-15 20:30:00,-4.8,-3.0,-1.7999999999999998,True
2014-07-23 14:30:00+00:00,2014-07-23 Wed 10:30,2014-07-23,-3.969,-2.786,-7.525,-1.1829999999999998,-0.35682419620694955,ok,ok,3.379,1.3,2.0789999999999997,0.946859659840486,1.636,2.057,-0.42100000000000004,-0.2025559458424864,2014-07-22 20:30:00,-0.555,-2.6,2.045,True
2014-07-30 14:30:00+00:00,2014-07-30 Wed 10:30,2014-07-30,-3.697,-1.471,-3.969,-2.226,-0.6728160494779836,ok,ok,0.365,1.257,-0.8919999999999999,-0.4062959845207937,0.789,1.514,-0.725,-0.3516019777120556,2014-07-29 20:30:00,-4.4,-2.1,-2.3000000000000003,True
2014-08-06 14:30:00+00:00,2014-08-06 Wed 10:30,2014-08-06,-1.756,-1.711,-3.697,-0.04499999999999993,-0.013620034600227756,ok,ok,-4.387,0.3,-4.686999999999999,-2.1395682076527383,-1.798,0.878,-2.676,-1.3069981322741506,2014-08-05 20:30:00,-5.5,-1.9,-3.6,True
2014-08-13 14:30:00+00:00,2014-08-13 Wed 10:30,2014-08-13,1.401,-2.029,-1.756,3.4299999999999997,1.0405373433534049,ok,ok,-1.16,-1.071,-0.08899999999999997,-0.040279321954407324,-2.421,0.214,-2.635,-1.279366131551461,2014-08-12 20:30:00,0.229,-2.0,2.229,True
2014-08-20 14:30:00+00:00,2014-08-20 Wed 10:30,2014-08-20,-4.474,-1.163,1.401,-3.311,-1.0040820244833615,ok,ok,0.585,-1.588,2.173,0.9859419613651763,-0.96,-0.55,-0.4099999999999999,-0.1981023782829249,2014-08-19 20:30:00,-1.4,-1.75,0.3500000000000001,True
2014-08-27 14:30:00+00:00,2014-08-27 Wed 10:30,2014-08-27,-2.07,-1.286,-4.474,-0.7839999999999998,-0.23778475981727157,ok,ok,-0.96,-1.079,0.119,0.05398620253615245,1.252,-0.443,1.695,0.8252506094941586,2014-08-26 20:35:00,-1.3,-2.5,1.2,True
2014-09-04 15:00:00+00:00,2014-09-04 Thu 11:00,2014-09-04,-0.905,-1.113,-2.07,0.20799999999999996,0.06322314715986205,holiday_shift,ok,-2.322,-1.325,-0.9970000000000001,-0.45343025899311884,0.605,-0.5,1.105,0.5392157885764011,2014-09-03 20:30:00,-0.545,-1.0,0.45499999999999996,True
2014-09-10 14:30:00+00:00,2014-09-10 Wed 10:30,2014-09-10,-0.972,-1.114,-0.905,0.14200000000000013,0.043258517579813034,ok,ok,2.381,-0.157,2.538,1.1566505355970762,4.094,0.571,3.5230000000000006,1.7283937619633862,2014-09-09 20:30:00,-1.9,-1.5,-0.3999999999999999,True
2014-09-17 14:30:00+00:00,2014-09-17 Wed 10:30,2014-09-17,3.673,-1.614,-0.972,5.287,1.614218490460779,ok,ok,-1.635,-0.257,-1.3780000000000001,-0.6273461349064846,0.279,0.486,-0.20699999999999996,-0.10011201847911284,2014-09-16 20:30:00,3.3,-1.5,4.8,True
2014-09-24 14:30:00+00:00,2014-09-24 Wed 10:30,2014-09-24,-4.273,0.386,3.673,-4.659,-1.417072005558572,ok,ok,-0.414,-0.086,-0.32799999999999996,-0.14956367834349463,0.823,0.593,0.22999999999999998,0.11204980428336359,2014-09-23 20:30:00,-6.5,0.75,-7.25,True
2014-10-01 14:30:00+00:00,2014-10-01 Wed 10:30,2014-10-01,-1.363,0.7,-4.273,-2.0629999999999997,-0.6262013517646949,ok,ok,-1.836,-0.767,-1.069,-0.4886334944840773,-2.894,-0.1,-2.794,-1.3710546546608857,2014-09-30 20:30:00,-0.463,0.9,-1.363,True
2014-10-08 14:30:00+00:00,2014-10-08 Wed 10:30,2014-10-08,5.015,1.533,-1.363,3.4819999999999998,1.058451533696067,ok,ok,1.18,-1.0,2.1799999999999997,0.9984059606050031,0.439,-1.067,1.506,0.7342068622138461,2014-10-07 20:30:00,5.1,1.4,3.6999999999999997,True
2014-10-16 15:00:00+00:00,2014-10-16 Thu 11:00,2014-10-16,8.923,2.783,5.015,6.140000000000001,1.8656187366523151,holiday_shift,ok,-3.995,-1.2,-2.795,-1.2798490482127771,-1.518,-1.517,-0.001000000000000112,-0.0004891609621829747,2014-10-15 20:30:00,10.2,,,True
2014-10-22 14:30:00+00:00,2014-10-22 Wed 10:30,2014-10-22,7.111,2.686,8.923,4.425,1.336953608948661,ok,ok,-1.299,-1.0,-0.29899999999999993,-0.1367338801643959,1.049,-1.271,2.32,1.1428155357369647,2014-10-21 20:30:00,1.2,,,True
2014-10-29 14:30:00+00:00,2014-10-29 Wed 10:30,2014-10-29,2.061,3.371,7.111,-1.31,-0.39507015207722995,ok,ok,-1.236,-0.986,-0.25,-0.11459919475220463,-5.294,-1.157,-4.137,-2.034303277435547,2014-10-28 20:30:00,3.2,,,True
2014-11-05 15:30:00+00:00,2014-11-05 Wed 10:30,2014-11-05,0.46,1.9,2.061,-1.44,-0.43508864660028523,ok,ok,-1.378,-1.0,-0.3779999999999999,-0.17368769317972216,-0.724,-1.95,1.226,0.5902219993754381,2014-11-04 21:30:00,-0.639,,,True
2014-11-13 16:00:00+00:00,2014-11-13 Thu 11:00,2014-11-13,-1.735,0.75,0.46,-2.4850000000000003,-0.7521802843705458,holiday_shift,diff +1.050,1.805,0.517,1.2879999999999998,0.5932138097601133,-2.803,-1.333,-1.47,-0.7108185070075947,2014-11-12 21:30:00,-1.5,,,True
2014-11-19 15:30:00+00:00,2014-11-19 Wed 10:30,2014-11-19,2.608,-0.78,-1.735,3.388,1.0265461642511877,ok,ok,1.034,0.6,0.43400000000000005,0.20017181847034926,-2.056,-1.88,-0.17600000000000016,-0.08537874004029396,2014-11-18 21:30:00,3.7,,,True
2014-11-26 15:30:00+00:00,2014-11-26 Wed 10:30,2014-11-26,1.946,0.467,2.608,1.4789999999999999,0.44803178374783614,ok,ok,1.825,1.817,0.008000000000000007,0.003698040742080533,-1.648,-0.55,-1.0979999999999999,-0.5361138466858412,2014-11-25 21:30:00,2.8,,,True
2014-12-03 15:30:00+00:00,2014-12-03 Wed 10:30,2014-12-03,-3.689,1.3,1.946,-4.989,-1.5138413601882688,ok,ok,2.143,1.04,1.1029999999999998,0.5110664650088692,3.028,-0.18,3.208,1.5735952068195072,2014-12-02 21:30:00,-6.5,,,True
2014-12-10 15:30:00+00:00,2014-12-10 Wed 10:30,2014-12-10,1.454,-2.24,-3.689,3.694,1.1179794998153503,ok,ok,8.197,2.58,5.616999999999999,2.6068659930786673,5.577,0.92,4.657,2.2634376250950092,2014-12-09 21:30:00,4.4,,,True
2014-12-17 15:30:00+00:00,2014-12-17 Wed 10:30,2014-12-17,-0.847,-2.36,1.454,1.513,0.45761397272581555,ok,ok,5.25,1.78,3.4699999999999998,1.5886233248645567,-0.207,0.34,-0.547,-0.2594446082848121,2014-12-16 21:30:00,1.9,,,True
2014-12-24 15:30:00+00:00,2014-12-24 Wed 10:30,2014-12-24,7.267,-2.28,-0.847,9.547,2.8922539380509464,ok,ok,4.083,0.6,3.483,1.58876624216889,2.303,-0.9,3.203,1.5278211743642154,2014-12-23 21:30:00,5.4,,,True
2014-12-31 15:30:00+00:00,2014-12-31 Wed 10:30,2014-12-31,-1.754,-0.07,7.267,-1.684,-0.5023793815402146,ok,ok,2.951,2.13,0.8210000000000002,0.3731601723974485,1.874,1.53,0.3440000000000001,0.16290033672811985,2014-12-30 21:30:00,0.76,-0.1,0.86,True
2015-01-07 15:30:00+00:00,2015-01-07 Wed 10:30,2015-01-07,-3.062,0.88,-1.754,-3.9419999999999997,-1.1778580449688871,ok,diff +1.111,8.115,3.38,4.735,2.1563856349683355,11.205,1.86,9.345,4.451882059597106,2015-01-06 21:30:00,-4.0,,,True
2015-01-14 15:30:00+00:00,2015-01-14 Wed 10:30,2015-01-14,5.389,0.417,-3.062,4.972,1.4844968749418965,ok,ok,3.171,3.467,-0.29600000000000026,-0.13369234563873253,2.925,2.133,0.7919999999999998,0.34222190913566425,2015-01-13 21:30:00,3.9,,,True
2015-01-22 16:00:00+00:00,2015-01-22 Thu 11:00,2015-01-22,10.071,2.617,5.389,7.454,2.219881190692243,holiday_shift,ok,0.588,1.3,-0.7120000000000001,-0.3223037130576801,-3.272,0.25,-3.522,-1.5303406451299197,2015-01-21 21:30:00,5.7,,,True
2015-01-28 15:30:00+00:00,2015-01-28 Wed 10:30,2015-01-28,8.874,4.08,10.071,4.7940000000000005,1.416231554942367,ok,ok,-2.587,0.32,-2.907,-1.3185929169866684,-3.892,-1.7,-2.192,-0.9435518771323904,2015-01-27 21:30:00,12.7,,,True
2015-02-04 15:30:00+00:00,2015-02-04 Wed 10:30,2015-02-04,6.333,3.467,8.874,2.866,0.8449465670639709,ok,ok,2.335,0.067,2.268,1.027044546809062,1.788,-1.833,3.621,1.5583333503044363,2015-02-03 21:30:00,6.1,,,True
2015-02-11 15:30:00+00:00,2015-02-11 Wed 10:30,2015-02-11,4.868,3.733,6.333,1.1350000000000002,0.33482560204024814,ok,diff +0.541,1.977,0.2,1.7770000000000001,0.8045953781408631,-3.252,-0.817,-2.4349999999999996,-1.0408964173820205,2015-02-10 21:30:00,1.6,,,True
2015-02-19 16:00:00+00:00,2015-02-19 Thu 11:00,2015-02-19,7.716,3.233,4.868,4.4830000000000005,1.32491239787141,holiday_shift,ok,0.485,0.167,0.31799999999999995,0.14409986144458084,-3.814,-2.05,-1.7640000000000002,-0.7529872021464729,2015-02-18 21:30:00,14.3,3.1,11.200000000000001,True
2015-02-25 15:30:00+00:00,2015-02-25 Wed 10:30,2015-02-25,8.427,3.983,7.716,4.443999999999999,1.3114845385412,ok,ok,-3.118,-1.467,-1.6509999999999998,-0.7497767318882025,-2.711,-3.05,0.33899999999999997,0.1449692901093837,2015-02-24 21:30:00,8.9,,,True
2015-03-04 15:30:00+00:00,2015-03-04 Wed 10:30,2015-03-04,10.303,4.157,8.427,6.146000000000001,1.8113295049927503,ok,ok,0.046,-1.871,1.917,0.8714110828180387,-1.722,-2.686,0.964,0.414511942445696,2015-03-03 21:30:00,2.9,4.0,-1.1,True
2015-03-11 14:30:00+00:00,2015-03-11 Wed 10:30,2015-03-11,4.512,4.436,10.303,0.07599999999999962,0.022300527559644477,ok,diff -0.667,-0.187,-1.686,1.4989999999999999,0.6817719094069489,2.527,-2.571,5.098000000000001,2.2026468464371245,2015-03-10 20:30:00,-0.404,,,True
2015-03-18 14:30:00+00:00,2015-03-18 Wed 10:30,2015-03-18,9.622,3.75,4.512,5.872,1.726479257962293,ok,ok,-4.473,-0.883,-3.59,-1.634750292298992,0.38,-1.083,1.463,0.6205244366115455,2015-03-17 20:30:00,10.5,3.8,6.7,True
2015-03-25 14:30:00+00:00,2015-03-25 Wed 10:30,2015-03-25,8.17,5.133,9.622,3.037,0.8896243038631548,ok,ok,-2.014,-1.633,-0.3809999999999998,-0.17285678468908858,-0.034,-0.833,0.7989999999999999,0.3402003365112927,2015-03-24 20:30:00,4.8,,,True
2015-04-01 14:30:00+00:00,2015-04-01 Wed 10:30,2015-04-01,4.766,4.193,8.17,0.5730000000000004,0.1679405793282003,ok,ok,-4.258,-0.943,-3.315,-1.5071708500503693,1.325,-0.286,1.611,0.6893585207250885,2015-03-31 20:30:00,5.2,3.5,1.7000000000000002,True
2015-04-08 14:30:00+00:00,2015-04-08 Wed 10:30,2015-04-08,10.949,3.429,4.766,7.52,2.2083520614763237,ok,diff -0.730,0.817,-1.043,1.8599999999999999,0.8433485601113812,-0.25,0.829,-1.079,-0.46329550506708683,2015-04-07 20:30:00,12.2,3.0,9.2,True
2015-04-15 14:30:00+00:00,2015-04-15 Wed 10:30,2015-04-15,1.294,4.057,10.949,-2.7630000000000003,-0.805558944619875,ok,ok,-2.072,-0.2,-1.872,-0.8493059164858243,2.017,0.886,1.1309999999999998,0.4873335287802782,2015-04-14 20:30:00,2.6,,,True
2015-04-22 14:30:00+00:00,2015-04-22 Wed 10:30,2015-04-22,5.315,2.888,1.294,2.4270000000000005,0.7079764403347583,ok,ok,-2.135,-0.7,-1.4349999999999998,-0.6514429078084742,0.395,1.175,-0.78,-0.33756186792282755,2015-04-21 20:30:00,5.5,2.6,2.9,True
2015-04-29 14:30:00+00:00,2015-04-29 Wed 10:30,2015-04-29,1.91,2.3,5.315,-0.3899999999999999,-0.11389222989216925,ok,ok,1.713,0.217,1.496,0.6799852703925939,-0.066,1.167,-1.233,-0.5357945266626744,2015-04-28 20:30:00,4.2,1.4,2.8000000000000003,True
2015-05-06 14:30:00+00:00,2015-05-06 Wed 10:30,2015-05-06,-3.882,1.5,1.91,-5.382,-1.5747102325946063,ok,ok,0.401,0.867,-0.46599999999999997,-0.21205192037782014,1.503,-0.117,1.6199999999999999,0.7060822954964228,2015-05-05 20:30:00,-1.5,1.0,-2.5,True
2015-05-13 14:30:00+00:00,2015-05-13 Wed 10:30,2015-05-13,-2.191,0.386,-3.882,-2.577,-0.7516296891407709,ok,ok,-1.142,0.429,-1.571,-0.7163336377917524,-2.503,0.829,-3.332,-1.4568103347105295,2015-05-12 20:30:00,-2.0,-0.25,-1.75,True
2015-05-20 14:30:00+00:00,2015-05-20 Wed 10:30,2015-05-20,-2.674,-1.029,-2.191,-1.645,-0.4801418528788087,ok,ok,-2.774,0.729,-3.503,-1.598955263896046,-0.546,0.043,-0.5890000000000001,-0.25576914598037265,2015-05-19 20:30:00,-5.2,,,True
2015-05-28 15:00:00+00:00,2015-05-28 Thu 11:00,2015-05-28,-2.802,-0.857,-2.674,-1.945,-0.5685094730559567,holiday_shift,ok,-3.309,-0.429,-2.8800000000000003,-1.3104186951209145,1.115,-0.321,1.436,0.6262692552320644,2015-05-27 20:30:00,1.268,-2.0,3.268,True
2015-06-03 14:30:00+00:00,2015-06-03 Wed 10:30,2015-06-03,-1.948,-1.7,-2.802,-0.248,-0.07257730004146026,ok,ok,-0.334,0.529,-0.863,-0.39212277989456,3.773,1.086,2.6870000000000003,1.1758580892308108,2015-06-02 20:30:00,1.8,-2.4,4.2,True
2015-06-10 14:30:00+00:00,2015-06-10 Wed 10:30,2015-06-10,-6.812,-1.72,-1.948,-5.0920000000000005,-1.4930060399042653,ok,diff -0.795,-2.939,0.28,-3.2190000000000003,-1.465259868807667,0.865,1.34,-0.4750000000000001,-0.2076935506214816,2015-06-09 20:30:00,-6.7,-1.6,-5.1,True
2015-06-17 14:30:00+00:00,2015-06-17 Wed 10:30,2015-06-17,-2.676,-1.657,-6.812,-1.0190000000000001,-0.2980254386544168,ok,ok,0.46,-0.314,0.774,0.3515373209309685,0.114,1.029,-0.9149999999999999,-0.4018071891863026,2015-06-16 20:30:00,-2.9,-2.4,-0.5,True
2015-06-24 14:30:00+00:00,2015-06-24 Wed 10:30,2015-06-24,-4.934,-2.1,-2.676,-2.834,-0.830268073105964,ok,ok,0.68,-0.304,0.984,0.4477080217741912,1.837,0.993,0.844,0.3719435268972427,2015-06-23 20:30:00,-3.2,-2.3,-0.9000000000000004,True
2015-07-01 14:30:00+00:00,2015-07-01 Wed 10:30,2015-07-01,2.386,-2.0,-4.934,4.386,1.2856046918018094,ok,ok,-1.757,0.458,-2.215,-1.0094093355609703,0.392,1.62,-1.2280000000000002,-0.5434934393249272,2015-06-30 20:30:00,1.875,-1.3,3.175,True
2015-07-08 14:30:00+00:00,2015-07-08 Wed 10:30,2015-07-08,0.384,-0.7,2.386,1.084,0.31738648330755476,ok,ok,1.215,-0.254,1.469,0.6694950114428897,1.641,0.86,0.781,0.34660922579208875,2015-07-07 20:30:00,-0.958,-1.1,0.14200000000000013,True
2015-07-15 14:30:00+00:00,2015-07-15 Wed 10:30,2015-07-15,-4.346,-1.158,0.384,-3.188,-0.9350336741054938,ok,ok,0.058,0.679,-0.621,-0.28331698227275215,3.819,1.936,1.883,0.8392492835397133,2015-07-14 20:30:00,-7.3,-1.8,-5.5,True
2015-07-22 14:30:00+00:00,2015-07-22 Wed 10:30,2015-07-22,2.468,-2.258,-4.346,4.726,1.3863147441432153,ok,ok,-1.725,0.925,-2.6500000000000004,-1.2113043636235021,0.235,1.772,-1.537,-0.6864162929532373,2015-07-21 20:35:00,2.3,-1.9,4.199999999999999,True
2015-07-29 14:30:00+00:00,2015-07-29 Wed 10:30,2015-07-29,-4.203,-0.184,2.468,-4.019,-1.177074415758706,ok,ok,-0.363,0.512,-0.875,-0.39963956869896916,2.588,1.502,1.086,0.4858487568359089,2015-07-28 20:30:00,-1.9,-0.7,-1.2,True
2015-08-05 14:30:00+00:00,2015-08-05 Wed 10:30,2015-08-05,-4.407,-1.494,-4.203,-2.9130000000000003,-0.8524324544050771,ok,ok,0.811,-0.488,1.299,0.5943318315630527,0.709,1.533,-0.824,-0.37002382765927805,2015-08-04 20:35:00,-2.4,-1.6,-0.7999999999999998,True
2015-08-12 14:30:00+00:00,2015-08-12 Wed 10:30,2015-08-12,-1.682,-1.817,-4.407,0.135,0.039521955147043736,ok,ok,-1.251,-0.647,-0.6039999999999999,-0.27668554889405245,2.994,1.25,1.7440000000000002,0.7858695397028974,2015-08-11 20:30:00,-0.847,-1.8,0.9530000000000001,True
2015-08-19 14:30:00+00:00,2015-08-19 Wed 10:30,2015-08-19,2.62,-0.777,-1.682,3.3970000000000002,0.9963289596987901,ok,ok,-2.708,-1.614,-1.094,-0.5020940002901797,0.594,1.326,-0.7320000000000001,-0.3305998181958712,2015-08-18 20:30:00,-2.3,-2.0,-0.2999999999999998,True
2015-08-26 14:30:00+00:00,2015-08-26 Wed 10:30,2015-08-26,-5.452,1.022,2.62,-6.474,-1.8990020802287952,ok,ok,1.66,-1.317,2.977,1.3684307783779928,1.436,0.963,0.473,0.21438273416638076,2015-08-25 20:35:00,-7.3,1.9,-9.2,True
2015-09-02 14:30:00+00:00,2015-09-02 Wed 10:30,2015-09-02,4.667,0.032,-5.452,4.635,1.352908642643467,ok,ok,-0.271,-1.328,1.057,0.48494532376727834,0.115,0.92,-0.805,-0.36640525437722543,2015-09-01 20:35:00,7.6,-0.8,8.4,True
2015-09-10 15:00:00+00:00,2015-09-10 Thu 11:00,2015-09-10,2.57,0.933,4.667,1.6369999999999998,0.47715307230061915,holiday_shift,ok,0.384,-0.567,0.951,0.4369499804636631,0.952,0.858,0.09399999999999997,0.042928840673048384,2015-09-09 20:30:00,2.1,0.3,1.8,True
2015-09-16 14:30:00+00:00,2015-09-16 Wed 10:30,2015-09-16,-2.104,1.173,2.57,-3.277,-0.9565661016004421,ok,ok,2.84,-0.021,2.8609999999999998,1.3165632437115062,3.06,0.997,2.063,0.9461251806449441,2015-09-15 20:30:00,-3.1,-0.2,-2.9,True
2015-09-23 14:30:00+00:00,2015-09-23 Wed 10:30,2015-09-23,-1.925,-0.533,-2.104,-1.392,-0.4063563820880754,ok,ok,1.369,0.819,0.55,0.2527039586845556,-2.088,1.339,-3.427,-1.573492233584745,2015-09-22 20:30:00,-3.7,-0.7,-3.0,True
2015-09-30 14:30:00+00:00,2015-09-30 Wed 10:30,2015-09-30,3.955,0.102,-1.925,3.853,1.126439382703883,ok,ok,3.254,-0.04,3.294,1.5162115447080207,-0.267,-0.471,0.20399999999999996,0.09298613714107896,2015-09-29 20:30:00,4.6,0.0,4.6,True
2015-10-07 14:30:00+00:00,2015-10-07 Wed 10:30,2015-10-07,3.073,2.2,3.955,0.8729999999999998,0.255125430053047,ok,ok,1.91,0.467,1.4429999999999998,0.6624711833501531,-2.458,-0.792,-1.6660000000000001,-0.7625180879225486,2015-10-06 20:35:00,-1.2,1.7,-2.9,True
2015-10-15 15:00:00+00:00,2015-10-15 Thu 11:00,2015-10-15,7.562,2.848,3.073,4.714,1.3799637630519872,holiday_shift,ok,-2.618,-1.695,-0.9229999999999998,-0.4241915896065701,-1.52,-0.06,-1.46,-0.6690140012757394,2015-10-14 20:35:00,9.3,1.8,7.500000000000001,True
2015-10-21 14:30:00+00:00,2015-10-21 Wed 10:30,2015-10-21,8.028,3.867,7.562,4.1610000000000005,1.2162867944969933,ok,ok,-1.518,-0.858,-0.66,-0.3038090870032099,-2.622,-1.272,-1.3499999999999999,-0.6197232819227042,2015-10-20 20:35:00,7.1,3.5,3.5999999999999996,True
2015-10-28 14:30:00+00:00,2015-10-28 Wed 10:30,2015-10-28,3.376,3.417,8.028,-0.040999999999999925,-0.011976038832899395,ok,ok,-1.137,-0.817,-0.32000000000000006,-0.14756129522976885,-2.951,-1.683,-1.268,-0.5833054605617719,2015-10-27 20:35:00,4.1,3.0,1.0999999999999996,True
2015-11-04 15:30:00+00:00,2015-11-04 Wed 10:30,2015-11-04,2.847,2.787,3.376,0.06000000000000005,0.017556998644542306,ok,ok,-3.3,-0.969,-2.331,-1.076919616578296,-1.3,-1.767,0.46699999999999986,0.21532549549427135,2015-11-03 21:35:00,2.8,,,True
2015-11-12 16:00:00+00:00,2015-11-12 Thu 11:00,2015-11-12,4.224,1.016,2.847,3.208,0.9403766018457407,holiday_shift,ok,-2.102,-0.807,-1.295,-0.5981445185799354,0.352,-0.931,1.283,0.5938569334429895,2015-11-10 21:35:00,6.3,0.5,5.8,True
2015-11-18 15:30:00+00:00,2015-11-18 Wed 10:30,2015-11-18,0.252,1.9,4.224,-1.648,-0.48324211774351195,ok,ok,1.009,-0.367,1.376,0.6363616238035104,-0.791,-0.533,-0.258,-0.11975728011301152,2015-11-17 21:35:00,-0.482,1.8,-2.282,True
2015-11-25 15:30:00+00:00,2015-11-25 Wed 10:30,2015-11-25,0.961,1.2,0.252,-0.239,-0.07017164516767771,ok,ok,2.478,0.938,1.5400000000000003,0.7129784644237919,1.046,-0.417,1.463,0.6816430187060255,2015-11-24 21:35:00,2.6,-0.2,2.8000000000000003,True
2015-12-02 15:30:00+00:00,2015-12-02 Wed 10:30,2015-12-02,1.177,-0.471,0.961,1.6480000000000001,0.48469989330219254,ok,ok,0.135,1.453,-1.318,-0.610738576224206,3.051,0.326,2.725,1.2726990269507652,2015-12-01 21:35:00,1.6,-1.2,2.8,True
2015-12-09 15:30:00+00:00,2015-12-09 Wed 10:30,2015-12-09,-3.568,0.252,1.177,-3.8200000000000003,-1.125083649349831,ok,ok,0.786,2.155,-1.3689999999999998,-0.6351428881835662,4.998,2.461,2.5370000000000004,1.1829491004213222,2015-12-08 21:35:00,-1.9,-1.2,-0.7,True
2015-12-16 15:30:00+00:00,2015-12-16 Wed 10:30,2015-12-16,4.801,-1.417,-3.568,6.218,1.8302497365803971,ok,ok,1.731,1.952,-0.22099999999999986,-0.1026513074422124,2.563,2.24,0.32299999999999995,0.15049083590442988,2015-12-15 21:35:00,2.3,-2.5,4.8,True
2015-12-23 15:30:00+00:00,2015-12-23 Wed 10:30,2015-12-23,-5.877,1.083,4.801,-6.96,-2.040843925612422,ok,ok,1.111,1.383,-0.272,-0.12657479990815373,-0.661,2.017,-2.678,-1.2524222775463374,2015-12-22 21:35:00,-3.6,1.0,-4.6,True
2015-12-30 15:30:00+00:00,2015-12-30 Wed 10:30,2015-12-30,2.629,-2.457,-5.877,5.086,1.4828922195144048,ok,ok,0.925,0.896,0.029000000000000026,0.013519973880896442,1.795,0.998,0.7969999999999999,0.37164220718899005,2015-12-29 21:35:00,2.9,-2.2,5.1,True
2016-01-06 15:30:00+00:00,2016-01-06 Wed 10:30,2016-01-06,-5.085,0.439,2.629,-5.524,-1.607570534268039,ok,diff -0.935,10.576,2.308,8.268,3.8617411334586365,6.308,2.027,4.281,2.0030384245501724,2016-01-05 21:35:00,-5.6,2.75,-8.35,True
2016-01-13 15:30:00+00:00,2016-01-13 Wed 10:30,2016-01-13,0.234,2.504,-5.085,-2.27,-0.6586950338630885,ok,ok,8.438,2.703,5.735000000000001,2.6119747597645744,6.136,1.98,4.156000000000001,1.9257870212028965,2016-01-12 21:35:00,-3.9,2.0,-5.9,True
2016-01-21 16:00:00+00:00,2016-01-21 Thu 11:00,2016-01-21,3.979,2.811,0.234,1.1680000000000001,0.3392273895189328,holiday_shift,ok,4.563,1.378,3.1849999999999996,1.4353000858078677,-1.025,0.133,-1.158,-0.5320885190313132,2016-01-20 21:35:00,4.6,2.9,1.6999999999999997,True
2016-01-27 15:30:00+00:00,2016-01-27 Wed 10:30,2016-01-27,8.383,3.277,3.979,5.105999999999999,1.485243912134476,ok,ok,3.464,1.546,1.918,0.8626910492037331,-4.057,-1.938,-2.1190000000000007,-0.9757595255147754,2016-01-26 21:35:00,11.4,3.5,7.9,True
2016-02-03 15:30:00+00:00,2016-02-03 Wed 10:30,2016-02-03,7.792,4.76,8.383,3.032,0.8803005613203898,ok,ok,5.938,1.7,4.2379999999999995,1.9071508784462778,-0.777,-1.1,0.32300000000000006,0.14865220546094576,2016-02-02 21:35:00,3.837,4.8,-0.9629999999999996,True
2016-02-10 15:30:00+00:00,2016-02-10 Wed 10:30,2016-02-10,-0.754,3.55,7.792,-4.304,-1.2502175502223891,ok,ok,1.258,0.417,0.841,0.3766989139528878,1.281,-1.57,2.851,1.316795283975195,2016-02-09 21:35:00,2.4,3.8,-1.4,True
2016-02-18 16:00:00+00:00,2016-02-18 Thu 11:00,2016-02-18,2.147,3.92,-0.754,-1.7730000000000001,-0.5144513805745099,holiday_shift,ok,3.036,0.5,2.536,1.1377195432757428,1.399,-1.5,2.899,1.336693344446985,2016-02-17 21:35:00,-3.3,3.0,-6.3,True
2016-02-24 15:30:00+00:00,2016-02-24 Wed 10:30,2016-02-24,3.502,3.427,2.147,0.07499999999999973,0.0217875262155736,ok,ok,-2.236,-1.033,-1.2030000000000003,-0.539461531223441,-1.66,-0.711,-0.949,-0.4367920969780639,2016-02-23 21:35:00,7.1,3.0,4.1,True
2016-03-02 15:30:00+00:00,2016-03-02 Wed 10:30,2016-03-02,10.374,3.604,3.502,6.7700000000000005,1.9699840757190843,ok,ok,-1.468,-1.083,-0.385,-0.1728581571327722,2.882,-1.199,4.081,1.8829579475308902,2016-03-01 21:35:00,9.9,2.5,7.4,True
2016-03-09 15:30:00+00:00,2016-03-09 Wed 10:30,2016-03-09,3.88,3.867,10.374,0.0129999999999999,0.003765655428452704,ok,ok,-4.526,-1.39,-3.136,-1.4104419901690486,-1.119,-0.043,-1.076,-0.4928409689159296,2016-03-08 21:35:00,4.4,3.0,1.4000000000000004,True
2016-03-16 14:30:00+00:00,2016-03-16 Wed 10:30,2016-03-16,1.317,3.414,3.88,-2.0970000000000004,-0.6084395284136985,ok,ok,-0.747,-2.339,1.592,0.714684180860633,-1.135,-1.079,-0.05600000000000005,-0.02570527687677042,2016-03-15 20:35:00,1.5,3.4,-1.9,True
2016-03-23 14:30:00+00:00,2016-03-23 Wed 10:30,2016-03-23,9.357,3.09,1.317,6.2669999999999995,1.8201136310014383,ok,ok,-4.642,-1.482,-3.16,-1.4198945876213351,0.917,-1.055,1.972,0.9082458347613455,2016-03-22 20:35:00,8.796,2.7,6.095999999999999,True
2016-03-30 14:30:00+00:00,2016-03-30 Wed 10:30,2016-03-30,2.299,3.3,9.357,-1.001,-0.28968203783503504,ok,ok,-2.514,-2.179,-0.33499999999999996,-0.15024377115216384,-1.075,0.029,-1.1039999999999999,-0.5091233088742803,2016-03-29 20:35:00,2.6,2.0,0.6000000000000001,True
2016-04-06 14:30:00+00:00,2016-04-06 Wed 10:30,2016-04-06,-4.937,3.15,2.299,-8.087,-2.3437535876507067,ok,ok,1.438,-0.967,2.405,1.080474972465502,1.799,-0.333,2.132,0.985213231116531,2016-04-05 20:35:00,-4.3,2.9,-7.199999999999999,True
2016-04-13 14:30:00+00:00,2016-04-13 Wed 10:30,2016-04-13,6.634,1.85,-4.937,4.784000000000001,1.3759985042023004,ok,ok,-4.237,-1.393,-2.8440000000000003,-1.2773984544556574,0.505,0.281,0.22399999999999998,0.10359987301012742,2016-04-12 20:35:00,6.223,1.0,5.223,True
2016-04-20 14:30:00+00:00,2016-04-20 Wed 10:30,2016-04-20,2.08,2.4,6.634,-0.31999999999999984,-0.09192016983805595,ok,ok,-0.11,-1.217,1.107,0.49663169784834427,-3.554,0.304,-3.8579999999999997,-1.7902980795133885,2016-04-19 20:35:00,3.1,1.6,1.5,True
2016-04-27 14:30:00+00:00,2016-04-27 Wed 10:30,2016-04-27,1.999,2.366,2.08,-0.367,-0.10559020121411802,ok,ok,1.608,-0.4,2.008,0.902055665508633,-1.695,-0.314,-1.381,-0.6353211314554987,2016-04-26 20:35:00,-1.07,0.8,-1.87,True
2016-05-04 14:30:00+00:00,2016-05-04 Wed 10:30,2016-05-04,2.784,1.695,1.999,1.0889999999999997,0.31381762819599174,ok,ok,0.536,-0.144,0.68,0.3055913635587162,-1.261,-0.083,-1.178,-0.5427319796407413,2016-05-03 20:35:00,1.265,0.5,0.7649999999999999,True
2016-05-11 14:30:00+00:00,2016-05-11 Wed 10:30,2016-05-11,-3.41,0.714,2.784,-4.1240000000000006,-1.1901942965835381,ok,ok,-1.231,-0.71,-0.5210000000000001,-0.23451066142675606,-1.647,-1.007,-0.6400000000000001,-0.29542570085360625,2016-05-10 20:35:00,3.45,0.3,3.1500000000000004,True
2016-05-18 14:30:00+00:00,2016-05-18 Wed 10:30,2016-05-18,1.31,-2.833,-3.41,4.143000000000001,1.1947113794327398,ok,ok,-2.496,-0.15,-2.346,-1.0576877339243125,-3.17,-0.642,-2.528,-1.1701401760635384,2016-05-17 20:35:00,-1.14,-3.0,1.86,True
2016-05-25 14:30:00+00:00,2016-05-25 Wed 10:30,2016-05-25,-4.226,-2.45,1.31,-1.7759999999999998,-0.5118591797743615,ok,ok,2.043,-1.067,3.1100000000000003,1.4017669181380803,-1.284,-1.083,-0.20100000000000007,-0.09285737541302488,2016-05-24 20:35:00,-5.137,-3.3,-1.8369999999999997,True
2016-06-02 15:00:00+00:00,2016-06-02 Thu 11:00,2016-06-02,-1.366,-2.49,-4.226,1.124,0.32431081071822676,holiday_shift,ok,-1.492,-0.157,-1.335,-0.6007747053098283,-1.255,-0.891,-0.3639999999999999,-0.16868293471197657,2016-06-01 20:35:00,2.35,-3.1,5.45,True
2016-06-08 14:30:00+00:00,2016-06-08 Wed 10:30,2016-06-08,-3.226,-2.74,-1.366,-0.48599999999999977,-0.14043271355497733,ok,diff -0.865,1.01,-0.674,1.6840000000000002,0.7586338850009795,1.754,-0.125,1.879,0.873356349465432,2016-06-07 20:35:00,-3.56,-3.5,-0.06000000000000005,True
2016-06-15 14:30:00+00:00,2016-06-15 Wed 10:30,2016-06-15,-0.933,-2.26,-3.226,1.3269999999999997,0.38403784159327686,ok,ok,-2.625,-0.243,-2.382,-1.0739067164518434,0.786,-0.249,1.0350000000000001,0.48165848173631437,2016-06-14 20:35:00,1.518,-1.4,2.918,True
2016-06-22 14:30:00+00:00,2016-06-22 Wed 10:30,2016-06-22,-0.917,-1.671,-0.933,0.754,0.21851500550873007,ok,ok,0.627,-0.326,0.9530000000000001,0.429513639135276,0.151,0.257,-0.10600000000000001,-0.04946173359246304,2016-06-21 20:35:00,-5.224,,,True
2016-06-29 14:30:00+00:00,2016-06-29 Wed 10:30,2016-06-29,-4.053,-2.365,-0.917,-1.6879999999999997,-0.48994569958108275,ok,ok,1.367,0.058,1.309,0.5907923255646671,-1.801,0.014,-1.815,-0.8495181075475934,2016-06-28 20:35:00,-3.86,,,True
2016-07-07 15:00:00+00:00,2016-07-07 Thu 11:00,2016-07-07,-2.223,-2.25,-4.053,0.027000000000000135,0.007845757601128428,holiday_shift,ok,-0.122,-0.353,0.23099999999999998,0.10437595693472765,-1.574,0.031,-1.605,-0.7514878428714464,2016-07-06 20:35:00,-6.73,,,True
2016-07-13 14:30:00+00:00,2016-07-13 Wed 10:30,2016-07-13,-2.546,-2.95,-2.223,0.40400000000000036,0.11758065628410601,ok,ok,1.213,-0.432,1.645,0.7445286311247635,4.058,0.256,3.8019999999999996,1.7817897247041912,2016-07-12 20:35:00,2.2,,,True
2016-07-20 14:30:00+00:00,2016-07-20 Wed 10:30,2016-07-20,-2.342,-2.1,-2.546,-0.242,-0.07054189361300012,ok,ok,0.911,-0.833,1.744,0.7899666232830408,-0.214,0.6,-0.814,-0.37931722344642127,2016-07-19 20:35:00,-2.3,,,True
2016-07-27 14:30:00+00:00,2016-07-27 Wed 10:30,2016-07-27,1.671,-2.257,-2.342,3.928,1.1467669034380117,ok,ok,0.452,0.036,0.41600000000000004,0.18856219666728347,-0.78,0.714,-1.494,-0.6978458718461699,2016-07-26 20:35:00,-8.27,,,True
2016-08-03 14:30:00+00:00,2016-08-03 Wed 10:30,2016-08-03,1.413,-1.363,1.671,2.776,0.8101537108657453,ok,ok,-3.262,-0.2,-3.062,-1.3901829013347604,1.152,-0.482,1.634,0.7641195988356907,2016-08-02 20:35:00,-1.3,,,True
2016-08-10 14:30:00+00:00,2016-08-10 Wed 10:30,2016-08-10,1.055,-1.025,1.413,2.08,0.6074161979853799,ok,ok,-2.807,-1.063,-1.744,-0.7904900882996727,-1.959,0.513,-2.472,-1.1579015163143709,2016-08-09 20:35:00,2.09,-1.0,3.09,True
2016-08-17 14:30:00+00:00,2016-08-17 Wed 10:30,2016-08-17,-2.508,0.522,1.055,-3.0300000000000002,-0.8857760901921327,ok,ok,-2.724,-1.638,-1.0860000000000003,-0.492524915493872,1.939,-0.742,2.681,1.253728093356619,2016-08-16 20:35:00,-1.0,,,True
2016-08-24 14:30:00+00:00,2016-08-24 Wed 10:30,2016-08-24,2.501,-0.455,-2.508,2.956,0.8643288086973518,ok,ok,0.036,-1.166,1.202,0.5458011985034904,0.122,0.4,-0.278,-0.12986330783363276,2016-08-23 20:35:00,4.464,0.2,4.264,True
2016-08-31 14:30:00+00:00,2016-08-31 Wed 10:30,2016-08-31,2.276,0.921,2.501,1.3549999999999998,0.3963968622136619,ok,ok,-0.691,-1.157,0.4660000000000001,0.21185110985973565,1.496,-0.157,1.653,0.774355931689924,2016-08-30 20:35:00,0.942,,,True
2016-09-08 15:00:00+00:00,2016-09-08 Thu 11:00,2016-09-08,-14.513,0.225,2.276,-14.738,-4.317312740929065,holiday_shift,ok,-4.211,-0.171,-4.04,-1.8395534223933654,3.382,0.684,2.698,1.2658816484805697,2016-09-07 20:35:00,-12.08,0.5,-12.58,True
2016-09-14 14:30:00+00:00,2016-09-14 Wed 10:30,2016-09-14,-0.559,3.8,-14.513,-4.359,-1.2432186085288983,ok,ok,0.567,0.343,0.22399999999999992,0.10159088454714706,4.619,1.543,3.0759999999999996,1.4416970785724008,2016-09-13 20:35:00,1.44,4.0,-2.56,True
2016-09-21 14:30:00+00:00,2016-09-21 Wed 10:30,2016-09-21,-6.2,3.35,-0.559,-9.55,-2.721172551788867,ok,ok,-3.204,-0.567,-2.6370000000000005,-1.197897469736194,2.238,0.25,1.988,0.9296331699279506,2016-09-20 20:35:00,-7.497,3.25,-10.747,True
2016-09-28 14:30:00+00:00,2016-09-28 Wed 10:30,2016-09-28,-1.882,2.995,-6.2,-4.877,-1.3760695112485997,ok,ok,2.027,0.178,1.8490000000000002,0.8393101845694627,-1.915,-0.014,-1.901,-0.8897967945128477,2016-09-27 20:35:00,-0.752,3.0,-3.752,True
2016-10-05 14:30:00+00:00,2016-10-05 Wed 10:30,2016-10-05,-2.976,2.56,-1.882,-5.536,-1.5597965020264466,ok,ok,0.222,0.702,-0.48,-0.21799474074345834,-2.359,-0.7,-1.659,-0.7765246351684366,2016-10-04 20:35:00,-7.6,1.5,-9.1,True
2016-10-13 15:00:00+00:00,2016-10-13 Thu 11:00,2016-10-13,4.9,0.65,-2.976,4.25,1.1948125529865972,holiday_shift,ok,-1.9,-1.491,-0.4089999999999998,-0.1860342672582968,-3.7,-1.593,-2.107,-0.9868488940121198,2016-10-12 20:35:00,2.7,0.25,2.45,True
2016-10-19 14:30:00+00:00,2016-10-19 Wed 10:30,2016-10-19,-5.247,2.705,4.9,-7.952,-2.2342113433783246,ok,ok,2.469,-1.319,3.788,1.7256472998948644,-1.24,-1.55,0.31000000000000005,0.1451196837259103,2016-10-18 20:35:00,-3.8,2.1,-5.9,True
2016-10-26 14:30:00+00:00,2016-10-26 Wed 10:30,2016-10-26,-0.553,1.699,-5.2,-2.2520000000000002,-0.628930594972808,ok,ok,-1.956,-0.963,-0.993,-0.45097112583804444,-3.354,-1.413,-1.941,-0.9112079908510131,2016-10-25 20:35:00,4.8,2.0,2.8,True
2016-11-02 14:30:00+00:00,2016-11-02 Wed 10:30,2016-11-02,14.42,1.013,-0.553,13.407,3.747618893520688,ok,ok,-2.207,-1.124,-1.0829999999999997,-0.492461328964857,-1.828,-1.896,0.06799999999999984,0.031921883128505885,2016-11-01 20:35:00,9.3,1.6,7.700000000000001,True
2016-11-09 15:30:00+00:00,2016-11-09 Wed 10:30,2016-11-09,2.432,1.33,14.42,1.1019999999999999,0.30224134630388,ok,ok,-2.841,-1.025,-1.8160000000000003,-0.8267516711142829,-1.948,-2.144,0.19600000000000017,0.09226732624128282,2016-11-08 21:35:00,4.4,2.0,2.4000000000000004,True
2016-11-16 15:30:00+00:00,2016-11-16 Wed 10:30,2016-11-16,5.274,1.48,2.432,3.794,1.0419895921541933,ok,ok,0.746,-0.416,1.162,0.5292626927310405,0.31,-1.729,2.039,0.96254008573643,2016-11-15 21:35:00,3.65,-2.0,5.65,True
2016-11-23 15:30:00+00:00,2016-11-23 Wed 10:30,2016-11-23,-1.255,0.671,5.274,-1.926,-0.528919694206819,ok,ok,2.317,0.643,1.6740000000000002,0.7633492195770692,0.327,-0.357,0.6839999999999999,0.32311105627453324,2016-11-22 21:35:00,-1.28,1.0,-2.2800000000000002,True
2016-11-30 15:30:00+00:00,2016-11-30 Wed 10:30,2016-11-30,-0.884,0.636,-1.255,-1.52,-0.4178572979048548,ok,ok,2.097,1.156,0.9410000000000001,0.42939425655261204,4.957,1.336,3.6209999999999996,1.714980398210477,2016-11-29 21:35:00,-0.717,-0.6,-0.11699999999999999,True
2016-12-07 15:30:00+00:00,2016-12-07 Wed 10:30,2016-12-07,-2.389,-1.032,-0.884,-1.3569999999999998,-0.3734949181318604,ok,ok,3.425,1.948,1.4769999999999999,0.6748588290829629,2.501,1.84,0.6609999999999998,0.31170208615863915,2016-12-06 21:35:00,-2.21,-1.37,-0.8399999999999999,True
2016-12-14 15:30:00+00:00,2016-12-14 Wed 10:30,2016-12-14,-2.563,-1.584,-2.389,-0.9790000000000001,-0.26979285823015187,ok,ok,0.497,2.54,-2.043,-0.9342996990667991,-0.762,1.037,-1.799,-0.8505557841269413,2016-12-13 21:35:00,4.68,-1.5,6.18,True
2016-12-21 15:30:00+00:00,2016-12-21 Wed 10:30,2016-12-21,2.256,-2.515,-2.563,4.771,1.3165684056164788,ok,ok,-1.309,1.42,-2.729,-1.248210848569554,-2.42,-1.152,-1.268,-0.5996440933780831,2016-12-20 21:35:00,-4.15,-2.5,-1.6500000000000004,True
2016-12-29 16:00:00+00:00,2016-12-29 Thu 11:00,2016-12-29,0.614,-2.06,2.256,2.674,0.7371505625521793,holiday_shift,ok,-1.593,1.32,-2.9130000000000003,-1.3311515425683484,-1.881,1.78,-3.661,-1.7336856660298374,2016-12-28 21:35:00,4.2,-2.1,6.300000000000001,True
2017-01-05 16:00:00+00:00,2017-01-05 Thu 11:00,2017-01-05,-7.051,-2.152,0.614,-4.899,-1.3514768924573537,holiday_shift,ok,8.307,1.786,6.521000000000001,2.9762338478925576,10.051,1.1,8.951,4.212526677028958,2017-01-04 21:35:00,-7.43,-1.7,-5.7299999999999995,True
2017-01-11 15:30:00+00:00,2017-01-11 Wed 10:30,2017-01-11,4.097,1.162,-7.051,2.9350000000000005,0.808645191785939,ok,ok,5.023,1.638,3.385,1.5266257541653734,8.356,0.899,7.457,3.3696493006914454,2017-01-10 21:35:00,1.5,0.9,0.6,True
2017-01-19 16:00:00+00:00,2017-01-19 Thu 11:00,2017-01-19,2.347,-0.342,4.097,2.689,0.7412685201837786,holiday_shift,ok,5.951,2.023,3.9279999999999995,1.7680322566145175,-0.968,0.162,-1.13,-0.4981305935033569,2017-01-18 21:35:00,-5.04,0.3,-5.34,True
2017-01-25 15:30:00+00:00,2017-01-25 Wed 10:30,2017-01-25,2.84,2.815,2.347,0.02499999999999991,0.006896442727316444,ok,ok,6.796,0.498,6.298,2.825902210486772,0.076,-0.97,1.046,0.461855678737572,2017-01-24 21:35:00,2.927,2.8,0.12700000000000022,True
2017-02-01 15:30:00+00:00,2017-02-01 Wed 10:30,2017-02-01,6.466,3.289,2.84,3.177,0.8776652841480722,ok,ok,3.866,0.982,2.8840000000000003,1.2807137620068751,1.568,-0.903,2.471,1.093583443827971,2017-01-31 21:35:00,5.8,2.2,3.5999999999999996,True
2017-02-08 15:30:00+00:00,2017-02-08 Wed 10:30,2017-02-08,13.83,2.529,6.466,11.301,3.1231652128526908,ok,ok,-0.869,1.071,-1.94,-0.860779990016286,0.029,0.3,-0.27099999999999996,-0.11995285234512455,2017-02-07 21:35:00,14.23,2.5,11.73,True
2017-02-15 15:30:00+00:00,2017-02-15 Wed 10:30,2017-02-15,9.527,3.513,13.83,6.013999999999999,1.6419634306091937,ok,ok,2.846,-0.752,3.598,1.5969158351198762,-0.689,-0.696,0.007000000000000006,0.0031059927526430296,2017-02-14 21:35:00,9.94,3.5,6.4399999999999995,True
2017-02-23 16:00:00+00:00,2017-02-23 Thu 11:00,2017-02-23,0.564,3.475,9.527,-2.911,-0.7929746330818587,holiday_shift,ok,-2.628,-0.888,-1.7400000000000002,-0.7705925844896041,-4.924,-0.483,-4.441000000000001,-1.9755557515519862,2017-02-22 21:35:00,-0.884,3.3,-4.184,True
2017-03-01 15:30:00+00:00,2017-03-01 Wed 10:30,2017-03-01,1.501,3.079,0.564,-1.5780000000000003,-0.43005048785490446,ok,ok,-0.546,-1.789,1.2429999999999999,0.5507762905365367,-0.925,-0.611,-0.31400000000000006,-0.1384861283896816,2017-02-28 21:35:00,2.502,3.0,-0.4980000000000002,True
2017-03-08 15:30:00+00:00,2017-03-08 Wed 10:30,2017-03-08,8.209,1.967,1.501,6.241999999999999,1.7030275662001741,ok,ok,-6.555,-1.4,-5.154999999999999,-2.2867367604331315,-2.676,-0.9,-1.7760000000000002,-0.785165746962875,2017-03-07 21:35:00,11.6,1.66,9.94,True
2017-03-15 14:30:00+00:00,2017-03-15 Wed 10:30,2017-03-15,-0.237,3.713,8.209,-3.95,-1.0749784865297287,ok,ok,-3.055,-1.95,-1.1050000000000002,-0.48696644688067886,-4.229,-1.663,-2.566,-1.135006987678425,2017-03-14 20:35:00,-0.531,3.5,-4.031,True
2017-03-22 14:30:00+00:00,2017-03-22 Wed 10:30,2017-03-22,4.954,2.801,-0.237,2.1529999999999996,0.5857395217753488,ok,ok,-2.811,-2.008,-0.8029999999999999,-0.3542670425544821,-1.91,-1.386,-0.524,-0.23146816751242247,2017-03-21 20:35:00,4.529,2.0,2.529,True
2017-03-29 14:30:00+00:00,2017-03-29 Wed 10:30,2017-03-29,0.867,1.357,4.954,-0.49,-0.13343892958319004,ok,ok,-3.747,-1.886,-1.861,-0.8220858266598449,-2.483,-1.234,-1.249,-0.5529642859246534,2017-03-28 20:35:00,1.909,0.3,1.609,True
2017-04-05 14:30:00+00:00,2017-04-05 Wed 10:30,2017-04-05,1.566,-0.435,0.867,2.001,0.5456662474137798,ok,ok,-0.618,-1.422,0.8039999999999999,0.35531053716394656,-0.536,-1.016,0.48,0.2128163822788613,2017-04-04 20:35:00,-1.834,-0.5,-1.334,True
2017-04-12 14:30:00+00:00,2017-04-12 Wed 10:30,2017-04-12,-2.166,0.087,1.566,-2.253,-0.6150231001879475,ok,ok,-2.973,-1.721,-1.2519999999999998,-0.5540300318569179,-2.153,-0.885,-1.268,-0.5635740961901806,2017-04-11 20:35:00,-1.3,0.125,-1.425,True
2017-04-19 14:30:00+00:00,2017-04-19 Wed 10:30,2017-04-19,-1.034,-1.47,-2.166,0.43599999999999994,0.1191152129063487,ok,ok,1.542,-1.938,3.48,1.5414750061386147,-1.955,-0.988,-0.9670000000000001,-0.4303972176525359,2017-04-18 20:35:00,-0.84,-0.05,-0.7899999999999999,True
2017-04-26 14:30:00+00:00,2017-04-26 Wed 10:30,2017-04-26,-3.641,-1.661,-1.034,-1.98,-0.5416855864010905,ok,ok,3.369,-1.02,4.389,1.940409517142382,2.651,-1.037,3.6879999999999997,1.644425051671161,2017-04-25 20:35:00,0.897,-1.3,2.197,True
2017-05-03 14:30:00+00:00,2017-05-03 Wed 10:30,2017-05-03,-0.93,-2.333,-3.641,1.403,0.38418787238888014,ok,ok,0.191,1.322,-1.131,-0.49808642140738785,-0.562,0.723,-1.2850000000000001,-0.5710003335396642,2017-05-02 20:35:00,-4.158,-2.3,-1.8580000000000005,True
2017-05-10 14:30:00+00:00,2017-05-10 Wed 10:30,2017-05-10,-5.247,-1.786,-0.93,-3.461,-0.9488896556706546,ok,ok,-0.15,-0.538,0.388,0.1710535962915228,-1.587,-1.013,-0.5740000000000001,-0.25540800283218484,2017-05-09 20:35:00,-5.789,-1.8,-3.989,True
2017-05-17 14:30:00+00:00,2017-05-17 Wed 10:30,2017-05-17,-1.753,-2.36,-5.247,0.607,0.16642741230409458,ok,ok,-0.413,-0.731,0.318,0.14039551353495433,-1.944,-1.05,-0.8939999999999999,-0.39864660890774684,2017-05-16 20:35:00,0.882,-2.3,3.182,True
2017-05-24 14:30:00+00:00,2017-05-24 Wed 10:30,2017-05-24,-4.432,-2.419,-1.753,-2.0130000000000003,-0.5526727264555851,ok,ok,-0.787,-1.194,0.4069999999999999,0.17994887878591984,-0.485,-0.743,0.258,0.11525739506999699,2017-05-23 20:35:00,-1.5,-2.7,1.2000000000000002,True
2017-06-01 15:00:00+00:00,2017-06-01 Thu 11:00,2017-06-01,-6.428,-2.517,-4.432,-3.911,-1.074746119597145,holiday_shift,ok,-2.858,-1.091,-1.7670000000000001,-0.7823693089548962,0.394,-0.755,1.149,0.5145350606498957,2017-05-31 20:35:00,-8.67,-2.5,-6.17,True
2017-06-07 14:30:00+00:00,2017-06-07 Wed 10:30,2017-06-07,3.295,-3.464,-6.428,6.759,1.8568264846774925,ok,ok,3.324,0.58,2.7439999999999998,1.2155441952625408,4.355,0.281,4.074000000000001,1.8279778498231787,2017-06-06 20:35:00,-4.62,-3.5,-1.12,True
2017-06-14 14:30:00+00:00,2017-06-14 Wed 10:30,2017-06-14,-1.661,-2.739,3.295,1.0779999999999998,0.2952053880799265,ok,ok,2.096,-0.457,2.553,1.1302852626647144,0.328,0.686,-0.35800000000000004,-0.15987431782577485,2017-06-13 20:35:00,2.75,-2.7,5.45,True
2017-06-21 14:30:00+00:00,2017-06-21 Wed 10:30,2017-06-21,-2.451,-2.106,-1.661,-0.3450000000000002,-0.0945967217934922,ok,ok,-0.578,0.443,-1.021,-0.4518981869731304,1.079,0.465,0.6139999999999999,0.2748057159648538,2017-06-20 20:35:00,-2.72,-2.1,-0.6200000000000001,True
2017-06-28 14:30:00+00:00,2017-06-28 Wed 10:30,2017-06-28,0.118,-2.585,-2.451,2.703,0.7421374690830721,ok,ok,-0.894,-0.583,-0.31100000000000005,-0.13780069058878774,-0.223,0.453,-0.676,-0.303249002770441,2017-06-27 20:35:00,0.851,-2.6,3.451,True
2017-07-06 15:00:00+00:00,2017-07-06 Thu 11:00,2017-07-06,-6.299,-2.283,0.118,-4.016,-1.1033797871127209,holiday_shift,ok,-3.669,-1.067,-2.6020000000000003,-1.1545268934207573,-1.85,0.217,-2.067,-0.9290705743749722,2017-07-05 20:35:00,-5.764,-1.6,-4.164,True
2017-07-12 14:30:00+00:00,2017-07-12 Wed 10:30,2017-07-12,-7.564,-2.85,-6.299,-4.714,-1.2946437708071852,ok,ok,-1.647,1.147,-2.794,-1.2389817892289943,3.131,1.133,1.9979999999999998,0.8979472709470846,2017-07-11 20:35:00,-8.133,-2.9,-5.232999999999999,True
2017-07-19 14:30:00+00:00,2017-07-19 Wed 10:30,2017-07-19,-4.727,-3.214,-7.564,-1.5130000000000003,-0.4151062196130734,ok,ok,-4.445,-0.655,-3.79,-1.6791786126330965,-2.137,1.229,-3.366,-1.5140157806514938,2017-07-18 20:35:00,1.628,-3.5,5.128,True
2017-07-26 14:30:00+00:00,2017-07-26 Wed 10:30,2017-07-26,-7.208,-2.629,-4.727,-4.579000000000001,-1.2576537270060737,ok,ok,-1.015,-0.614,-0.4009999999999999,-0.17718309811090485,-1.852,-0.453,-1.399,-0.6269668747549985,2017-07-25 20:35:00,-10.23,-3.0,-7.23,True
2017-08-02 14:30:00+00:00,2017-08-02 Wed 10:30,2017-08-02,-1.527,-2.957,-7.208,1.43,0.39242038491427994,ok,ok,-2.517,-0.636,-1.8809999999999998,-0.8322605546524969,-0.15,-0.525,0.375,0.16824684082754246,2017-08-01 20:35:00,1.779,-2.9,4.679,True
2017-08-09 14:30:00+00:00,2017-08-09 Wed 10:30,2017-08-09,-6.451,-2.72,-1.527,-3.7309999999999994,-1.02504502064654,ok,ok,3.424,-1.479,4.9030000000000005,2.1701890274929054,-1.729,-0.131,-1.598,-0.7185950933892084,2017-08-08 20:35:00,-7.839,-2.2,-5.639,True
2017-08-16 14:30:00+00:00,2017-08-16 Wed 10:30,2017-08-16,-8.945,-3.058,-6.451,-5.8870000000000005,-1.617168235472085,ok,ok,0.022,-1.078,1.1,0.4844287379074,0.702,-0.572,1.274,0.5733595831602623,2017-08-15 20:35:00,-9.2,-0.472,-8.728,True
2017-08-23 14:30:00+00:00,2017-08-23 Wed 10:30,2017-08-23,-3.327,-3.45,-8.945,0.12300000000000022,0.03371318550055336,ok,ok,-1.223,-0.643,-0.5800000000000001,-0.2557114925292636,0.028,0.093,-0.065,-0.029303812150747212,2017-08-22 20:35:00,-3.595,-3.4,-0.19500000000000028,True
2017-08-30 14:30:00+00:00,2017-08-30 Wed 10:30,2017-08-30,-5.392,-1.908,-3.327,-3.4840000000000004,-0.9562014853173703,ok,ok,0.035,-0.989,1.024,0.4520469611752306,0.748,-0.846,1.5939999999999999,0.7202291828264259,2017-08-29 20:35:00,-5.78,-1.5,-4.28,True
2017-09-07 15:00:00+00:00,2017-09-07 Thu 11:00,2017-09-07,4.58,4.022,-5.392,0.5579999999999998,0.15315718373182136,holiday_shift,ok,-3.199,-5.0,1.8010000000000002,0.7959710162578797,-1.396,-3.063,1.6670000000000003,0.754232748238441,2017-09-06 20:35:00,2.791,4.0,-1.209,True
2017-09-13 14:30:00+00:00,2017-09-13 Wed 10:30,2017-09-13,5.888,3.238,4.58,2.65,0.7283023533992133,ok,ok,-8.428,-2.05,-6.378000000000001,-2.8204569658667458,-3.215,-1.537,-1.678,-0.7601639811835283,2017-09-12 20:35:00,6.181,,,True
2017-09-20 14:30:00+00:00,2017-09-20 Wed 10:30,2017-09-20,4.591,3.493,5.888,1.0980000000000003,0.3019601288625298,ok,ok,-2.125,-2.135,0.009999999999999787,0.004379000599095202,-5.693,-1.633,-4.06,-1.8403898435051183,2017-09-19 20:35:00,1.443,3.5,-2.057,True
2017-09-27 14:30:00+00:00,2017-09-27 Wed 10:30,2017-09-27,-1.846,3.422,4.591,-5.268000000000001,-1.450498615284154,ok,ok,1.107,-0.921,2.028,0.8892968607456323,-0.814,-2.156,1.342,0.6047033082327388,2017-09-26 20:35:00,-0.761,3.4,-4.161,True
2017-10-04 14:30:00+00:00,2017-10-04 Wed 10:30,2017-10-04,-6.023,-0.756,-1.846,-5.2669999999999995,-1.4480470270977235,ok,ok,1.644,1.088,0.5559999999999998,0.24389649890838017,-2.606,-1.813,-0.7929999999999999,-0.3578994408093559,2017-10-03 20:35:00,-4.079,,,True
2017-10-12 15:00:00+00:00,2017-10-12 Thu 11:00,2017-10-12,-2.747,-1.991,-6.023,-0.7559999999999998,-0.207539632905633,holiday_shift,ok,2.49,-0.48,2.97,1.3045460558274575,-1.48,-2.165,0.685,0.3097078321254984,2017-10-11 20:35:00,3.097,-0.4,3.497,True
2017-10-18 14:30:00+00:00,2017-10-18 Wed 10:30,2017-10-18,-5.731,-4.242,-2.747,-1.4889999999999999,-0.40927336516500334,ok,ok,0.908,0.256,0.652,0.28613751344273025,0.528,-1.453,1.981,0.8975328918279933,2017-10-17 20:30:00,-7.13,-4.2,-2.9299999999999997,True
2017-10-25 14:30:00+00:00,2017-10-25 Wed 10:30,2017-10-25,0.856,-2.578,-5.731,3.4339999999999997,0.944898363562988,ok,ok,-5.465,-0.017,-5.4479999999999995,-2.3939912987617373,-5.246,-0.86,-4.386,-1.9886296991383632,2017-10-24 20:30:00,0.591,-0.425,1.016,True
2017-11-01 14:30:00+00:00,2017-11-01 Wed 10:30,2017-11-01,-2.435,-1.756,0.856,-0.679,-0.1868636016230985,ok,ok,-4.02,-1.506,-2.5139999999999993,-1.09742886482966,-0.32,-2.128,1.808,0.8139695818452718,2017-10-31 20:30:00,-5.087,-2.1,-2.9869999999999997,True
2017-11-08 15:30:00+00:00,2017-11-08 Wed 10:30,2017-11-08,2.237,-2.876,-2.435,5.1129999999999995,1.4088693023928438,ok,ok,-3.312,-1.938,-1.3739999999999999,-0.5995798848027,-3.359,-1.372,-1.9869999999999999,-0.8954419643545753,2017-11-07 21:30:00,-1.562,-2.7,1.1380000000000001,True
2017-11-15 15:30:00+00:00,2017-11-15 Wed 10:30,2017-11-15,1.854,-2.2,2.237,4.054,1.1156979757380114,ok,ok,0.894,-0.919,1.8130000000000002,0.7918134821298293,-0.799,-1.269,0.46999999999999986,0.21183084050603657,2017-11-14 21:35:00,6.513,-2.2,8.713000000000001,True
2017-11-22 15:30:00+00:00,2017-11-22 Wed 10:30,2017-11-22,-1.855,-1.545,1.854,-0.31000000000000005,-0.08529165676412669,ok,ok,0.044,0.737,-0.693,-0.3028289098484872,0.269,-1.164,1.4329999999999998,0.6472229353759286,2017-11-21 21:35:00,-6.356,-1.5,-4.856,True
2017-11-29 15:30:00+00:00,2017-11-29 Wed 10:30,2017-11-29,-3.429,-2.301,-1.855,-1.1279999999999997,-0.31074610936374564,ok,ok,3.627,1.199,2.428,1.0622829250395,2.747,0.23,2.517,1.1384591204651804,2017-11-28 21:35:00,1.821,-2.5,4.321,True
2017-12-06 15:30:00+00:00,2017-12-06 Wed 10:30,2017-12-06,-5.61,-3.404,-3.429,-2.2060000000000004,-0.6084134912635997,ok,ok,6.78,1.741,5.039,2.204385713129811,1.667,0.967,0.7000000000000001,0.316534510792441,2017-12-05 21:35:00,-5.481,-4.1,-1.3810000000000002,True
2017-12-13 15:30:00+00:00,2017-12-13 Wed 10:30,2017-12-13,-5.117,-3.759,-5.61,-1.358,-0.3748282562113456,ok,ok,5.664,2.457,3.207,1.3959238575947361,-1.37,0.902,-2.2720000000000002,-1.029444425236273,2017-12-12 21:35:00,-7.382,-4.0,-3.3819999999999997,True
2017-12-20 15:30:00+00:00,2017-12-20 Wed 10:30,2017-12-20,-6.495,-3.769,-5.117,-2.726,-0.7532310572008928,ok,ok,1.237,1.895,-0.6579999999999999,-0.2860785678444709,0.769,-0.87,1.639,0.7422667896509455,2017-12-19 21:35:00,-5.222,-3.2,-2.0220000000000002,True
2017-12-28 16:00:00+00:00,2017-12-28 Thu 11:00,2017-12-28,-4.609,-3.97,-6.495,-0.6389999999999998,-0.17665742025466544,holiday_shift,ok,0.591,1.278,-0.687,-0.2990473528507456,1.09,-0.584,1.674,0.7590133173045828,2017-12-27 21:40:00,-6.0,-3.8,-2.2,True
2018-01-04 16:00:00+00:00,2018-01-04 Thu 11:00,2018-01-04,-7.419,-5.148,-4.609,-2.271,-0.628607074442092,holiday_shift,ok,4.813,2.182,2.631,1.14662625796625,8.899,0.477,8.421999999999999,3.8229887184668288,2018-01-03 21:30:00,-4.992,-5.25,0.258,True
2018-01-10 15:30:00+00:00,2018-01-10 Wed 10:30,2018-01-10,-4.948,-3.89,-7.419,-1.0580000000000003,-0.29307112979578076,ok,ok,4.135,2.625,1.5099999999999998,0.6578673598049095,4.254,1.464,2.7899999999999996,1.2336929701804211,2018-01-09 21:35:00,-11.19,-3.9,-7.289999999999999,True
2018-01-18 16:00:00+00:00,2018-01-18 Thu 11:00,2018-01-18,-6.861,-3.536,-4.948,-3.3249999999999997,-0.9220974888498689,holiday_shift,ok,3.62,3.426,0.19399999999999995,0.0845895554940151,-3.887,0.086,-3.973,-1.7557553467760358,2018-01-17 21:35:00,-5.121,-3.6,-1.5210000000000004,True
2018-01-24 15:30:00+00:00,2018-01-24 Wed 10:30,2018-01-24,-1.071,-1.0,-6.861,-0.07099999999999995,-0.019693290287377888,ok,ok,3.098,2.486,0.6119999999999997,0.2672032951609382,0.639,-1.471,2.1100000000000003,0.9277950437632045,2018-01-23 21:35:00,4.755,-1.6,6.355,True
2018-01-31 15:30:00+00:00,2018-01-31 Wed 10:30,2018-01-31,6.776,0.126,-1.071,6.6499999999999995,1.8468266770250341,ok,ok,-1.98,1.809,-3.7889999999999997,-1.6563780717032357,-1.94,-1.454,-0.486,-0.2138359751132595,2018-01-30 21:35:00,3.229,1.5,1.729,True
2018-02-07 15:30:00+00:00,2018-02-07 Wed 10:30,2018-02-07,1.895,3.189,6.776,-1.294,-0.3583024890480264,ok,ok,3.414,0.459,2.955,1.288635915383237,3.926,-1.419,5.345000000000001,2.3561222259930688,2018-02-06 21:35:00,-1.05,2.5,-3.55,True
2018-02-14 15:30:00+00:00,2018-02-14 Wed 10:30,2018-02-14,1.841,2.825,1.895,-0.9840000000000002,-0.2727591328004452,ok,ok,3.599,1.229,2.37,1.032744126130038,-0.459,-1.13,0.6709999999999998,0.2933464722465747,2018-02-13 21:35:00,3.947,2.8,1.1470000000000002,True
2018-02-22 16:00:00+00:00,2018-02-22 Thu 11:00,2018-02-22,-1.616,1.795,1.841,-3.411,-0.9465940775525782,holiday_shift,ok,0.261,-0.283,0.544,0.237054182016073,-2.422,-1.46,-0.9620000000000002,-0.4213921924778508,2018-02-21 21:35:00,-0.907,1.3,-2.207,True
2018-02-28 15:30:00+00:00,2018-02-28 Wed 10:30,2018-02-28,3.019,2.4,-1.616,0.6190000000000002,0.17179918448354883,ok,ok,2.483,-0.19,2.673,1.166257151105263,-0.96,-0.709,-0.251,-0.11010881044937626,2018-02-27 21:30:00,0.933,2.7,-1.7670000000000001,True
2018-03-07 15:30:00+00:00,2018-03-07 Wed 10:30,2018-03-07,2.408,2.723,3.019,-0.31499999999999995,-0.08753151318954157,ok,ok,-0.788,-1.201,0.41300000000000003,0.1801329368115808,-0.559,-1.2,0.6409999999999999,0.28173691852210014,2018-03-06 21:30:00,5.661,2.7,2.9609999999999994,True
2018-03-14 14:30:00+00:00,2018-03-14 Wed 10:30,2018-03-14,5.022,2.023,2.408,2.999,0.8343771790152118,ok,ok,-6.271,-1.176,-5.095,-2.22506447536861,-4.36,-1.519,-2.841,-1.2511313789938265,2018-03-13 20:30:00,1.156,1.5,-0.3440000000000001,True
2018-03-21 14:30:00+00:00,2018-03-21 Wed 10:30,2018-03-21,-2.622,2.6,5.022,-5.2219999999999995,-1.453423005728289,ok,ok,-1.693,-2.008,0.31499999999999995,0.13683419867889388,-2.022,-1.746,-0.2759999999999998,-0.12134508756397792,2018-03-20 20:30:00,-2.739,3.2,-5.939,True
2018-03-28 14:30:00+00:00,2018-03-28 Wed 10:30,2018-03-28,1.643,-0.287,-2.622,1.93,0.5364254251522458,ok,ok,-3.472,-1.954,-1.518,-0.6602575936512705,-2.09,-1.618,-0.47199999999999975,-0.2079123294029131,2018-03-27 20:35:00,5.321,1.0,4.321,True
2018-04-04 14:30:00+00:00,2018-04-04 Wed 10:30,2018-04-04,-4.617,1.4,1.643,-6.0169999999999995,-1.6738426518411067,ok,ok,-1.116,-1.264,0.1479999999999999,0.06441593754485676,0.537,-1.134,1.6709999999999998,0.737390758868194,2018-04-03 20:30:00,-3.28,1.7,-4.9799999999999995,True
2018-04-11 14:30:00+00:00,2018-04-11 Wed 10:30,2018-04-11,3.306,-0.6,-4.617,3.906,1.0841889587802265,ok,ok,0.458,-1.425,1.883,0.8206194520062727,-1.044,-0.029,-1.0150000000000001,-0.44843044523777503,2018-04-10 20:30:00,1.758,0.1,1.658,True
2018-04-18 14:30:00+00:00,2018-04-18 Wed 10:30,2018-04-18,-1.071,-0.5,3.306,-0.571,-0.15846008168700082,ok,ok,-2.968,-0.227,-2.741,-1.195128594173449,-3.107,-0.268,-2.8390000000000004,-1.2560149106110627,2018-04-17 20:30:00,-1.047,0.625,-1.672,True
2018-04-25 14:30:00+00:00,2018-04-25 Wed 10:30,2018-04-25,2.17,-1.6,-1.071,3.77,1.0474662212676604,ok,ok,0.84,-0.625,1.4649999999999999,0.6383486043920042,-2.611,-0.861,-1.7500000000000002,-0.7729775637960596,2018-04-24 20:30:00,1.099,-2.0,3.099,True
2018-05-02 14:30:00+00:00,2018-05-02 Wed 10:30,2018-05-02,6.218,0.739,2.17,5.479,1.522141234561261,ok,ok,1.171,-0.587,1.758,0.766640864980682,-3.9,-1.36,-2.54,-1.1224812255752572,2018-05-01 20:30:00,3.427,,,True
2018-05-09 14:30:00+00:00,2018-05-09 Wed 10:30,2018-05-09,-2.197,-0.2,6.218,-1.997,-0.553929221200219,ok,ok,-2.174,-0.45,-1.724,-0.7522609464344988,-3.791,-1.375,-2.416,-1.0667273768589984,2018-05-08 20:30:00,-1.85,,,True
2018-05-16 14:30:00+00:00,2018-05-16 Wed 10:30,2018-05-16,-1.404,-0.763,-2.197,-0.6409999999999999,-0.1779476813377255,ok,ok,-3.79,-1.421,-2.3689999999999998,-1.0342032904541325,-0.092,-2.155,2.0629999999999997,0.9103072597139341,2018-05-15 20:30:00,4.854,,,True
2018-05-23 14:30:00+00:00,2018-05-23 Wed 10:30,2018-05-23,5.778,-1.567,-1.404,7.345,2.041416690100487,ok,ok,1.883,-1.388,3.271,1.4277246264928813,-0.951,-1.335,0.384,0.16954369420659152,2018-05-22 20:35:00,-1.3,-2.8,1.4999999999999998,True
2018-05-31 15:00:00+00:00,2018-05-31 Thu 11:00,2018-05-31,-3.62,-0.4,5.778,-3.22,-0.8916044532852143,holiday_shift,ok,0.534,,,,0.634,,,,2018-05-30 20:30:00,1.001,,,True
2018-06-06 14:30:00+00:00,2018-06-06 Wed 10:30,2018-06-06,2.072,-2.0,-3.62,4.072,1.1277666670170128,ok,ok,4.603,0.587,4.016,1.7508128345812328,2.165,0.784,1.381,0.6109062228228698,2018-06-05 20:30:00,-2.028,,,True
2018-06-13 14:30:00+00:00,2018-06-13 Wed 10:30,2018-06-13,-4.143,-1.44,2.072,-2.703,-0.7483955056881064,ok,ok,-2.271,0.443,-2.714,-1.180313498580025,-2.101,0.2,-2.301,-1.0192934984082904,2018-06-12 20:30:00,0.833,-2.7,3.5330000000000004,True
2018-06-20 14:30:00+00:00,2018-06-20 Wed 10:30,2018-06-20,-5.914,-2.1,-4.143,-3.8139999999999996,-1.0565343341983846,ok,ok,3.277,0.188,3.089,1.3425810326830387,2.715,-0.164,2.879,1.2748122691590322,2018-06-19 20:30:00,-3.016,,,True
2018-06-27 14:30:00+00:00,2018-06-27 Wed 10:30,2018-06-27,-9.891,-2.572,-5.914,-7.319,-2.0271342877685945,ok,ok,1.156,1.313,-0.15700000000000003,-0.06817732415054707,0.015,0.774,-0.759,-0.3358146672068362,2018-06-26 20:30:00,-9.228,-2.5,-6.728,True
2018-07-05 15:00:00+00:00,2018-07-05 Thu 11:00,2018-07-05,1.245,-5.2,-9.891,6.445,1.7784460428067543,holiday_shift,ok,-1.505,-0.817,-0.688,-0.2991350481726642,0.134,-0.545,0.679,0.30088875009013794,2018-07-03 20:30:00,-4.5,,,True
2018-07-11 14:30:00+00:00,2018-07-11 Wed 10:30,2018-07-11,-12.633,-4.489,1.245,-8.143999999999998,-2.2415998393048246,ok,ok,-0.694,-0.75,0.05600000000000005,0.024375197900849375,4.125,1.2,2.925,1.2985073430878742,2018-07-10 20:30:00,-6.796,,,True
2018-07-18 14:30:00+00:00,2018-07-18 Wed 10:30,2018-07-18,5.836,-3.622,-12.633,9.458,2.590888503478187,ok,ok,-3.165,-0.044,-3.121,-1.3601787005778216,-0.371,0.873,-1.244,-0.5517692861758202,2018-07-17 20:30:00,0.629,,,True
2018-07-25 14:30:00+00:00,2018-07-25 Wed 10:30,2018-07-25,-6.147,-2.6,5.836,-3.547,-0.9652106224402703,ok,ok,-2.328,-0.713,-1.6149999999999998,-0.7030090318739123,-0.101,0.207,-0.308,-0.1367630383018909,2018-07-24 20:30:00,-3.16,-3.0,-0.16000000000000014,True
2018-08-01 14:30:00+00:00,2018-08-01 Wed 10:30,2018-08-01,3.803,-2.794,-6.147,6.5969999999999995,1.7952867164368904,ok,ok,-2.536,-1.288,-1.248,-0.5435618050052907,2.983,0.264,2.7190000000000003,1.2094793250256652,2018-07-31 20:30:00,5.59,,,True
2018-08-08 14:30:00+00:00,2018-08-08 Wed 10:30,2018-08-08,-1.351,-2.8,3.803,1.4489999999999998,0.39331708572219937,ok,ok,2.9,-1.7,4.6,2.0051710367719293,1.23,0.22,1.01,0.44905891342632503,2018-08-07 20:30:00,-6.0,,,True
2018-08-15 14:30:00+00:00,2018-08-15 Wed 10:30,2018-08-15,6.805,-2.499,-1.351,9.304,2.5280122833538345,ok,ok,-0.74,-0.583,-0.15700000000000003,-0.06819503240155385,3.566,0.964,2.602,1.1587547953308464,2018-08-14 20:30:00,3.66,,,True
2018-08-22 14:30:00+00:00,2018-08-22 Wed 10:30,2018-08-22,-5.836,-1.497,6.805,-4.339,-1.1717099930223729,ok,ok,1.2,-0.488,1.688,0.7340998498017173,1.849,1.463,0.3859999999999999,0.1718557840753338,2018-08-21 20:30:00,-5.17,,,True
2018-08-29 14:30:00+00:00,2018-08-29 Wed 10:30,2018-08-29,-2.566,-0.686,-5.836,-1.88,-0.5074339574844532,ok,ok,-1.554,0.37,-1.924,-0.8372642563765336,-0.837,1.592,-2.4290000000000003,-1.0834267338411918,2018-08-28 20:30:00,0.038,,,True
2018-09-06 15:00:00+00:00,2018-09-06 Thu 11:00,2018-09-06,-4.302,-1.294,-2.566,-3.0079999999999996,-0.8125817238678623,holiday_shift,ok,1.845,-0.81,2.6550000000000002,1.155705568961859,3.119,0.742,2.3770000000000002,1.059483070183437,2018-09-05 20:30:00,-1.2,,,True
2018-09-12 14:30:00+00:00,2018-09-12 Wed 10:30,2018-09-12,-5.296,-1.3,-4.302,-3.9960000000000004,-1.079878551272666,ok,ok,1.25,1.321,-0.07099999999999995,-0.030896425868634714,6.163,1.446,4.7170000000000005,2.10273182245958,2018-09-11 20:30:00,-8.636,,,True
2018-09-19 14:30:00+00:00,2018-09-19 Wed 10:30,2018-09-19,-2.057,-2.741,-5.296,0.6840000000000002,0.1848033883560789,ok,ok,-1.719,-0.104,-1.615,-0.7036393386326723,0.839,0.651,0.18799999999999994,0.08335049651732179,2018-09-18 20:30:00,1.25,,,True
2018-09-26 14:30:00+00:00,2018-09-26 Wed 10:30,2018-09-26,1.852,-1.279,-2.057,3.1310000000000002,0.8468833986816235,ok,ok,1.53,0.788,0.742,0.3234591357810997,-2.241,0.752,-2.9930000000000003,-1.3293672537294954,2018-09-25 20:30:00,2.903,,,True
2018-10-03 14:30:00+00:00,2018-10-03 Wed 10:30,2018-10-03,7.975,1.985,1.852,5.989999999999999,1.6207587036129385,ok,ok,-0.459,1.316,-1.7750000000000001,-0.7746371784455591,-1.75,-1.303,-0.44700000000000006,-0.1981665891814193,2018-10-02 20:30:00,0.907,,,True
2018-10-11 15:00:00+00:00,2018-10-11 Thu 11:00,2018-10-11,5.987,2.62,7.975,3.367,0.9093824822038622,holiday_shift,ok,0.951,-0.042,0.993,0.43353972706897353,-2.666,-2.005,-0.661,-0.2935208103968198,2018-10-10 20:30:00,9.75,,,True
2018-10-17 14:30:00+00:00,2018-10-17 Wed 10:30,2018-10-17,6.49,1.6,5.987,4.890000000000001,1.3210329865346206,ok,ok,-2.016,-1.074,-0.942,-0.41169230469171464,-0.827,-1.28,0.45300000000000007,0.20146392849568465,2018-10-16 20:30:00,-2.1,,,True
2018-10-24 14:30:00+00:00,2018-10-24 Wed 10:30,2018-10-24,6.346,3.694,6.49,2.652,0.7158690719528619,ok,ok,-4.826,-1.878,-2.9479999999999995,-1.2896384396775313,-2.262,-1.927,-0.33499999999999996,-0.14924918998269807,2018-10-23 20:30:00,9.88,,,True
2018-10-31 14:30:00+00:00,2018-10-31 Wed 10:30,2018-10-31,3.217,4.11,6.346,-0.8930000000000002,-0.24119512539055518,ok,ok,-3.161,-2.137,-1.024,-0.4475566316353379,-4.054,-1.369,-2.6850000000000005,-1.1982278441716032,2018-10-30 20:30:00,5.7,,,True
2018-11-07 15:30:00+00:00,2018-11-07 Wed 10:30,2018-11-07,5.783,2.433,3.217,3.3500000000000005,0.9057799437851237,ok,ok,1.852,-2.276,4.128,1.8058808056706175,-3.465,-2.629,-0.8359999999999999,-0.3726401157855554,2018-11-06 21:30:00,7.83,,,True
2018-11-15 16:00:00+00:00,2018-11-15 Thu 11:00,2018-11-15,10.27,3.182,5.783,7.087999999999999,1.9169484785394897,holiday_shift,ok,-1.411,-1.479,0.06800000000000006,0.029672140005708975,-3.589,-1.741,-1.8479999999999999,-0.8248782678434223,2018-11-14 21:30:00,8.79,,,True
2018-11-21 15:30:00+00:00,2018-11-21 Wed 10:30,2018-11-21,4.851,2.5,10.27,2.351,0.633978950913214,ok,ok,-1.295,-0.198,-1.097,-0.4792536584338648,-0.077,-2.754,2.677,1.19526835085988,2018-11-20 21:30:00,-1.545,,,True
2018-11-28 15:30:00+00:00,2018-11-28 Wed 10:30,2018-11-28,3.577,0.769,4.851,2.808,0.7577585990524517,ok,ok,-0.764,0.64,-1.404,-0.6139125801079752,2.61,-0.857,3.4669999999999996,1.547381161303009,2018-11-27 21:30:00,3.453,,,True
2018-12-06 16:00:00+00:00,2018-12-06 Thu 11:00,2018-12-06,-7.323,-0.942,3.577,-6.381,-1.7228735735978777,unexplained,ok,1.699,1.3,0.399,0.17458704698373143,3.811,1.18,2.6310000000000002,1.171969032989269,2018-12-04 21:30:00,5.36,,,False
2018-12-12 15:30:00+00:00,2018-12-12 Wed 10:30,2018-12-12,-1.208,-2.99,-7.323,1.7820000000000003,0.48002353125307223,ok,ok,2.087,2.461,-0.37399999999999967,-0.16383835389413215,-1.475,1.801,-3.276,-1.4588801327427972,2018-12-11 21:30:00,-10.18,,,True
2018-12-19 15:30:00+00:00,2018-12-19 Wed 10:30,2018-12-19,-0.497,-2.437,-1.208,1.94,0.5230521721202457,ok,ok,1.766,1.2,0.5660000000000001,0.24823008458379245,-4.237,0.573,-4.8100000000000005,-2.136765769735962,2018-12-18 21:30:00,3.45,,,True
2018-12-28 16:00:00+00:00,2018-12-28 Fri 11:00,2018-12-28,-0.046,-2.869,-0.497,2.8230000000000004,0.7617673813385927,holiday_shift,ok,3.003,0.028,2.975,1.3062128302060303,0.002,-0.529,0.531,0.23429236617706184,2018-12-27 21:30:00,6.92,,,True
2019-01-04 16:00:00+00:00,2019-01-04 Fri 11:00,2019-01-04,0.007,-3.086,-0.046,3.093,0.8350592117138542,holiday_shift,ok,6.89,1.967,4.923,2.1599424748890814,9.529,1.633,7.896,3.4898268308803644,2019-01-03 21:30:00,-4.5,,,True
2019-01-09 15:30:00+00:00,2019-01-09 Wed 10:30,2019-01-09,-1.68,-2.4,0.007,0.72,0.19446520779386628,ok,ok,8.066,3.387,4.679,2.0445094043149843,10.611,1.889,8.722000000000001,3.7868208318543504,2019-01-08 21:30:00,-6.27,,,True
2019-01-16 15:30:00+00:00,2019-01-16 Wed 10:30,2019-01-16,-2.683,-1.323,-1.68,-1.3599999999999999,-0.3677221923456513,ok,ok,7.503,2.769,4.734,2.0613038807078348,2.967,1.565,1.4020000000000001,0.5959945148528765,2019-01-15 21:30:00,-0.56,,,True
2019-01-24 16:00:00+00:00,2019-01-24 Thu 11:00,2019-01-24,7.97,-0.042,-2.683,8.012,2.1683402333607624,holiday_shift,ok,4.05,2.655,1.395,0.6052634019064679,-0.617,-0.229,-0.388,-0.16515419743780493,2019-01-23 21:30:00,6.55,,,True
2019-01-30 15:30:00+00:00,2019-01-30 Wed 10:30,2019-01-30,0.919,3.1,7.97,-2.181,-0.5879472237611211,ok,ok,-2.235,2.8,-5.035,-2.1863543796694187,-1.122,-2.0,0.8779999999999999,0.3743154218504753,2019-01-29 21:30:00,2.098,,,True
2019-02-06 15:30:00+00:00,2019-02-06 Wed 10:30,2019-02-06,1.263,2.179,0.919,-0.9159999999999999,-0.24709936298164148,ok,ok,0.513,1.601,-1.088,-0.4702632641783033,-2.257,-1.814,-0.44300000000000006,-0.18916083665403916,2019-02-05 21:30:00,2.514,,,True
2019-02-13 15:30:00+00:00,2019-02-13 Wed 10:30,2019-02-13,3.633,2.668,1.263,0.9649999999999999,0.2605823915632352,ok,ok,0.408,0.826,-0.418,-0.18082502496391772,1.187,-1.142,2.3289999999999997,0.9960187916467151,2019-02-12 21:30:00,-0.998,,,True
2019-02-21 16:00:00+00:00,2019-02-21 Thu 11:00,2019-02-21,3.672,3.08,3.633,0.5920000000000001,0.16002724588756229,holiday_shift,ok,-1.454,-0.35,-1.104,-0.47811121965936787,-1.517,-1.691,0.17400000000000015,0.07443914685325592,2019-02-20 21:30:00,1.26,,,True
2019-02-27 15:30:00+00:00,2019-02-27 Wed 10:30,2019-02-27,-8.647,2.842,3.672,-11.489,-3.1090293397402893,ok,ok,-1.906,-1.686,-0.21999999999999997,-0.09535592546080658,-0.304,-1.951,1.647,0.7057888108844054,2019-02-26 21:30:00,-4.2,,,True
2019-03-06 15:30:00+00:00,2019-03-06 Wed 10:30,2019-03-06,7.069,1.203,-8.647,5.866,1.572179672575138,ok,ok,-4.227,-2.084,-2.1430000000000002,-0.9299047527736685,-2.393,-1.44,-0.9529999999999998,-0.40883040331742804,2019-03-05 21:30:00,7.29,,,True
2019-03-13 14:30:00+00:00,2019-03-13 Wed 10:30,2019-03-13,-3.862,2.655,7.069,-6.5169999999999995,-1.7440315867970322,ok,ok,-4.624,-2.532,-2.0919999999999996,-0.9078323983906865,0.383,-1.858,2.241,0.9625458947618092,2019-03-12 20:30:00,-2.58,,,True
2019-03-20 14:30:00+00:00,2019-03-20 Wed 10:30,2019-03-20,-9.589,0.309,-3.862,-9.898,-2.6426425553020225,ok,ok,-4.587,-2.414,-2.1729999999999996,-0.9430931008130082,-4.127,-1.094,-3.0329999999999995,-1.3033183900574714,2019-03-19 20:30:00,-2.133,,,True
2019-03-27 14:30:00+00:00,2019-03-27 Wed 10:30,2019-03-27,2.8,-1.1,-9.589,3.9,1.0343818507845548,ok,ok,-2.883,-2.775,-0.1080000000000001,-0.046874607481192036,-2.075,-0.896,-1.1790000000000003,-0.5057960265562869,2019-03-26 20:30:00,1.93,,,True
2019-04-03 14:30:00+00:00,2019-04-03 Wed 10:30,2019-04-03,7.238,-0.425,2.8,7.663,2.0323778175472826,ok,ok,-1.781,-1.542,-0.23899999999999988,-0.10384956585597273,-1.998,-0.506,-1.492,-0.640735349927304,2019-04-02 20:30:00,2.963,,,True
2019-04-10 14:30:00+00:00,2019-04-10 Wed 10:30,2019-04-10,7.029,2.294,7.238,4.734999999999999,1.251716301334929,ok,ok,-7.71,-2.009,-5.7010000000000005,-2.4799522363175073,-0.116,-1.3,1.184,0.5088377193323013,2019-04-09 20:30:00,4.091,,,True
2019-04-17 14:30:00+00:00,2019-04-17 Wed 10:30,2019-04-17,-1.396,-1.2,7.029,-0.19599999999999995,-0.05178576411581054,ok,ok,-1.174,-2.133,0.9590000000000001,0.4146705694304497,-0.362,-0.846,0.484,0.2082903296120155,2019-04-16 20:30:00,-3.096,,,True
2019-04-24 14:30:00+00:00,2019-04-24 Wed 10:30,2019-04-24,5.479,1.255,-1.396,4.224,1.1172349438922746,ok,ok,-2.129,-1.042,-1.087,-0.4704725660131134,-0.662,-1.158,0.4959999999999999,0.21380045816606452,2019-04-23 20:30:00,6.9,,,True
2019-05-01 14:30:00+00:00,2019-05-01 Wed 10:30,2019-05-01,9.9,1.485,5.479,8.415000000000001,2.225316096983259,ok,ok,0.917,-1.005,1.922,0.8325809336844285,-1.307,-0.193,-1.1139999999999999,-0.48096371304511726,2019-04-30 20:30:00,6.81,,,True
2019-05-08 14:30:00+00:00,2019-05-08 Wed 10:30,2019-05-08,-3.963,1.215,9.934,-5.178,-1.3637501724369148,ok,ok,-0.596,-0.434,-0.16199999999999998,-0.07020422406651372,-0.159,-1.096,0.937,0.40497681991433476,2019-05-07 20:30:00,2.806,,,True
2019-05-15 14:30:00+00:00,2019-05-15 Wed 10:30,2019-05-15,5.431,-0.8,-3.963,6.231,1.6393946071937289,ok,ok,-1.123,-0.299,-0.8240000000000001,-0.35748677534166495,0.084,-1.006,1.09,0.4717993821363249,2019-05-14 20:30:00,8.6,,,True
2019-05-22 14:30:00+00:00,2019-05-22 Wed 10:30,2019-05-22,4.74,-0.599,5.431,5.339,1.4023527303763512,ok,ok,3.716,-0.816,4.532,1.968055542589179,0.768,-0.048,0.8160000000000001,0.3536947019654105,2019-05-21 20:30:00,2.4,-0.6,3.0,True
2019-05-30 15:00:00+00:00,2019-05-30 Thu 11:00,2019-05-30,-0.282,-0.857,4.74,0.575,0.15089259253410303,holiday_shift,ok,2.204,-0.528,2.732,1.1827577076679026,-1.615,0.564,-2.179,-0.9459155141714881,,,,,True
2019-06-05 14:30:00+00:00,2019-06-05 Wed 10:30,2019-06-05,6.771,-0.849,-0.282,7.62,2.0017643767010225,ok,ok,3.205,0.63,2.575,1.1143960451470647,4.572,0.499,4.073,1.7678099872325104,2019-06-04 20:30:00,3.545,,,True
2019-06-12 14:30:00+00:00,2019-06-12 Wed 10:30,2019-06-12,2.206,-0.481,6.771,2.687,0.7037521168178428,ok,ok,0.764,0.743,0.02100000000000002,0.009086684597314033,-1.0,1.138,-2.138,-0.9253628452025795,2019-06-11 20:30:00,4.85,,,True
2019-06-19 14:30:00+00:00,2019-06-19 Wed 10:30,2019-06-19,-3.106,-1.077,2.206,-2.029,-0.5317357511751943,ok,ok,-1.692,0.935,-2.627,-1.1379677049008519,-0.551,0.712,-1.263,-0.5465897435680208,2019-06-18 20:30:00,-0.812,,,True
2019-06-26 14:30:00+00:00,2019-06-26 Wed 10:30,2019-06-26,-12.788,-2.54,-3.106,-10.248000000000001,-2.6875685877207967,ok,ok,-0.996,0.288,-1.284,-0.5559677367391257,-2.441,0.522,-2.963,-1.2834736694529705,2019-06-25 20:30:00,-7.55,,,True
2019-07-03 14:30:00+00:00,2019-07-03 Wed 10:30,2019-07-03,-1.085,-2.964,-12.788,1.879,0.48944526621572504,ok,ok,-1.583,-2.167,0.5839999999999999,0.25305217590465556,1.408,-0.997,2.405,1.0402553865887496,2019-07-02 20:30:00,-5.0,,,True
2019-07-10 14:30:00+00:00,2019-07-10 Wed 10:30,2019-07-10,-9.499,-3.081,-1.085,-6.418000000000001,-1.673181147093957,ok,ok,-1.455,-1.301,-0.15400000000000014,-0.06679996722265864,3.729,0.739,2.99,1.293530316449445,2019-07-09 20:30:00,-8.129,,,True
2019-07-17 14:30:00+00:00,2019-07-17 Wed 10:30,2019-07-17,-3.116,-2.694,-9.499,-0.42200000000000015,-0.10979305822540127,ok,ok,3.565,-0.925,4.49,1.949739738445734,5.686,0.613,5.073,2.1932466162084006,2019-07-16 20:30:00,-1.401,,,True
2019-07-24 14:30:00+00:00,2019-07-24 Wed 10:30,2019-07-24,-10.835,-4.011,-3.116,-6.824000000000001,-1.7772491263762473,ok,ok,-0.226,-0.73,0.504,0.2182204444058091,0.613,0.499,0.11399999999999999,0.04903021024419098,2019-07-23 20:30:00,-10.961,,,True
2019-07-31 14:30:00+00:00,2019-07-31 Wed 10:30,2019-07-31,-8.496,-2.588,-10.835,-5.908,-1.5350159440328757,ok,ok,-1.791,-1.449,-0.34199999999999986,-0.14823599684329453,-0.894,1.046,-1.94,-0.8356753545492379,2019-07-30 20:30:00,-6.024,,,True
2019-08-07 14:30:00+00:00,2019-08-07 Wed 10:30,2019-08-07,2.385,-2.845,-8.496,5.23,1.356797929768297,ok,ok,4.437,-0.722,5.159000000000001,2.238477896397685,1.529,0.482,1.047,0.45107988511871866,2019-08-06 20:30:00,-3.4,,,True
2019-08-14 14:30:00+00:00,2019-08-14 Wed 10:30,2019-08-14,1.58,-2.775,2.385,4.355,1.1289069529663305,ok,ok,-1.412,0.025,-1.4369999999999998,-0.6209205599599212,-1.938,0.985,-2.923,-1.2610494615419579,2019-08-13 20:30:00,-2.19,,,True
2019-08-21 14:30:00+00:00,2019-08-21 Wed 10:30,2019-08-21,-2.7,-1.889,1.58,-0.8110000000000002,-0.21018426816169408,ok,ok,0.31,0.169,0.141,0.060962513196369625,2.6,0.314,2.286,0.9849004919546108,2019-08-20 20:30:00,-3.5,,,True
2019-08-28 14:30:00+00:00,2019-08-28 Wed 10:30,2019-08-28,-10.027,-2.112,-2.7,-7.914999999999999,-2.053313124353441,ok,ok,-2.09,-0.388,-1.702,-0.7366764164210532,-2.063,0.918,-2.9810000000000003,-1.284789771109383,2019-08-27 20:30:00,-11.1,,,True
2019-09-05 15:00:00+00:00,2019-09-05 Thu 11:00,2019-09-05,-4.771,-2.488,-10.027,-2.283,-0.5902109272501761,holiday_shift,ok,-2.396,-1.523,-0.873,-0.3780217182335135,-2.538,0.484,-3.022,-1.3005898556228168,2019-09-04 20:30:00,0.401,,,True
2019-09-11 14:30:00+00:00,2019-09-11 Wed 10:30,2019-09-11,-6.912,-2.686,-4.771,-4.226,-1.0932217757093905,ok,ok,-0.682,-0.847,0.16499999999999992,0.07151133943779825,2.704,0.072,2.632,1.131067225872204,2019-09-10 20:30:00,-7.2,,,True
2019-09-18 14:30:00+00:00,2019-09-18 Wed 10:30,2019-09-18,1.058,-2.496,-6.912,3.5540000000000003,0.919140230979024,ok,ok,0.781,-0.538,1.319,0.5722764248544112,0.437,0.535,-0.09800000000000003,-0.04211031480118275,2019-09-17 20:30:00,0.592,,,True
2019-09-25 14:30:00+00:00,2019-09-25 Wed 10:30,2019-09-25,2.412,-0.249,1.058,2.661,0.6883360339930388,ok,ok,0.519,0.296,0.22300000000000003,0.09682850235933949,-2.978,-0.733,-2.245,-0.966112919820523,2019-09-24 20:30:00,1.4,,,True
2019-10-02 14:30:00+00:00,2019-10-02 Wed 10:30,2019-10-02,3.1,1.567,2.412,1.5330000000000001,0.39678037278450207,ok,ok,-0.228,0.449,-0.677,-0.29427551596345025,-2.418,-1.789,-0.6290000000000002,-0.2706267436603695,2019-10-01 20:30:00,-5.92,,,True
2019-10-09 14:30:00+00:00,2019-10-09 Wed 10:30,2019-10-09,2.927,1.413,3.1,1.514,0.392211202444761,ok,ok,-1.213,-0.257,-0.9560000000000001,-0.415946864500318,-3.943,-2.114,-1.8290000000000002,-0.787957433089143,2019-10-08 20:30:00,4.1,,,True
2019-10-17 15:00:00+00:00,2019-10-17 Thu 11:00,2019-10-17,9.281,2.878,2.927,6.4030000000000005,1.6602162404193948,holiday_shift,ok,-2.562,-1.209,-1.3529999999999998,-0.5891780800988345,-3.823,-2.375,-1.448,-0.6240220476071281,2019-10-16 20:30:00,10.5,,,True
2019-10-23 14:30:00+00:00,2019-10-23 Wed 10:30,2019-10-23,-1.699,2.232,9.281,-3.931,-1.0175430030384953,ok,ok,-3.107,-2.267,-0.8400000000000003,-0.36602352490199125,-2.715,-2.785,0.07000000000000028,0.03018880550234323,2019-10-22 20:30:00,4.45,,,True
2019-10-30 14:30:00+00:00,2019-10-30 Wed 10:30,2019-10-30,5.702,0.494,-1.699,5.208,1.3479533871901133,ok,ok,-3.037,-2.185,-0.8519999999999999,-0.3715843830546805,-1.032,-2.35,1.318,0.5692640431884469,2019-10-29 20:30:00,-0.708,,,True
2019-11-06 15:30:00+00:00,2019-11-06 Wed 10:30,2019-11-06,7.929,1.515,5.702,6.414000000000001,1.6588641956600412,ok,ok,-2.828,-1.809,-1.019,-0.4448131034998544,-0.622,-0.949,0.32699999999999996,0.1414002335892022,2019-11-05 21:30:00,4.26,,,True
2019-11-14 16:00:00+00:00,2019-11-14 Thu 11:00,2019-11-14,2.219,1.649,7.929,0.5699999999999998,0.14717602350352638,holiday_shift,ok,1.861,-1.167,3.028,1.3228606817225257,-2.477,-0.95,-1.527,-0.6612857896481127,2019-11-13 21:30:00,-0.5,,,True
2019-11-20 15:30:00+00:00,2019-11-20 Wed 10:30,2019-11-20,1.379,1.543,2.219,-0.16399999999999992,-0.04238787911274982,ok,ok,1.756,0.87,0.886,0.38680536559143847,-0.974,-0.732,-0.242,-0.10486802126681267,2019-11-19 21:30:00,5.954,,,True
2019-11-27 15:30:00+00:00,2019-11-27 Wed 10:30,2019-11-27,1.572,-0.418,1.379,1.99,0.5148587430268199,ok,ok,5.132,1.222,3.9099999999999997,1.7086009322459692,0.725,0.75,-0.025000000000000022,-0.010848951276239664,2019-11-26 21:30:00,3.639,,,True
2019-12-04 15:30:00+00:00,2019-12-04 Wed 10:30,2019-12-04,-4.856,-1.734,1.572,-3.122,-0.8083645174073142,ok,ok,3.385,1.826,1.5589999999999997,0.6799794394893582,3.063,1.08,1.983,0.8618009600594871,2019-12-03 21:30:00,-3.72,,,True
2019-12-11 15:30:00+00:00,2019-12-11 Wed 10:30,2019-12-11,0.822,-2.763,-4.856,3.585,0.9285124714718798,ok,ok,5.405,2.533,2.8720000000000003,1.2534511529030667,4.118,1.63,2.4880000000000004,1.0819256347013029,2019-12-10 21:30:00,1.41,,,True
2019-12-18 15:30:00+00:00,2019-12-18 Wed 10:30,2019-12-18,-1.085,-1.288,0.822,0.20300000000000007,0.052587812033171207,ok,ok,2.529,2.178,0.351,0.15311629628307258,1.509,0.312,1.1969999999999998,0.5205463801930066,2019-12-17 21:30:00,4.7,,,True
2019-12-27 16:00:00+00:00,2019-12-27 Fri 11:00,2019-12-27,-5.474,-1.724,-1.085,-3.75,-0.9724263702700048,holiday_shift,ok,1.963,1.663,0.30000000000000004,0.13100478585570863,-0.152,0.8,-0.9520000000000001,-0.4145015549029728,2019-12-24 21:30:00,-7.9,,,True
2020-01-03 16:00:00+00:00,2020-01-03 Fri 11:00,2020-01-03,-11.463,-3.288,-5.474,-8.174999999999999,-2.1198449949669587,holiday_shift,ok,3.212,1.823,1.3890000000000002,0.6071845769822831,8.776,1.122,7.654,3.3361540867866943,,,,,True
2020-01-08 15:30:00+00:00,2020-01-08 Wed 10:30,2020-01-08,1.164,-3.572,-11.463,4.736,1.2236347622071881,ok,ok,9.137,2.654,6.4830000000000005,2.836007614787027,5.33,3.874,1.456,0.6260558145478344,2020-01-07 21:30:00,-5.945,,,True
2020-01-15 15:30:00+00:00,2020-01-15 Wed 10:30,2020-01-15,-2.549,-0.474,1.164,-2.075,-0.5358929607573331,ok,ok,6.678,3.386,3.292,1.4300563012389615,8.171,1.214,6.956999999999999,2.9945735414750496,2020-01-14 21:30:00,1.1,,,True
2020-01-23 16:00:00+00:00,2020-01-23 Thu 11:00,2020-01-23,-0.405,-1.009,-2.549,0.6039999999999999,0.15609499982339248,holiday_shift,ok,1.745,3.09,-1.3449999999999998,-0.5837334891288248,-1.185,1.014,-2.199,-0.9366642335168104,2020-01-22 21:30:00,1.6,,,True
2020-01-29 15:30:00+00:00,2020-01-29 Wed 10:30,2020-01-29,3.548,0.482,-0.405,3.066,0.7931400517095271,ok,ok,1.203,1.32,-0.11699999999999999,-0.05080944514146815,-1.289,-1.095,-0.19399999999999995,-0.08262217865879473,2020-01-22 21:30:00,1.6,,,True
2020-02-05 15:30:00+00:00,2020-02-05 Wed 10:30,2020-02-05,3.355,2.831,3.548,0.524,0.13561014851856412,ok,ok,-0.091,2.057,-2.148,-0.9337673227587461,-1.512,-0.014,-1.498,-0.6388661174971322,2020-02-04 21:30:00,4.18,,,True
2020-02-12 15:30:00+00:00,2020-02-12 Wed 10:30,2020-02-12,7.459,2.987,3.355,4.4719999999999995,1.1584807437511822,ok,ok,-0.095,0.546,-0.641,-0.2786584972775019,-2.013,-0.557,-1.456,-0.6213462917850585,2020-02-11 21:30:00,6.0,,,True
2020-02-20 16:00:00+00:00,2020-02-20 Thu 11:00,2020-02-20,0.414,2.494,7.459,-2.08,-0.5386910119747386,holiday_shift,ok,-1.971,0.435,-2.406,-1.0469098923427782,-0.636,-1.459,0.8230000000000001,0.3514501209920288,2020-02-19 21:30:00,4.2,,,True
2020-02-26 15:30:00+00:00,2020-02-26 Wed 10:30,2020-02-26,0.452,2.005,0.414,-1.553,-0.40247059888608844,ok,ok,-2.691,-2.245,-0.44599999999999973,-0.19402389029460693,-2.114,-1.713,-0.4009999999999998,-0.17147169666567658,2020-02-25 21:30:00,1.3,,,True
2020-03-04 15:30:00+00:00,2020-03-04 Wed 10:30,2020-03-04,0.785,2.644,0.452,-1.859,-0.48215586950485895,ok,ok,-4.34,-2.095,-2.2449999999999997,-0.9775907391988654,-4.008,-1.928,-2.08,-0.8906000491133291,2020-03-03 21:30:00,1.69,,,True
2020-03-11 14:30:00+00:00,2020-03-11 Wed 10:30,2020-03-11,7.664,2.266,0.785,5.398,1.4010493518554845,ok,ok,-5.048,-2.482,-2.566,-1.1173073751965914,-6.404,-1.911,-4.493,-1.9238020062902075,2020-03-10 20:30:00,6.407,,,True
2020-03-18 14:30:00+00:00,2020-03-18 Wed 10:30,2020-03-18,1.954,3.256,7.664,-1.3019999999999998,-0.33764844488448764,ok,ok,-6.18,-2.89,-3.2899999999999996,-1.4320335897691001,-2.94,-1.963,-0.9769999999999999,-0.4165038170748621,2020-03-17 20:30:00,-0.421,,,True
2020-03-25 14:30:00+00:00,2020-03-25 Wed 10:30,2020-03-25,1.623,2.774,1.954,-1.151,-0.29874082872766966,ok,ok,-1.537,-0.657,-0.8799999999999999,-0.382574630982997,-0.679,-1.886,1.2069999999999999,0.5150905462483798,2020-03-24 20:30:00,-1.25,,,True
2020-04-01 14:30:00+00:00,2020-04-01 Wed 10:30,2020-04-01,13.834,3.997,1.623,9.837,2.5553985660239444,ok,ok,7.524,1.949,5.575,2.4257254442648906,-2.194,1.026,-3.2199999999999998,-1.3757442618171658,2020-03-31 20:30:00,10.485,,,True
2020-04-08 14:30:00+00:00,2020-04-08 Wed 10:30,2020-04-08,15.177,9.271,13.834,5.905999999999999,1.5263133356858611,ok,ok,10.497,4.333,6.164,2.669343106038269,0.476,1.446,-0.97,-0.41375524917210527,2020-04-07 20:30:00,11.938,9.3,2.638,True
2020-04-15 14:30:00+00:00,2020-04-15 Wed 10:30,2020-04-15,19.248,11.676,15.177,7.572000000000001,1.9545817210778373,ok,ok,4.914,6.386,-1.4720000000000004,-0.6336907475223958,6.28,1.437,4.843,2.067943829372016,2020-04-14 20:30:00,13.143,,,True
2020-04-22 14:30:00+00:00,2020-04-22 Wed 10:30,2020-04-22,15.022,15.15,19.248,-0.1280000000000001,-0.03295652642308156,ok,ok,1.017,3.578,-2.561,-1.10309529020365,7.876,2.75,5.126,2.179997213634159,2020-04-21 20:30:00,13.226,,,True
2020-04-29 14:30:00+00:00,2020-04-29 Wed 10:30,2020-04-29,8.991,10.619,15.022,-1.6280000000000001,-0.4195699473618953,ok,ok,-3.669,2.527,-6.196,-2.667905964496578,5.092,3.6,1.4919999999999995,0.6316035139811891,2020-04-28 20:30:00,10.0,,,True
2020-05-06 14:30:00+00:00,2020-05-06 Wed 10:30,2020-05-06,4.59,7.759,8.991,-3.1690000000000005,-0.8173368139566759,ok,ok,-3.158,0.043,-3.201,-1.3695290020386255,9.518,2.9,6.618,2.804386976603468,2020-05-05 20:30:00,8.4,,,True
2020-05-13 14:30:00+00:00,2020-05-13 Wed 10:30,2020-05-13,-0.745,4.147,4.59,-4.892,-1.2620374946438242,ok,ok,-3.513,-2.216,-1.2969999999999997,-0.5543608344435882,3.511,2.857,0.6539999999999999,0.27475781324203796,2020-05-12 20:30:00,7.58,5.0,2.58,True
2020-05-20 14:30:00+00:00,2020-05-20 Wed 10:30,2020-05-20,-4.983,1.151,-0.745,-6.1339999999999995,-1.5813751516461434,ok,ok,2.83,-2.134,4.964,2.1230858680778133,3.832,1.429,2.4029999999999996,1.0109057353223019,2020-05-19 20:30:00,-4.8,2.4,-7.199999999999999,True
2020-05-28 15:00:00+00:00,2020-05-28 Thu 11:00,2020-05-28,7.928,-1.944,-4.983,9.872,2.5410668589686867,holiday_shift,ok,-0.724,0.1,-0.824,-0.3512472445388847,5.494,1.771,3.723,1.5666270742933628,2020-05-27 20:30:00,8.7,,,True
2020-06-03 14:30:00+00:00,2020-06-03 Wed 10:30,2020-06-03,-2.077,3.038,7.928,-5.115,-1.3100275122965293,ok,ok,2.796,1.0,1.7959999999999998,0.7662317985962515,9.935,2.686,7.2490000000000006,3.0457408961904022,2020-06-02 20:30:00,-0.5,,,True
2020-06-10 14:30:00+00:00,2020-06-10 Wed 10:30,2020-06-10,5.72,-1.738,-2.077,7.458,1.9085893635530609,ok,ok,0.866,0.071,0.795,0.33933441045090035,1.568,2.957,-1.3889999999999998,-0.5776592552363196,2020-06-09 20:30:00,8.4,,,True
2020-06-17 14:30:00+00:00,2020-06-17 Wed 10:30,2020-06-17,1.215,-0.152,5.72,1.367,0.3490045238846725,ok,ok,-1.667,-0.017,-1.6500000000000001,-0.704921230447269,-1.358,2.429,-3.787,-1.5760374650618703,2020-06-16 20:30:00,3.9,,,True
2020-06-24 14:30:00+00:00,2020-06-24 Wed 10:30,2020-06-24,1.442,0.299,1.215,1.143,0.2920688019859735,ok,ok,-1.673,-1.304,-0.369,-0.15771521308092232,0.249,-0.62,0.869,0.3607303439690612,2020-06-23 20:30:00,1.749,0.3,1.449,True
2020-07-01 14:30:00+00:00,2020-07-01 Wed 10:30,2020-07-01,-7.195,-0.71,1.442,-6.485,-1.6585849515128173,ok,ok,1.199,-1.583,2.782,1.19019792075536,-0.593,-0.393,-0.19999999999999996,-0.08312831088913797,2020-06-30 20:30:00,-8.156,-2.7,-5.456,True
2020-07-08 14:30:00+00:00,2020-07-08 Wed 10:30,2020-07-08,5.654,-3.114,-7.195,8.768,2.2384412175911734,ok,ok,-4.839,-0.002,-4.837000000000001,-2.0687224524814427,3.136,-0.075,3.2110000000000003,1.3363634441843626,2020-07-07 20:30:00,2.0,-3.7,5.7,True
2020-07-15 14:30:00+00:00,2020-07-15 Wed 10:30,2020-07-15,-7.493,-2.098,5.654,-5.3950000000000005,-1.3723691193460155,ok,ok,-3.147,-0.643,-2.5039999999999996,-1.067282487566369,-0.453,1.485,-1.9380000000000002,-0.8060400597159668,2020-07-14 20:30:00,-8.322,-2.1,-6.2219999999999995,True
2020-07-22 14:30:00+00:00,2020-07-22 Wed 10:30,2020-07-22,4.892,-2.088,-7.493,6.98,1.7738639797727271,ok,ok,-1.802,-1.386,-0.41600000000000015,-0.17727292369987654,1.073,-0.618,1.6909999999999998,0.7034441885002009,2020-07-21 20:30:00,7.544,-1.9,9.443999999999999,True
2020-07-29 14:30:00+00:00,2020-07-29 Wed 10:30,2020-07-29,-10.612,0.357,4.892,-10.969,-2.7823863512568447,ok,ok,0.654,-0.733,1.387,0.5916085511260076,0.503,-0.267,0.77,0.3205988498573628,2020-07-28 20:30:00,-6.829,-1.2,-5.629,True
2020-08-05 14:30:00+00:00,2020-08-05 Wed 10:30,2020-08-05,-7.373,-3.001,-10.612,-4.372,-1.101756470030439,ok,ok,0.419,-0.17,0.589,0.2514026902603076,1.592,0.279,1.3130000000000002,0.5473884525693293,2020-08-04 20:30:00,-8.587,-3.3,-5.287,True
2020-08-12 14:30:00+00:00,2020-08-12 Wed 10:30,2020-08-12,-4.512,-2.875,-7.373,-1.6369999999999996,-0.4124106372328209,ok,ok,-0.722,-0.674,-0.04799999999999993,-0.0205070680359808,-2.322,0.357,-2.6790000000000003,-1.11809739434717,2020-08-11 20:30:00,-4.4,-3.2,-1.2000000000000002,True
2020-08-19 14:30:00+00:00,2020-08-19 Wed 10:30,2020-08-19,-1.632,-2.67,-4.512,1.038,0.2617001068837049,ok,ok,-3.322,-1.057,-2.265,-0.9686240094953916,0.152,-0.557,0.7090000000000001,0.29569463115270495,2020-08-18 20:30:00,-4.264,-2.9,-1.3640000000000003,True
2020-08-26 14:30:00+00:00,2020-08-26 Wed 10:30,2020-08-26,-4.689,-3.694,-1.632,-0.9950000000000001,-0.25108286590557777,ok,ok,-4.584,-1.533,-3.0509999999999997,-1.3047389465900407,1.388,-0.726,2.114,0.8828003367591618,2020-08-25 20:30:00,-4.524,-4.3,-0.2240000000000002,True
2020-09-02 14:30:00+00:00,2020-09-02 Wed 10:30,2020-09-02,-9.362,-1.887,-4.689,-7.475,-1.8878960104534455,ok,ok,-4.32,-3.036,-1.2840000000000003,-0.5486669855340797,-1.676,-1.357,-0.31899999999999995,-0.13328765071957135,2020-09-01 20:30:00,-6.36,-1.95,-4.41,True
2020-09-10 15:00:00+00:00,2020-09-10 Thu 11:00,2020-09-10,2.032,-1.335,-9.362,3.367,0.8482339851334937,holiday_shift,ok,-2.954,-2.384,-0.5700000000000003,-0.24372413811654814,-1.675,-0.557,-1.1179999999999999,-0.4677123567706981,2020-09-09 20:30:00,2.97,,,True
2020-09-16 14:30:00+00:00,2020-09-16 Wed 10:30,2020-09-16,-4.389,1.271,2.032,-5.66,-1.4263509984287395,ok,ok,-0.381,-0.16,-0.221,-0.09458155295326437,3.461,0.6,2.8609999999999998,1.1979256007000674,2020-09-15 20:30:00,-9.517,2.049,-11.565999999999999,True
2020-09-23 14:30:00+00:00,2020-09-23 Wed 10:30,2020-09-23,-1.639,-2.325,-4.389,0.6860000000000002,0.17269340757739232,ok,ok,-4.025,-0.648,-3.3770000000000002,-1.4466399405672346,-3.363,1.02,-4.383,-1.8348165101159153,2020-09-22 20:30:00,0.691,-4.0,4.691,True
2020-09-30 14:30:00+00:00,2020-09-30 Wed 10:30,2020-09-30,-1.98,1.569,-1.639,-3.549,-0.8942393884089533,ok,ok,0.683,-1.083,1.766,0.7556532867498834,-3.184,-0.917,-2.2670000000000003,-0.9455188674362887,2020-09-29 20:30:00,-0.831,1.4,-2.231,True
2020-10-07 14:30:00+00:00,2020-10-07 Wed 10:30,2020-10-07,0.501,0.294,-1.98,0.20700000000000002,0.05216447539574713,ok,ok,-1.435,-0.471,-0.9640000000000001,-0.412674872731085,-0.962,-0.995,0.03300000000000003,0.013761341168517459,2020-10-06 20:30:00,0.951,0.4,0.5509999999999999,True
2020-10-15 15:00:00+00:00,2020-10-15 Thu 11:00,2020-10-15,-3.818,-2.835,0.501,-0.9830000000000001,-0.2479478508625927,holiday_shift,ok,-1.626,-1.607,-0.018999999999999906,-0.00813994920854072,-7.244,-2.096,-5.148,-2.1495488658717328,2020-10-14 20:30:00,-5.422,-2.3,-3.122,True
2020-10-21 14:30:00+00:00,2020-10-21 Wed 10:30,2020-10-21,-1.001,-1.021,-3.818,0.020000000000000018,0.005049020539245524,ok,ok,1.895,-1.829,3.724,1.5969670340585504,-3.832,-1.743,-2.0889999999999995,-0.8676298391601279,2020-10-20 20:30:00,0.584,-1.9,2.484,True
2020-10-28 14:30:00+00:00,2020-10-28 Wed 10:30,2020-10-28,4.32,1.23,-1.001,3.0900000000000003,0.7807937936508841,ok,ok,-0.892,-0.961,0.06899999999999995,0.029548170486702444,-4.491,-2.065,-2.4259999999999997,-1.007663575789403,2020-10-27 20:30:00,4.577,1.2,3.377,True
2020-11-04 15:30:00+00:00,2020-11-04 Wed 10:30,2020-11-04,-7.998,0.89,4.32,-8.888,-2.2467654856865176,ok,ok,1.541,-0.871,2.412,1.0338939487692287,-1.585,-1.729,0.14400000000000013,0.059793613061843595,2020-11-03 21:30:00,-8.01,-0.6,-7.41,True
2020-11-12 16:00:00+00:00,2020-11-12 Thu 11:00,2020-11-12,4.278,-0.913,-7.998,5.191,1.3071933013001287,holiday_shift,ok,-2.309,-0.263,-2.0460000000000003,-0.8770098471529775,-5.354,-1.864,-3.49,-1.451037186778449,2020-11-10 21:30:00,-5.147,-0.9,-4.247,True
2020-11-18 15:30:00+00:00,2020-11-18 Wed 10:30,2020-11-18,0.768,1.65,4.278,-0.8819999999999999,-0.2219758419196926,ok,ok,2.611,0.087,2.524,1.0820783046808258,-5.217,-1.457,-3.76,-1.5604681411303725,2020-11-17 21:30:00,4.174,1.95,2.224,True
2020-11-25 15:30:00+00:00,2020-11-25 Wed 10:30,2020-11-25,-0.754,0.127,0.768,-0.881,-0.22191450195720616,ok,ok,2.18,0.614,1.5660000000000003,0.671306034924071,-1.441,-1.586,0.14500000000000002,0.060043157044519437,2020-11-24 21:30:00,3.8,-0.333,4.133,True
2020-12-02 15:30:00+00:00,2020-12-02 Wed 10:30,2020-12-02,-0.679,-2.358,-0.754,1.679,0.4232846684141861,ok,ok,3.491,2.386,1.105,0.4739557869361724,3.238,-0.209,3.447,1.4292021759529525,2020-12-01 21:30:00,4.146,-2.272,6.417999999999999,True
2020-12-09 15:30:00+00:00,2020-12-09 Wed 10:30,2020-12-09,15.189,-1.424,-0.679,16.613,4.191459143919609,ok,ok,4.222,2.271,1.9510000000000005,0.8374657634449185,5.222,1.414,3.8080000000000007,1.577310941310253,2020-12-08 21:30:00,1.141,-1.514,2.6550000000000002,True
2020-12-16 15:30:00+00:00,2020-12-16 Wed 10:30,2020-12-16,-3.135,-1.937,15.189,-1.1979999999999997,-0.2978710261104603,ok,ok,1.02,1.614,-0.5940000000000001,-0.2550615921785432,0.167,0.886,-0.719,-0.2973676034732069,2020-12-15 21:30:00,1.973,-3.5,5.473,True
2020-12-23 15:30:00+00:00,2020-12-23 Wed 10:30,2020-12-23,-0.562,-3.186,-3.135,2.6239999999999997,0.6529591061849759,ok,ok,-1.125,1.21,-2.335,-1.003509809600216,-2.325,-0.904,-1.4210000000000003,-0.5883347757493885,2020-12-22 21:30:00,2.7,-3.25,5.95,True
2020-12-30 15:30:00+00:00,2020-12-30 Wed 10:30,2020-12-30,-6.065,-2.583,-0.562,-3.482,-0.8669538456173778,ok,ok,-1.192,1.662,-2.854,-1.2264629536295213,3.095,0.529,2.5660000000000003,1.0631096605354868,2020-12-29 21:30:00,-4.785,-2.1,-2.685,True
2021-01-06 15:30:00+00:00,2021-01-06 Wed 10:30,2021-01-06,-8.01,-2.133,-6.065,-5.877,-1.4635060202429824,ok,ok,4.519,1.525,2.994,1.285908019364204,6.39,2.309,4.0809999999999995,1.690936054316277,2021-01-05 21:30:00,-1.663,-1.5,-0.16300000000000003,True
2021-01-13 15:30:00+00:00,2021-01-13 Wed 10:30,2021-01-13,-3.247,-2.266,-8.01,-0.9809999999999999,-0.24401635728366258,ok,ok,4.395,2.695,1.6999999999999997,0.7297538516161585,4.786,2.671,2.1149999999999998,0.8746565948750338,2021-01-12 21:30:00,-5.821,-2.7,-3.1209999999999996,True
2021-01-22 16:00:00+00:00,2021-01-22 Fri 11:00,2021-01-22,4.351,-1.167,-3.247,5.518,1.3737056028766808,holiday_shift,ok,-0.26,2.771,-3.0309999999999997,-1.3017446563070882,0.458,1.214,-0.756,-0.31280407990245773,2021-01-20 21:30:00,2.562,-0.3,2.8619999999999997,True
2021-01-27 15:30:00+00:00,2021-01-27 Wed 10:30,2021-01-27,-9.91,0.43,4.351,-10.34,-2.5723048590002597,ok,ok,2.47,1.764,0.7060000000000002,0.3029860826841887,-0.815,-0.361,-0.45399999999999996,-0.1880428748152246,2021-01-26 21:30:00,-5.272,0.603,-5.875,True
2021-02-03 15:30:00+00:00,2021-02-03 Wed 10:30,2021-02-03,-0.994,0.446,-9.91,-1.44,-0.3563811547680034,ok,ok,4.466,1.134,3.3320000000000003,1.431201636241737,-0.009,-0.429,0.42,0.17415997295109228,2021-02-02 21:30:00,-4.261,0.367,-4.628,True
2021-02-10 15:30:00+00:00,2021-02-10 Wed 10:30,2021-02-10,-6.644,0.985,-0.994,-7.6290000000000004,-1.889520313307307,ok,ok,4.259,1.814,2.4450000000000003,1.0492812910825295,-1.731,-0.79,-0.9410000000000001,-0.3906875956888903,2021-02-09 21:30:00,-3.5,1.34,-4.84,True
2021-02-18 16:00:00+00:00,2021-02-18 Thu 11:00,2021-02-18,-7.258,-2.429,-6.644,-4.829000000000001,-1.1931664850713897,holiday_shift,ok,0.672,1.397,-0.725,-0.3111306869166994,-3.422,-1.571,-1.8510000000000002,-0.769228745426694,2021-02-17 21:30:00,-5.8,-2.175,-3.625,True
2021-02-24 15:30:00+00:00,2021-02-24 Wed 10:30,2021-02-24,1.285,-5.19,-7.258,6.4750000000000005,1.5991714357121656,ok,ok,0.012,-3.062,3.074,1.3202724695828085,-4.969,-3.746,-1.2230000000000003,-0.508399187708293,2021-02-23 21:30:00,1.026,-5.372,6.398,True
2021-03-03 15:30:00+00:00,2021-03-03 Wed 10:30,2021-03-03,21.563,-0.928,1.285,22.491,5.54744371126152,ok,ok,-13.624,-2.3,-11.324000000000002,-4.860740963770961,-9.719,-3.035,-6.683999999999999,-2.78069738724735,2021-03-02 21:30:00,7.356,-1.85,9.206,True
2021-03-10 15:30:00+00:00,2021-03-10 Wed 10:30,2021-03-10,13.798,0.816,21.563,12.982,3.121244948880588,ok,ok,-11.869,-3.467,-8.402,-3.5319539346917512,-5.504,-3.533,-1.9709999999999996,-0.812691068911783,2021-03-09 21:30:00,12.792,-0.833,13.625,True
2021-03-17 14:30:00+00:00,2021-03-17 Wed 10:30,2021-03-17,2.396,2.964,13.798,-0.5680000000000001,-0.1355423071707657,ok,ok,0.472,-2.996,3.468,1.4423315601765312,0.255,-3.379,3.634,1.4987241943059426,2021-03-16 20:30:00,-1.0,2.715,-3.715,True
2021-03-24 14:30:00+00:00,2021-03-24 Wed 10:30,2021-03-24,1.912,-0.272,2.396,2.184,0.5216186733067084,ok,ok,0.203,1.186,-0.9829999999999999,-0.4084479690912069,3.806,-0.122,3.928,1.6180257213120048,2021-03-23 20:30:00,2.927,-0.9,3.827,True
2021-03-31 14:30:00+00:00,2021-03-31 Wed 10:30,2021-03-31,-0.876,0.107,1.912,-0.983,-0.23493650983927952,ok,ok,-1.735,0.73,-2.465,-1.0250024768811061,2.542,0.171,2.371,0.9750871582475181,2021-03-30 20:30:00,3.91,0.4,3.5100000000000002,True
2021-04-07 14:30:00+00:00,2021-04-07 Wed 10:30,2021-04-07,-3.522,-1.436,-0.876,-2.086,-0.49896086853384713,ok,ok,4.044,-0.221,4.265,1.7733119289243222,1.452,0.486,0.966,0.3973856019839768,2021-04-06 20:30:00,-2.618,-1.325,-1.293,True
2021-04-14 14:30:00+00:00,2021-04-14 Wed 10:30,2021-04-14,-5.889,-2.889,-3.522,-3.0000000000000004,-0.7180345733382072,ok,ok,0.309,0.786,-0.47700000000000004,-0.19795545685340102,-2.083,0.971,-3.0540000000000003,-1.2577330449214454,2021-04-13 20:30:00,-3.608,-2.154,-1.4540000000000002,True
2021-04-21 14:30:00+00:00,2021-04-21 Wed 10:30,2021-04-21,0.594,-2.975,-5.889,3.569,0.8545424171905553,ok,ok,0.086,0.464,-0.378,-0.1570071070881041,-1.074,-0.956,-0.1180000000000001,-0.04854642006082667,2021-04-20 20:30:00,0.436,-2.86,3.296,True
2021-04-28 14:30:00+00:00,2021-04-28 Wed 10:30,2021-04-28,0.09,0.659,0.594,-0.5690000000000001,-0.13627872774127398,ok,ok,0.092,0.508,-0.41600000000000004,-0.1729439283502624,-3.342,-0.648,-2.694,-1.1096617282855554,2021-04-27 20:30:00,4.319,0.375,3.944,True
2021-05-05 14:30:00+00:00,2021-05-05 Wed 10:30,2021-05-05,-7.99,-2.346,0.09,-5.644,-1.3529221584937399,ok,ok,0.737,-0.652,1.389,0.5779571199962296,-2.896,-1.12,-1.7759999999999998,-0.7311358976535566,2021-05-04 20:30:00,-7.688,-2.191,-5.497,True
2021-05-12 14:30:00+00:00,2021-05-12 Wed 10:30,2021-05-12,-0.427,-2.817,-7.99,2.39,0.5724355035501953,ok,ok,0.378,-0.6,0.978,0.407200859120793,-1.733,-1.08,-0.653,-0.2689288380447479,2021-05-11 20:30:00,-2.533,-2.25,-0.2829999999999999,True
2021-05-19 14:30:00+00:00,2021-05-19 Wed 10:30,2021-05-19,1.321,1.623,-0.427,-0.30200000000000005,-0.07237817912913404,ok,ok,-1.963,-0.886,-1.077,-0.4487708404164305,-2.324,-0.386,-1.9379999999999997,-0.7989781730429604,2021-05-18 20:30:00,0.62,1.68,-1.06,True
2021-05-26 14:30:00+00:00,2021-05-26 Wed 10:30,2021-05-26,-1.662,-1.05,-0.426,-0.6119999999999999,-0.14680044882606239,ok,ok,-1.745,-0.614,-1.1310000000000002,-0.4716030666849261,-3.013,-1.9,-1.113,-0.4589720304119964,2021-05-25 20:30:00,-0.439,-1.279,0.8399999999999999,True
2021-06-03 15:00:00+00:00,2021-06-03 Thu 11:00,2021-06-03,-5.08,-2.443,-1.662,-2.637,-0.6330708669144653,holiday_shift,ok,1.5,-1.479,2.979,1.2430270745169936,3.72,-1.479,5.199,2.1457391586796906,2021-06-02 20:30:00,-5.36,-2.114,-3.2460000000000004,True
2021-06-09 14:30:00+00:00,2021-06-09 Wed 10:30,2021-06-09,-5.241,-2.036,-5.08,-3.2049999999999996,-0.769800683013572,ok,ok,7.046,0.698,6.348000000000001,2.6476466135697945,4.412,1.358,3.054,1.2556040463866,2021-06-08 20:30:00,-2.108,-3.576,1.468,True
2021-06-16 14:30:00+00:00,2021-06-16 Wed 10:30,2021-06-16,-7.355,-3.29,-5.241,-4.065,-0.9766587839702846,ok,ok,1.954,-0.614,2.568,1.0654567826448011,-1.023,0.186,-1.2089999999999999,-0.4968530799838871,2021-06-15 20:30:00,-8.537,-3.0,-5.537000000000001,True
2021-06-23 14:30:00+00:00,2021-06-23 Wed 10:30,2021-06-23,-7.614,-3.942,-7.355,-3.6719999999999997,-0.8822182629636351,ok,ok,-2.93,0.833,-3.763,-1.5611718057119859,1.754,1.083,0.671,0.27596989049345394,2021-06-22 20:30:00,-7.199,-3.625,-3.574,True
2021-06-30 14:30:00+00:00,2021-06-30 Wed 10:30,2021-06-30,-6.718,-4.686,-7.614,-2.032,-0.4882675664840426,ok,ok,1.522,-0.886,2.408,0.9976289029665444,-0.869,0.486,-1.355,-0.5579289541646115,2021-06-29 20:30:00,-8.153,-4.46,-3.6930000000000005,True
2021-07-08 15:00:00+00:00,2021-07-08 Thu 11:00,2021-07-08,-6.866,-4.033,-6.718,-2.8329999999999993,-0.6811689325857069,holiday_shift,ok,-6.076,-2.176,-3.8999999999999995,-1.6158641852446014,1.616,0.171,1.445,0.5953943465814904,2021-07-07 20:30:00,-7.983,-3.925,-4.058,True
2021-07-14 14:30:00+00:00,2021-07-14 Wed 10:30,2021-07-14,-7.897,-4.359,-6.866,-3.5380000000000003,-0.8510418092165337,ok,ok,1.039,-1.786,2.825,1.1686635378274535,3.657,0.877,2.7800000000000002,1.146480776172875,2021-07-13 20:30:00,-4.079,-4.333,0.25400000000000045,True
2021-07-21 14:30:00+00:00,2021-07-21 Wed 10:30,2021-07-21,2.108,-4.466,-7.897,6.574,1.581636512454589,ok,ok,-0.121,-1.043,0.9219999999999999,0.3813194131831484,-1.349,0.557,-1.9060000000000001,-0.7859424913530353,2021-07-20 20:30:00,0.806,-4.167,4.973,True
2021-07-28 14:30:00+00:00,2021-07-28 Wed 10:30,2021-07-28,-4.089,-2.928,2.108,-1.1610000000000005,-0.2789871615441362,ok,ok,-2.253,-0.916,-1.3370000000000002,-0.5533899326441054,-3.088,-0.435,-2.653,-1.0942576360246268,2021-07-27 20:30:00,-4.728,-3.433,-1.295,True
2021-08-04 14:30:00+00:00,2021-08-04 Wed 10:30,2021-08-04,3.626,-3.102,-4.089,6.728,1.6179883790416278,ok,ok,-5.292,-1.78,-3.5119999999999996,-1.454482785446646,0.833,-0.543,1.376,0.5672725292185581,2021-08-03 20:30:00,-0.879,-2.9,2.021,True
2021-08-11 14:30:00+00:00,2021-08-11 Wed 10:30,2021-08-11,-0.447,-1.271,3.626,0.8239999999999998,0.19790354697609372,ok,ok,-1.4,-1.657,0.2570000000000001,0.10632112608722354,1.766,-0.472,2.238,0.9234818233472804,2021-08-10 20:30:00,-0.816,-1.05,0.2340000000000001,True
2021-08-18 14:30:00+00:00,2021-08-18 Wed 10:30,2021-08-18,-3.234,-1.055,-0.447,-2.1790000000000003,-0.5237761708798256,ok,ok,0.696,-1.671,2.367,0.9800973451469625,-2.697,0.276,-2.973,-1.227217527119684,2021-08-17 20:30:00,-1.163,-1.259,0.09599999999999986,True
2021-08-25 14:30:00+00:00,2021-08-25 Wed 10:30,2021-08-25,-2.979,-2.683,-3.234,-0.29600000000000026,-0.07119282164966548,ok,ok,-2.242,-1.557,-0.685,-0.2836613869545778,0.645,-0.271,0.916,0.3777855970957923,2021-08-24 20:30:00,-1.622,-2.367,0.7449999999999999,True
2021-09-01 14:30:00+00:00,2021-09-01 Wed 10:30,2021-09-01,-7.169,-3.088,-2.979,-4.0809999999999995,-0.9823764075596878,ok,ok,1.29,-1.633,2.923,1.211393828278958,-1.732,-0.65,-1.0819999999999999,-0.44672725454131584,2021-08-31 20:30:00,-4.045,-2.833,-1.2119999999999997,True
2021-09-09 15:00:00+00:00,2021-09-09 Thu 11:00,2021-09-09,-1.529,-4.612,-7.169,3.083,0.7421197301732753,holiday_shift,ok,-7.215,-3.39,-3.8249999999999997,-1.584669199284642,-3.142,-2.617,-0.5249999999999999,-0.21693690623956371,2021-09-08 20:30:00,-2.882,-3.832,0.9499999999999997,True
2021-09-15 14:30:00+00:00,2021-09-15 Wed 10:30,2021-09-15,-6.422,-3.544,-1.529,-2.8779999999999997,-0.6930656421997379,ok,ok,-1.858,-1.957,0.09899999999999998,0.040956564550578334,-1.688,-1.612,-0.07599999999999985,-0.03143723605214132,2021-09-14 20:30:00,-5.437,-3.903,-1.5340000000000003,True
2021-09-22 14:30:00+00:00,2021-09-22 Wed 10:30,2021-09-22,-3.481,-2.44,-6.422,-1.041,-0.2507894455626589,ok,ok,3.475,-1.067,4.542,1.8806965696040971,-2.555,-1.19,-1.3650000000000002,-0.5652742328542514,2021-09-21 20:30:00,-6.108,-2.4,-3.7079999999999997,True
2021-09-29 14:30:00+00:00,2021-09-29 Wed 10:30,2021-09-29,4.578,-1.652,-3.481,6.23,1.5020543033930913,ok,ok,0.193,1.4,-1.2069999999999999,-0.4987209214088568,0.385,-1.648,2.033,0.8424625470507111,2021-09-28 20:30:00,4.127,-2.333,6.46,True
2021-10-06 14:30:00+00:00,2021-10-06 Wed 10:30,2021-10-06,2.346,-0.418,4.578,2.7640000000000002,0.665747588649482,ok,ok,3.256,-0.279,3.5349999999999997,1.4615487545629684,-0.396,-1.007,0.6109999999999999,0.25332108114715496,2021-10-05 20:30:00,0.951,-0.3,1.251,True
2021-10-14 15:00:00+00:00,2021-10-14 Thu 11:00,2021-10-14,6.088,0.702,2.346,5.386,1.2979512560324313,holiday_shift,ok,-1.958,-0.083,-1.875,-0.7745167277340246,-0.024,-0.933,0.909,0.37729456348001755,2021-10-13 20:30:00,5.213,0.14,5.073,True
2021-10-20 14:30:00+00:00,2021-10-20 Wed 10:30,2021-10-20,-0.431,1.857,6.088,-2.288,-0.551100407863179,ok,ok,-5.368,-1.267,-4.101000000000001,-1.694534194046313,-3.913,-0.7,-3.213,-1.3350120950187763,2021-10-19 20:30:00,3.294,2.233,1.061,True
2021-10-27 14:30:00+00:00,2021-10-27 Wed 10:30,2021-10-27,4.267,1.914,-0.431,2.3530000000000006,0.5670695265301646,ok,ok,-1.994,-1.862,-0.1319999999999999,-0.05444808058775304,-0.432,-2.311,1.879,0.7798112254586345,2021-10-26 20:30:00,2.318,1.65,0.6680000000000001,True
2021-11-03 14:30:00+00:00,2021-11-03 Wed 10:30,2021-11-03,3.291,2.225,4.267,1.0659999999999998,0.2570595716249939,ok,ok,-1.488,-1.333,-0.15500000000000003,-0.06399069801531476,2.16,-1.443,3.603,1.49618897681939,2021-11-02 20:30:00,3.594,1.567,2.027,True
2021-11-10 15:30:00+00:00,2021-11-10 Wed 10:30,2021-11-10,1.001,2.125,3.291,-1.124,-0.27126253055847954,ok,ok,-1.555,-1.193,-0.3619999999999999,-0.1495784140535298,-2.613,-1.133,-1.48,-0.6139080127151612,2021-11-09 21:30:00,-2.485,1.9,-4.385,True
2021-11-17 15:30:00+00:00,2021-11-17 Wed 10:30,2021-11-17,-2.101,1.398,1.001,-3.4989999999999997,-0.8450782778043111,ok,ok,-0.708,-0.575,-0.133,-0.05500189371515405,-0.824,-1.229,0.40500000000000014,0.16809085956078285,2021-11-16 21:30:00,0.655,1.55,-0.895,True
2021-11-24 15:30:00+00:00,2021-11-24 Wed 10:30,2021-11-24,1.017,-0.481,-2.101,1.4979999999999998,0.36186473947872855,ok,ok,-0.603,-0.461,-0.14199999999999996,-0.05877449265099347,-1.968,-1.002,-0.966,-0.4013805069671924,2021-11-23 21:30:00,2.307,-0.95,3.2569999999999997,True
2021-12-01 15:30:00+00:00,2021-12-01 Wed 10:30,2021-12-01,-0.91,-1.237,1.017,0.32700000000000007,0.07905080254257747,ok,ok,4.029,0.029,4.0,1.6570445641602285,2.16,0.462,1.6980000000000002,0.7061373377528557,2021-11-30 21:30:00,-0.747,-1.667,0.92,True
2021-12-08 15:30:00+00:00,2021-12-08 Wed 10:30,2021-12-08,-0.24,-1.705,-0.91,1.465,0.35445220577002184,ok,ok,3.882,1.798,2.084,0.862097392316604,2.734,1.571,1.163,0.48399005695397684,2021-12-07 21:30:00,-3.089,2.093,-5.182,True
2021-12-15 15:30:00+00:00,2021-12-15 Wed 10:30,2021-12-15,-4.584,-2.082,-0.24,-2.502,-0.6058041552538609,ok,ok,-0.719,1.606,-2.325,-0.9620540873111091,-2.853,0.688,-3.5410000000000004,-1.4750177659593262,2021-12-14 21:30:00,-0.815,-2.6,1.7850000000000001,True
2021-12-22 15:30:00+00:00,2021-12-22 Wed 10:30,2021-12-22,-4.715,-2.75,-4.584,-1.9649999999999999,-0.47601418792421096,ok,ok,5.533,0.467,5.066000000000001,2.0962580143064193,0.396,0.033,0.363,0.15096267966105434,2021-12-21 21:30:00,-3.67,-2.633,-1.037,True
2021-12-29 15:30:00+00:00,2021-12-29 Wed 10:30,2021-12-29,-3.576,-3.233,-4.715,-0.34299999999999997,-0.0831414912651846,ok,ok,-1.459,-0.031,-1.4280000000000002,-0.5892460000484336,-1.726,-0.059,-1.667,-0.6940394576559249,2021-12-28 21:30:00,-3.09,-3.233,0.14300000000000024,True
2022-01-05 15:30:00+00:00,2022-01-05 Wed 10:30,2022-01-05,-2.144,-3.283,-3.576,1.1389999999999998,0.2763136048631904,ok,ok,10.128,1.775,8.353,3.448564102904643,4.418,1.525,2.8930000000000002,1.2049944032057458,2022-01-04 21:30:00,-6.432,-3.4,-3.0320000000000005,True
2022-01-12 15:30:00+00:00,2022-01-12 Wed 10:30,2022-01-12,-4.553,-1.904,-2.144,-2.649,-0.6431298549385905,ok,ok,7.961,2.408,5.553000000000001,2.271956648596188,2.537,1.757,0.78,0.32479749284666354,2022-01-11 21:30:00,-1.077,-1.95,0.873,True
2022-01-20 16:00:00+00:00,2022-01-20 Thu 11:00,2022-01-20,0.515,-0.938,-4.553,1.4529999999999998,0.35292014309908754,holiday_shift,ok,5.873,2.634,3.2390000000000003,1.3207253155794156,-1.431,-0.85,-0.5810000000000001,-0.24218756184342058,2022-01-19 21:30:00,1.404,-1.367,2.771,True
2022-01-26 15:30:00+00:00,2022-01-26 Wed 10:30,2022-01-26,2.377,-0.728,0.515,3.1049999999999995,0.7547340846312989,ok,ok,1.297,2.548,-1.2510000000000001,-0.5098315433589355,-2.798,-1.26,-1.538,-0.6417435229200259,2022-01-25 21:30:00,-0.872,-0.4,-0.472,True
2022-02-02 15:30:00+00:00,2022-02-02 Wed 10:30,2022-02-02,-1.046,1.525,2.377,-2.5709999999999997,-0.6251819606049855,ok,ok,2.119,1.645,0.4740000000000002,0.19328753878346852,-2.411,-1.492,-0.919,-0.383658332275834,2022-02-01 21:30:00,-1.645,1.833,-3.4779999999999998,True
2022-02-09 15:30:00+00:00,2022-02-09 Wed 10:30,2022-02-09,-4.756,0.369,-1.046,-5.125,-1.2468081770297998,ok,ok,-1.644,1.623,-3.267,-1.3333275265757523,-0.929,-1.739,0.81,0.33844475973489374,2022-02-08 21:30:00,-2.025,0.675,-2.7,True
2022-02-16 15:30:00+00:00,2022-02-16 Wed 10:30,2022-02-16,1.121,-1.572,-4.756,2.693,0.654809664341407,ok,ok,-1.331,0.55,-1.881,-0.7670868708764949,-1.552,-1.463,-0.08899999999999997,-0.03722567704256375,2022-02-15 21:30:00,-1.076,-1.769,0.6929999999999998,True
2022-02-24 16:00:00+00:00,2022-02-24 Thu 11:00,2022-02-24,4.515,0.442,1.121,4.0729999999999995,0.9908570957692173,holiday_shift,ok,-0.582,-1.45,0.868,0.3540806808856926,-0.585,-1.763,1.178,0.49325231795573715,2022-02-23 21:30:00,5.983,0.767,5.215999999999999,True
2022-03-02 15:30:00+00:00,2022-03-02 Wed 10:30,2022-03-02,-2.597,2.748,4.515,-5.345000000000001,-1.3003916502830626,ok,ok,-0.468,-1.375,0.907,0.3702732952732827,-0.573,-1.726,1.153,0.4832287274638249,2022-03-01 21:30:00,-6.1,2.796,-8.895999999999999,True
2022-03-09 15:30:00+00:00,2022-03-09 Wed 10:30,2022-03-09,-1.863,-0.657,-2.597,-1.206,-0.2932228876675635,ok,ok,-1.405,-2.105,0.7,0.2859838498764884,-5.231,-1.914,-3.317,-1.3914634518492113,2022-03-08 21:30:00,2.811,-0.833,3.644,True
2022-03-16 14:30:00+00:00,2022-03-16 Wed 10:30,2022-03-16,4.345,-1.375,-1.863,5.72,1.3917557794930517,ok,ok,-3.616,-1.579,-2.037,-0.8328754180624551,0.332,-1.826,2.158,0.9040918267231512,2022-03-15 20:30:00,3.754,-1.867,5.621,True
2022-03-23 14:30:00+00:00,2022-03-23 Wed 10:30,2022-03-23,-2.508,0.114,4.345,-2.622,-0.6375307496526548,ok,ok,-2.947,-1.986,-0.9610000000000001,-0.3930045235075473,-2.071,-1.386,-0.6850000000000003,-0.28708469265028863,2022-03-22 20:30:00,-4.28,0.025,-4.305000000000001,True
2022-03-30 14:30:00+00:00,2022-03-30 Wed 10:30,2022-03-30,-3.449,-1.022,-2.508,-2.4269999999999996,-0.5903805817167982,ok,ok,0.785,-1.744,2.529,1.0349504295658984,1.394,-1.55,2.944,1.2349916502494291,2022-03-29 20:30:00,-3.0,-1.558,-1.442,True
2022-04-06 14:30:00+00:00,2022-04-06 Wed 10:30,2022-04-06,2.421,-2.056,-3.449,4.477,1.0895944227534262,ok,ok,-2.041,0.063,-2.104,-0.8610374161164404,0.771,-0.819,1.5899999999999999,0.666769758436656,2022-04-05 20:30:00,1.08,-1.558,2.638,True
2022-04-13 14:30:00+00:00,2022-04-13 Wed 10:30,2022-04-13,9.382,0.863,2.421,8.519,2.073124692629354,ok,ok,-3.649,-0.388,-3.261,-1.3347313965579526,-2.902,-0.515,-2.387,-1.0017201513793181,2022-04-12 20:30:00,7.757,1.367,6.39,True
2022-04-20 14:30:00+00:00,2022-04-20 Wed 10:30,2022-04-20,-8.02,2.471,9.382,-10.491,-2.54654081658298,ok,ok,-0.761,-0.976,0.21499999999999997,0.08793409900689998,-2.664,-0.829,-1.8350000000000002,-0.7699086040971674,2022-04-19 20:30:00,-4.496,2.533,-7.029,True
2022-04-27 14:30:00+00:00,2022-04-27 Wed 10:30,2022-04-27,0.692,2.0,-8.02,-1.308,-0.3160580733023589,ok,ok,-1.573,0.808,-2.3810000000000002,-0.974632370978417,-1.449,-0.292,-1.157,-0.48557893516236317,2022-04-26 20:30:00,4.78,2.167,2.6130000000000004,True
2022-05-04 14:30:00+00:00,2022-05-04 Wed 10:30,2022-05-04,1.302,-0.829,0.692,2.1310000000000002,0.5152880115225669,ok,ok,-2.23,-0.589,-1.641,-0.6717074445334853,-2.344,-1.341,-1.003,-0.4212521823884352,2022-05-03 20:30:00,-3.479,-1.167,-2.3120000000000003,True
2022-05-11 14:30:00+00:00,2022-05-11 Wed 10:30,2022-05-11,8.487,-0.457,1.302,8.944,2.164044950001222,ok,ok,-3.607,-1.574,-2.0330000000000004,-0.8325090187475398,-0.913,-1.312,0.399,0.1677108822566269,2022-05-10 20:30:00,1.618,-0.457,2.075,True
2022-05-18 14:30:00+00:00,2022-05-18 Wed 10:30,2022-05-18,-3.394,1.383,8.487,-4.777,-1.152553891328733,ok,ok,-4.779,-1.333,-3.4459999999999997,-1.4114176527110722,1.235,-0.8,2.035,0.8562805781349527,2022-05-17 20:30:00,-2.445,1.533,-3.9779999999999998,True
2022-05-25 14:30:00+00:00,2022-05-25 Wed 10:30,2022-05-25,-1.019,-0.737,-3.394,-0.2819999999999999,-0.0680161698140089,ok,ok,-0.482,-0.634,0.15200000000000002,0.06220010062014893,1.657,0.917,0.74,0.31151071972280764,2022-05-24 20:30:00,0.567,-0.69,1.257,True
2022-06-02 15:00:00+00:00,2022-06-02 Thu 11:00,2022-06-02,-5.068,-1.35,-1.019,-3.7179999999999995,-0.8974629455551324,holiday_shift,ok,-0.711,0.533,-1.244,-0.5094809886546239,-0.53,0.99,-1.52,-0.6405102107734526,2022-06-01 20:30:00,-1.181,-0.067,-1.114,True
2022-06-08 14:30:00+00:00,2022-06-08 Wed 10:30,2022-06-08,2.025,-1.917,-5.068,3.942,0.9516342541533538,ok,ok,-0.812,1.075,-1.887,-0.7732741896340919,2.592,1.06,1.532,0.6458908479928025,2022-06-07 20:30:00,1.845,-1.8,3.645,True
2022-06-15 14:30:00+00:00,2022-06-15 Wed 10:30,2022-06-15,1.956,-1.314,2.025,3.27,0.7895061680610799,ok,ok,-0.71,1.066,-1.776,-0.7279994638997912,0.725,0.292,0.433,0.18268641272337258,2022-06-14 20:30:00,0.736,-1.2,1.936,True
2022-06-29 14:25:00+00:00,2022-06-29 Wed 10:25,2022-06-29,-0.386,,1.956,,,unexplained,diff +2.376,1.489,,,,0.133,0.328,-0.195,-0.08235886125612818,2022-06-28 20:30:00,-3.799,-0.11,-3.689,False
2022-06-29 14:30:00+00:00,2022-06-29 Wed 10:30,2022-06-29,-2.762,-0.569,-0.386,-2.193,-0.529657655520151,ok,ok,2.645,-0.452,3.097,1.2699355183442573,2.559,,,,2022-06-28 20:30:00,-3.799,-0.11,-3.689,True
2022-07-07 15:00:00+00:00,2022-07-07 Thu 11:00,2022-07-07,8.235,-1.043,-2.762,9.277999999999999,2.242055250232302,holiday_shift,ok,-2.497,-0.48,-2.017,-0.8267129901925633,-1.266,1.133,-2.399,-1.014269008573232,2022-07-06 20:30:00,3.825,-1.1,4.925000000000001,True
2022-07-13 14:30:00+00:00,2022-07-13 Wed 10:30,2022-07-13,3.254,-0.154,8.235,3.408,0.82103785048805,ok,ok,5.825,-0.357,6.182,2.5343834239043628,2.668,1.591,1.0770000000000002,0.45524095551575783,2022-07-12 20:30:00,4.762,-1.933,6.694999999999999,True
2022-07-20 14:30:00+00:00,2022-07-20 Wed 10:30,2022-07-20,-0.446,1.357,3.254,-1.803,-0.43450296537853106,ok,ok,3.498,0.071,3.427,1.398910130779943,-1.295,1.169,-2.464,-1.0424669298154443,2022-07-19 20:30:00,1.86,0.333,1.5270000000000001,True
2022-07-27 14:30:00+00:00,2022-07-27 Wed 10:30,2022-07-27,-4.523,-1.037,-0.446,-3.4859999999999998,-0.8406035213610347,ok,ok,-3.304,-0.857,-2.447,-0.9981687824675659,-0.784,0.5,-1.284,-0.5430784345802344,2022-07-26 20:30:00,-4.037,-1.121,-2.916,True
2022-08-03 14:30:00+00:00,2022-08-03 Wed 10:30,2022-08-03,4.467,-0.629,-4.523,5.096,1.2290560149509948,ok,ok,0.163,-1.614,1.7770000000000001,0.7248248169512606,-2.4,1.038,-3.4379999999999997,-1.4550597263040712,2022-08-02 20:30:00,2.165,-0.467,2.632,True
2022-08-10 14:30:00+00:00,2022-08-10 Wed 10:30,2022-08-10,5.458,0.073,4.467,5.385,1.298328491297698,ok,ok,-4.978,-0.633,-4.345,-1.7730525316020898,2.166,-0.667,2.833,1.197301364541951,2022-08-09 20:30:00,2.156,0.073,2.083,True
2022-08-17 14:30:00+00:00,2022-08-17 Wed 10:30,2022-08-17,-7.056,-0.275,5.458,-6.781,-1.6341544268262145,ok,ok,-4.642,-1.096,-3.5460000000000003,-1.4443386319726015,0.766,0.44,0.326,0.13774066954614597,2022-08-16 20:30:00,-0.448,-0.117,-0.331,True
2022-08-24 14:30:00+00:00,2022-08-24 Wed 10:30,2022-08-24,-3.282,-0.933,-7.056,-2.349,-0.5652860542067007,ok,ok,-0.027,-1.464,1.437,0.5847505655345433,-0.661,0.58,-1.241,-0.5248905475692581,2022-08-23 20:30:00,-5.632,-0.45,-5.1819999999999995,True
2022-08-31 14:30:00+00:00,2022-08-31 Wed 10:30,2022-08-31,-3.326,-1.483,-3.282,-1.843,-0.44373905607574604,ok,ok,-1.172,-1.178,0.006000000000000005,0.0024429244660258177,0.111,-0.96,1.071,0.4532865575135089,2022-08-30 20:30:00,0.593,-0.633,1.226,True
2022-09-08 15:00:00+00:00,2022-09-08 Thu 11:00,2022-09-08,8.844,-0.25,-3.326,9.094,2.1908829525516844,holiday_shift,ok,0.333,-1.667,2.0,0.8149693729187575,0.095,0.53,-0.43500000000000005,-0.18427306340102528,2022-09-07 20:30:00,3.645,-0.733,4.378,True
2022-09-14 14:30:00+00:00,2022-09-14 Wed 10:30,2022-09-14,2.442,0.833,8.844,1.6090000000000002,0.3865349716489522,ok,ok,-1.767,-0.858,-0.9089999999999999,-0.37051976755031735,4.219,0.6,3.619,1.5345475558404775,2022-09-13 20:30:00,6.035,-0.2,6.235,True
2022-09-21 14:30:00+00:00,2022-09-21 Wed 10:30,2022-09-21,1.142,2.161,2.442,-1.0190000000000001,-0.24496593120512183,ok,ok,1.569,-0.431,2.0,0.8157781281917525,1.231,0.42,0.8110000000000002,0.3434905956270738,2022-09-20 20:30:00,1.035,2.321,-1.2860000000000003,True
2022-09-28 14:30:00+00:00,2022-09-28 Wed 10:30,2022-09-28,-0.215,0.443,1.142,-0.658,-0.15829560557087716,ok,ok,-2.422,0.709,-3.1310000000000002,-1.2774997015148313,-2.892,-0.069,-2.823,-1.1968060019076328,2022-09-27 20:30:00,4.15,0.333,3.817,True
2022-10-05 14:30:00+00:00,2022-10-05 Wed 10:30,2022-10-05,-1.356,2.052,-0.215,-3.4080000000000004,-0.8204795580189187,ok,ok,-4.728,-1.334,-3.3939999999999997,-1.384009905506138,-3.443,-1.367,-2.076,-0.87953795896343,2022-10-04 20:30:00,-1.77,1.966,-3.7359999999999998,True
2022-10-13 15:00:00+00:00,2022-10-13 Thu 11:00,2022-10-13,9.88,1.75,-1.356,8.13,1.9577039417133337,holiday_shift,ok,2.023,-1.825,3.848,1.5678815503550732,-4.853,-2.05,-2.803,-1.187640630853949,2022-10-12 20:30:00,7.054,,,True
2022-10-19 14:30:00+00:00,2022-10-19 Wed 10:30,2022-10-19,-1.725,1.38,9.88,-3.105,-0.7461339715625049,ok,ok,-0.114,-1.114,1.0,0.40700730685651265,0.124,-2.167,2.291,0.9701038325405951,2022-10-18 20:30:00,-1.27,1.551,-2.8209999999999997,True
2022-10-26 14:30:00+00:00,2022-10-26 Wed 10:30,2022-10-26,2.588,1.029,-1.725,1.5590000000000002,0.3747396653409928,ok,ok,-1.478,-0.805,-0.6729999999999999,-0.27410496094505143,0.17,-1.138,1.3079999999999998,0.5539771285911053,2022-10-25 20:30:00,4.52,0.2,4.319999999999999,True
2022-11-02 14:30:00+00:00,2022-11-02 Wed 10:30,2022-11-02,-3.115,0.367,2.588,-3.482,-0.8375505913405036,ok,ok,-1.257,-1.358,0.1010000000000002,0.041166021565524485,0.427,-0.56,0.9870000000000001,0.418355637070537,2022-11-01 20:30:00,-6.53,0.267,-6.797000000000001,True
2022-11-09 15:30:00+00:00,2022-11-09 Wed 10:30,2022-11-09,3.925,1.36,-3.115,2.5649999999999995,0.6170877461600879,ok,ok,-0.899,-1.08,0.18100000000000005,0.07383185483886585,-0.521,-0.8,0.279,0.1183656216083956,2022-11-08 21:30:00,5.618,1.1,4.518000000000001,True
2022-11-16 15:30:00+00:00,2022-11-16 Wed 10:30,2022-11-16,-5.4,-0.44,3.925,-4.96,-1.1938910564838525,ok,ok,2.207,0.31,1.8969999999999998,0.7744244753139587,1.12,-0.513,1.633,0.693505082437516,2022-11-15 21:30:00,-5.835,-0.4,-5.435,True
2022-11-23 15:30:00+00:00,2022-11-23 Wed 10:30,2022-11-23,-3.691,-1.055,-5.4,-2.636,-0.6342411254613919,ok,ok,3.058,0.383,2.675,1.0924236349879135,1.718,-0.55,2.268,0.9637908635670587,2022-11-22 21:30:00,-4.819,-2.2,-2.6189999999999998,True
2022-11-30 15:30:00+00:00,2022-11-30 Wed 10:30,2022-11-30,-12.58,-2.758,-3.691,-9.822,-2.364243810404041,ok,ok,2.769,1.625,1.1440000000000001,0.4671447195669525,3.547,1.457,2.09,0.8883517638389071,2022-11-29 21:30:00,-7.85,-2.487,-5.3629999999999995,True
2022-12-07 15:30:00+00:00,2022-12-07 Wed 10:30,2022-12-07,-5.187,-3.305,-12.58,-1.8820000000000001,-0.45136793036672085,ok,ok,5.32,2.707,2.6130000000000004,1.0676912841940909,6.159,2.208,3.9509999999999996,1.6799702592079253,2022-12-06 21:30:00,-6.426,-3.884,-2.5420000000000003,True
2022-12-14 15:30:00+00:00,2022-12-14 Wed 10:30,2022-12-14,10.231,-3.595,-5.187,13.826,3.317895491540914,ok,ok,4.496,2.714,1.7820000000000005,0.7281012268206708,1.364,2.517,-1.1529999999999998,-0.4894980138031152,2022-12-13 21:30:00,7.819,-3.913,11.732,True
2022-12-21 15:30:00+00:00,2022-12-21 Wed 10:30,2022-12-21,-5.894,-1.657,10.231,-4.237,-1.009247409744836,ok,ok,2.53,2.14,0.3899999999999997,0.1594148088144764,-0.242,0.336,-0.5780000000000001,-0.24555078220149384,2022-12-20 21:30:00,-3.069,-0.167,-2.902,True
2022-12-29 16:00:00+00:00,2022-12-29 Thu 11:00,2022-12-29,0.718,-1.52,-5.894,2.238,0.5330502416025309,holiday_shift,ok,-3.105,0.52,-3.625,-1.48289653707293,0.282,-2.05,2.332,0.9915870795717646,2022-12-28 21:30:00,-1.3,,,True
2023-01-05 16:00:00+00:00,2023-01-05 Thu 11:00,2023-01-05,1.694,1.154,0.718,0.54,0.12869202361409438,holiday_shift,ok,-0.346,-0.486,0.14,0.057211327579344114,-1.427,-0.396,-1.0310000000000001,-0.4384711843003021,2023-01-04 21:30:00,3.298,,,True
2023-01-11 15:30:00+00:00,2023-01-11 Wed 10:30,2023-01-11,18.962,-2.243,1.694,21.205,5.0573685775605774,ok,ok,4.114,1.186,2.928,1.197478369261436,-1.069,-0.472,-0.597,-0.25408047783472076,2023-01-10 21:30:00,14.865,-2.375,17.240000000000002,True
2023-01-19 16:00:00+00:00,2023-01-19 Thu 11:00,2023-01-19,8.408,-0.593,18.962,9.001,2.1083001365668377,holiday_shift,ok,3.483,2.529,0.9540000000000002,0.3900552829892859,-1.939,0.122,-2.061,-0.8779279563605655,2023-01-18 21:30:00,7.615,-1.75,9.365,True
2023-01-25 15:30:00+00:00,2023-01-25 Wed 10:30,2023-01-25,0.533,0.971,8.408,-0.43799999999999994,-0.10233959147099893,ok,ok,1.763,1.767,-0.0040000000000000036,-0.0016365792972990846,-0.507,-1.121,0.614,0.26156499449690906,2023-01-24 21:30:00,3.378,1.6,1.778,True
2023-02-01 15:30:00+00:00,2023-02-01 Wed 10:30,2023-02-01,4.14,0.376,0.533,3.764,0.8801194884220623,ok,ok,2.576,1.442,1.1340000000000001,0.46433426782371606,2.32,-1.3,3.62,1.5436164611700895,2023-01-31 21:30:00,6.33,-1.0,7.33,True
2023-02-08 15:30:00+00:00,2023-02-08 Wed 10:30,2023-02-08,2.423,2.457,4.14,-0.03399999999999981,-0.007951912905144883,ok,ok,5.008,1.271,3.737,1.5311564695753326,2.932,0.097,2.835,1.2075374234759175,2023-02-07 21:30:00,-2.184,2.15,-4.334,True
2023-02-15 15:30:00+00:00,2023-02-15 Wed 10:30,2023-02-15,16.283,1.166,2.423,15.117,3.538229973365533,ok,ok,2.317,1.543,0.7740000000000002,0.316826859256347,-1.285,0.447,-1.732,-0.7375441382507317,2023-02-14 21:30:00,10.507,0.321,10.186,True
2023-02-23 16:00:00+00:00,2023-02-23 Thu 11:00,2023-02-23,7.648,2.083,16.283,5.5649999999999995,1.291675673017679,holiday_shift,ok,-1.856,0.108,-1.9640000000000002,-0.8045189438662467,2.698,-1.126,3.824,1.628896667652338,2023-02-22 21:30:00,9.895,1.233,8.661999999999999,True
2023-03-01 15:30:00+00:00,2023-03-01 Wed 10:30,2023-03-01,1.165,0.457,7.648,0.708,0.16426571503875265,ok,ok,-0.874,0.464,-1.338,-0.5482107884444017,0.179,-0.462,0.641,0.2726769020657093,2023-02-28 21:30:00,6.203,0.44,5.763,True
2023-03-08 15:30:00+00:00,2023-03-08 Wed 10:30,2023-03-08,-1.694,0.395,1.165,-2.089,-0.48503762578811693,ok,ok,-1.134,-1.863,0.7290000000000001,0.2988411551766339,0.138,-1.038,1.1760000000000002,0.5007401457777054,2023-03-07 21:30:00,-3.835,-0.308,-3.527,True
2023-03-15 14:30:00+00:00,2023-03-15 Wed 10:30,2023-03-15,1.55,1.188,-1.694,0.3620000000000001,0.08409638304910301,ok,ok,-2.061,-1.82,-0.24099999999999988,-0.09886558743036972,-2.537,-1.172,-1.365,-0.5816937964179782,2023-03-14 20:30:00,1.155,0.555,0.6,True
2023-03-22 14:30:00+00:00,2023-03-22 Wed 10:30,2023-03-22,1.117,-1.565,1.55,2.682,0.6235244829363714,ok,ok,-6.4,-1.677,-4.723000000000001,-1.9389964835234492,-3.313,-1.5,-1.8130000000000002,-0.7730226461403062,2023-03-21 20:30:00,3.262,-1.448,4.71,True
2023-03-29 14:30:00+00:00,2023-03-29 Wed 10:30,2023-03-29,-7.489,0.092,1.117,-7.5809999999999995,-1.763361613094064,ok,ok,-2.904,-1.617,-1.287,-0.5271820018807059,0.281,-1.455,1.7360000000000002,0.7403750938471253,2023-03-28 20:30:00,-6.076,0.187,-6.263,True
2023-04-05 14:30:00+00:00,2023-04-05 Wed 10:30,2023-04-05,-3.739,-2.329,-7.489,-1.4099999999999997,-0.32740667995517336,ok,ok,-4.119,-1.729,-2.3899999999999997,-0.9795115857129398,-3.632,-0.396,-3.236,-1.3808820643591526,2023-04-04 20:30:00,-4.346,-1.8,-2.5460000000000003,True
2023-04-12 14:30:00+00:00,2023-04-12 Wed 10:30,2023-04-12,0.597,-0.583,-3.739,1.18,0.27417545675849686,ok,ok,-0.331,-1.6,1.2690000000000001,0.5200721824839879,-0.606,-0.764,0.15800000000000003,0.06734598619421783,2023-04-11 20:30:00,0.377,-1.3,1.677,True
2023-04-19 14:30:00+00:00,2023-04-19 Wed 10:30,2023-04-19,-4.581,-1.088,0.597,-3.4930000000000003,-0.8121820755620344,ok,ok,1.3,-1.267,2.567,1.0526502045494441,-0.356,-0.927,0.5710000000000001,0.24362073189357084,2023-04-18 20:30:00,-2.675,-2.464,-0.21099999999999985,True
2023-04-26 14:30:00+00:00,2023-04-26 Wed 10:30,2023-04-26,-5.054,-1.486,-4.581,-3.5680000000000005,-0.8297784403372107,ok,ok,-2.408,-0.933,-1.4749999999999999,-0.6048374887435961,-0.576,-0.839,0.263,0.11231729986231323,2023-04-25 20:30:00,-6.083,-1.667,-4.416,True
2023-05-03 14:30:00+00:00,2023-05-03 Wed 10:30,2023-05-03,-1.28,-1.1,-5.054,-0.17999999999999994,-0.041868073832268884,ok,ok,1.743,-1.157,2.9000000000000004,1.1897116338876579,-1.191,-1.084,-0.10699999999999998,-0.04574003745267117,2023-05-02 20:30:00,-3.939,-1.0,-2.939,True
2023-05-10 14:30:00+00:00,2023-05-10 Wed 10:30,2023-05-10,2.951,-0.917,-1.28,3.8680000000000003,0.900362019223882,ok,ok,-3.168,-1.233,-1.935,-0.7936234406235005,-4.17,-0.808,-3.362,-1.4385467843791349,2023-05-09 20:30:00,3.618,-1.6,5.218,True
2023-05-17 14:30:00+00:00,2023-05-17 Wed 10:30,2023-05-17,5.04,-0.92,2.951,5.96,1.3876054279982746,ok,ok,-1.381,-1.06,-0.32099999999999995,-0.13168676081981862,0.08,0.057,0.023,0.009828705180121376,2023-05-16 20:30:00,3.69,-1.3,4.99,True
2023-05-24 14:30:00+00:00,2023-05-24 Wed 10:30,2023-05-24,-12.456,-0.92,5.04,-11.536,-2.684246155014184,ok,ok,-2.053,-0.695,-1.358,-0.5575198168420792,-0.562,0.057,-0.6190000000000001,-0.2647745768393141,2023-05-23 20:30:00,-6.799,0.525,-7.324000000000001,True
2023-06-01 15:00:00+00:00,2023-06-01 Thu 11:00,2023-06-01,4.488,-1.101,-12.456,5.589,1.2942866089644183,holiday_shift,ok,-0.207,-0.369,0.162,0.06654126372406041,0.985,-0.118,1.103,0.4722026519942678,2023-05-31 20:30:00,5.202,-1.22,6.422,True
2023-06-07 14:30:00+00:00,2023-06-07 Wed 10:30,2023-06-07,-0.451,1.022,4.488,-1.473,-0.3409749097717178,ok,ok,2.746,0.88,1.866,0.7670419392953122,5.075,1.328,3.747,1.6054329728628394,2023-06-06 20:30:00,-1.71,1.5,-3.21,True
2023-06-14 14:30:00+00:00,2023-06-14 Wed 10:30,2023-06-14,7.919,1.482,-0.451,6.436999999999999,1.4909902403316293,ok,ok,2.108,0.637,1.471,0.6048866750656839,2.123,0.922,1.201,0.5139360080103413,2023-06-13 20:30:00,1.024,-1.291,2.315,True
2023-06-22 15:00:00+00:00,2023-06-22 Thu 11:00,2023-06-22,-3.831,0.329,7.919,-4.16,-0.9628107094534901,holiday_shift,ok,0.479,1.091,-0.612,-0.25178889903359325,0.433,-0.001,0.434,0.18586478660812053,2023-06-21 20:30:00,-1.246,-0.433,-0.813,True
2023-06-28 14:30:00+00:00,2023-06-28 Wed 10:30,2023-06-28,-9.603,-1.757,-3.831,-7.846,-1.8158805744206248,ok,ok,0.603,-0.126,0.729,0.3001341793146432,0.124,0.782,-0.658,-0.2820623132806296,2023-06-27 20:30:00,-2.408,-1.467,-0.9409999999999998,True
2023-07-06 15:00:00+00:00,2023-07-06 Thu 11:00,2023-07-06,-1.508,-0.983,-9.603,-0.525,-0.12128589089439858,holiday_shift,ok,-2.55,-1.417,-1.1329999999999998,-0.4667933766292477,-1.045,0.296,-1.341,-0.5753144570912594,2023-07-05 20:30:00,-4.382,-1.8,-2.582,True
2023-07-12 14:30:00+00:00,2023-07-12 Wed 10:30,2023-07-12,5.946,0.483,-1.508,5.463,1.2629663915505254,ok,ok,-0.003,-0.727,0.724,0.2984552065082952,4.815,-0.262,5.077,2.1792890899647,2023-07-11 20:30:00,3.026,0.2,2.8259999999999996,True
2023-07-19 14:30:00+00:00,2023-07-19 Wed 10:30,2023-07-19,-0.708,-2.44,5.946,1.732,0.400273561620734,ok,ok,-1.066,-1.577,0.5109999999999999,0.21079856380423084,0.014,0.46,-0.446,-0.1908352208651376,2023-07-18 20:30:00,-0.797,-2.25,1.4529999999999998,True
2023-07-26 14:30:00+00:00,2023-07-26 Wed 10:30,2023-07-26,-0.6,-2.348,-0.708,1.7479999999999998,0.40423031066774573,ok,ok,-0.786,-1.678,0.8919999999999999,0.3682391049450591,-0.245,-0.301,0.055999999999999994,0.023982317163420978,2023-07-25 20:30:00,1.319,-1.969,3.2880000000000003,True
2023-08-02 14:30:00+00:00,2023-08-02 Wed 10:30,2023-08-02,-17.049,-1.367,-0.6,-15.681999999999999,-3.628826084373644,ok,ok,1.48,-1.3,2.7800000000000002,1.1484223801453923,-0.796,0.112,-0.908,-0.3892232117175735,2023-08-01 20:30:00,-15.4,-0.9,-14.5,True
2023-08-09 14:30:00+00:00,2023-08-09 Wed 10:30,2023-08-09,5.851,0.567,-17.049,5.284,1.211721472689179,ok,ok,-2.661,-0.008,-2.653,-1.0957665555037797,-1.706,0.006,-1.712,-0.7343999166229632,2023-08-08 20:30:00,4.067,-0.233,4.3,True
2023-08-16 14:30:00+00:00,2023-08-16 Wed 10:30,2023-08-16,-5.96,-2.32,5.851,-3.64,-0.8345013392627967,ok,ok,-0.261,-1.26,0.999,0.4125275671355016,0.296,-0.473,0.7689999999999999,0.3299791312208724,2023-08-15 20:30:00,-6.195,-2.05,-4.1450000000000005,True
2023-08-23 14:30:00+00:00,2023-08-23 Wed 10:30,2023-08-23,-6.135,-2.85,-5.96,-3.2849999999999997,-0.753238577601191,ok,ok,1.467,-0.888,2.355,0.9731029530242177,0.945,0.218,0.727,0.31223399117323686,2023-08-22 20:30:00,-2.418,-2.9,0.48199999999999976,True
2023-08-30 14:30:00+00:00,2023-08-30 Wed 10:30,2023-08-30,-10.584,-3.267,-6.135,-7.317,-1.6782059263294087,ok,ok,-0.214,-0.933,0.7190000000000001,0.2971241947240474,1.235,0.189,1.046,0.4496409098404305,2023-08-29 20:30:00,-11.486,-2.9,-8.586,True
2023-09-07 15:00:00+00:00,2023-09-07 Thu 11:00,2023-09-07,-6.307,-2.064,-10.584,-4.243,-0.9717837796176633,holiday_shift,ok,-2.666,-0.95,-1.716,-0.7096269763237179,0.679,0.239,0.44000000000000006,0.18929624581105797,2023-09-06 20:30:00,-5.521,-1.429,-4.092,True
2023-09-13 14:30:00+00:00,2023-09-13 Wed 10:30,2023-09-13,3.954,-1.912,-6.307,5.866,1.3434802831999109,ok,ok,5.56,0.237,5.3229999999999995,2.2019727884677964,3.931,1.303,2.628,1.1316647412709113,2023-09-12 20:30:00,1.174,-2.0,3.174,True
2023-09-20 14:30:00+00:00,2023-09-20 Wed 10:30,2023-09-20,-2.135,-2.2,3.954,0.06500000000000039,0.01487933147767057,ok,ok,-0.831,0.317,-1.148,-0.4735983020662037,-2.867,0.217,-3.084,-1.3279270262806646,2023-09-19 20:30:00,-5.25,-2.667,-2.583,True
2023-09-27 14:30:00+00:00,2023-09-27 Wed 10:30,2023-09-27,-2.17,-1.32,-2.135,-0.8499999999999999,-0.19471631596954386,ok,ok,1.027,-0.12,1.1469999999999998,0.4734450793023203,0.398,-1.298,1.6960000000000002,0.7295825960419878,2023-09-26 20:30:00,1.586,-1.65,3.2359999999999998,True
2023-10-04 14:30:00+00:00,2023-10-04 Wed 10:30,2023-10-04,-2.224,-0.446,-2.17,-1.7780000000000002,-0.40757816332192,ok,ok,6.481,0.161,6.32,2.6102747000489637,-1.269,-0.333,-0.9359999999999999,-0.4028692640290862,2023-10-03 20:30:00,-4.21,-0.092,-4.118,True
2023-10-12 15:00:00+00:00,2023-10-12 Thu 11:00,2023-10-12,10.176,0.492,-2.224,9.684000000000001,2.2211803543005098,holiday_shift,ok,-1.313,-0.8,-0.5129999999999999,-0.2110041066097945,-1.837,-0.802,-1.035,-0.4457936745704526,2023-10-11 20:30:00,12.94,1.3,11.639999999999999,True
2023-10-18 14:30:00+00:00,2023-10-18 Wed 10:30,2023-10-18,-4.491,-0.3,10.176,-4.191,-0.9586934139082643,ok,ok,-2.371,-1.097,-1.274,-0.5243777190295833,-3.185,-1.36,-1.825,-0.7865813552308268,2023-10-17 20:30:00,-4.383,-1.267,-3.116,True
2023-10-25 14:30:00+00:00,2023-10-25 Wed 10:30,2023-10-25,1.371,0.239,-4.491,1.1320000000000001,0.2589451899499958,ok,ok,0.156,-0.897,1.053,0.4336315539121389,-1.686,-1.168,-0.518,-0.22330799876612584,2023-10-24 20:30:00,-2.668,1.55,-4.218,True
2023-11-01 14:30:00+00:00,2023-11-01 Wed 10:30,2023-11-01,0.774,1.261,1.371,-0.4869999999999999,-0.11147744749785496,ok,ok,0.065,-0.803,0.8680000000000001,0.3576720093932415,-0.792,-1.54,0.748,0.3227296599837146,2023-10-31 20:30:00,1.347,1.601,-0.254,True
2023-11-15 15:29:00+00:00,2023-11-15 Wed 10:29,2023-11-15,13.869,,0.774,,,unexplained,diff +10.277,-6.3,,,,-3.294,,,,2023-11-14 21:30:00,1.335,1.4,-0.06499999999999995,False
2023-11-15 15:30:00+00:00,2023-11-15 Wed 10:30,2023-11-15,3.6,1.793,13.869,1.8070000000000002,0.4139231986939965,ok,ok,-1.5,0.622,-2.122,-0.8749841348248727,-1.4,-1.242,-0.15799999999999992,-0.06822967197472016,2023-11-14 21:30:00,1.335,1.4,-0.06499999999999995,True
2023-11-22 15:30:00+00:00,2023-11-22 Wed 10:30,2023-11-22,8.701,1.16,3.592,7.541,1.7284548336467278,ok,ok,0.749,-0.15,0.899,0.3707353427401404,-1.018,-0.761,-0.257,-0.1110810004448978,2023-11-21 21:30:00,9.047,1.467,7.58,True
2023-11-29 15:30:00+00:00,2023-11-29 Wed 10:30,2023-11-29,1.609,-0.933,8.701,2.542,0.5818831243114918,ok,ok,1.764,0.229,1.535,0.6334298792390802,5.217,-0.394,5.611,2.427340013788439,2023-11-28 21:30:00,-0.817,-2.0,1.183,True
2023-12-06 15:30:00+00:00,2023-12-06 Wed 10:30,2023-12-06,-4.632,-1.354,1.609,-3.2779999999999996,-0.7507398501425602,ok,ok,5.421,1.027,4.394,1.8140907128674946,1.267,1.526,-0.2590000000000001,-0.11158842073763314,2023-12-05 21:30:00,0.594,-2.267,2.8609999999999998,True
2023-12-13 15:30:00+00:00,2023-12-13 Wed 10:30,2023-12-13,-4.259,-0.65,-4.632,-3.6090000000000004,-0.8267624988305486,ok,ok,0.408,1.933,-1.5250000000000001,-0.6286262160156274,1.494,0.623,0.871,0.3755944285418469,2023-12-12 21:30:00,-2.349,-1.5,-0.8490000000000002,True
2023-12-20 15:30:00+00:00,2023-12-20 Wed 10:30,2023-12-20,2.909,-2.283,-4.259,5.192,1.1896064009263707,ok,ok,2.71,1.233,1.4769999999999999,0.609082550257476,1.485,0.496,0.9890000000000001,0.4268375157557338,2023-12-19 21:30:00,0.939,-2.233,3.172,True
2023-12-28 16:00:00+00:00,2023-12-28 Thu 11:00,2023-12-28,-7.114,-2.704,2.909,-4.41,-1.0102083612711636,holiday_shift,ok,-0.669,0.4,-1.069,-0.44105325340055423,0.741,0.6,0.14100000000000001,0.060902851336033716,2023-12-27 21:30:00,1.837,,,True
2024-01-04 16:00:00+00:00,2024-01-04 Thu 11:00,2024-01-04,-5.503,-3.725,-7.114,-1.778,-0.4072582341248876,holiday_shift,ok,10.9,-0.215,11.115,4.588436127216489,10.09,0.588,9.502,4.107986711875621,2024-01-03 21:30:00,-7.418,-2.967,-4.4510000000000005,True
2024-01-10 15:30:00+00:00,2024-01-10 Wed 10:30,2024-01-10,1.338,-0.675,-5.503,2.013,0.46134616921690136,ok,ok,8.029,2.489,5.54,2.254968367786871,6.528,2.382,4.145999999999999,1.768336580389091,2024-01-09 21:30:00,-5.215,-1.2,-4.015,True
2024-01-18 16:00:00+00:00,2024-01-18 Thu 11:00,2024-01-18,-2.492,-0.313,1.338,-2.179,-0.4996818032924036,holiday_shift,ok,3.083,2.15,0.9330000000000003,0.37870360025282124,2.37,0.88,1.4900000000000002,0.6344838570457118,2024-01-17 21:30:00,0.483,-2.4,2.883,True
2024-01-24 15:30:00+00:00,2024-01-24 Wed 10:30,2024-01-24,-9.233,-2.15,-2.492,-7.083,-1.6250613740951227,ok,ok,4.913,2.3,2.6130000000000004,1.061305874552218,-1.417,0.348,-1.7650000000000001,-0.7520748843482773,2024-01-23 21:30:00,-6.674,-3.0,-3.6740000000000004,True
2024-01-31 15:30:00+00:00,2024-01-31 Wed 10:30,2024-01-31,1.234,-0.217,-9.233,1.451,0.33248891056566665,ok,ok,1.156,1.483,-0.3270000000000002,-0.132814730860484,-2.542,-0.425,-2.117,-0.9022846811255423,2024-01-30 21:30:00,-2.5,-0.867,-1.633,True
2024-02-07 15:30:00+00:00,2024-02-07 Wed 10:30,2024-02-07,5.52,1.7,1.234,3.8199999999999994,0.8758961895027506,ok,ok,-3.146,0.14,-3.286,-1.3355802593265422,-3.221,-1.0,-2.221,-0.9466061375662937,2024-02-06 21:30:00,0.674,2.133,-1.459,True
2024-02-14 15:30:00+00:00,2024-02-14 Wed 10:30,2024-02-14,12.018,3.3,5.521,8.718,1.9993951129806786,ok,ok,-3.658,-1.16,-2.498,-1.0146116381551649,-1.915,-1.6,-0.31499999999999995,-0.13424413521752945,2024-02-13 21:30:00,8.52,2.6,5.92,True
2024-02-22 16:00:00+00:00,2024-02-22 Thu 11:00,2024-02-22,3.514,3.879,12.018,-0.3650000000000002,-0.0835440142391826,holiday_shift,ok,-0.294,-2.113,1.819,0.7387457537297197,-4.009,-1.739,-2.2700000000000005,-0.9682345328580858,2024-02-21 21:30:00,7.168,4.298,2.87,True
2024-02-28 15:30:00+00:00,2024-02-28 Wed 10:30,2024-02-28,4.199,3.1,3.514,1.0989999999999998,0.2517210473174203,ok,ok,-2.832,-1.46,-1.3719999999999999,-0.5574210211838176,-0.51,-2.14,1.6300000000000001,0.6951691827601183,2024-02-27 21:30:00,8.428,,,True
2024-03-06 15:30:00+00:00,2024-03-06 Wed 10:30,2024-03-06,1.367,2.4,4.199,-1.033,-0.23676254588287002,ok,ok,-4.46,-1.64,-2.8200000000000003,-1.1462369984677732,-4.131,-1.0,-3.1310000000000002,-1.3360891261872634,2024-03-05 21:30:00,0.423,2.6,-2.177,True
2024-03-13 14:30:00+00:00,2024-03-13 Wed 10:30,2024-03-13,-1.536,0.9,1.367,-2.436,-0.5586881401509445,ok,ok,-5.662,-1.9,-3.762,-1.5286457322184925,0.888,-0.15,1.038,0.4425302464049696,2024-03-12 20:30:00,-5.521,0.4,-5.921,True
2024-03-20 14:30:00+00:00,2024-03-20 Wed 10:30,2024-03-20,-1.952,-0.9,-1.536,-1.052,-0.24137979942926535,ok,ok,-3.31,-1.35,-1.96,-0.7955677937837615,0.624,-0.087,0.711,0.30335847072205924,2024-03-19 20:30:00,-1.519,0.077,-1.5959999999999999,True
2024-03-27 14:30:00+00:00,2024-03-27 Wed 10:30,2024-03-27,3.165,-0.7,-1.952,3.865,0.8873864691063187,ok,ok,1.299,-1.65,2.949,1.1972507647693498,-1.185,0.518,-1.703,-0.7272298271732535,2024-03-26 20:30:00,9.337,,,True
2024-04-03 14:30:00+00:00,2024-04-03 Wed 10:30,2024-04-03,3.21,-0.3,3.165,3.51,0.8060415402857686,ok,ok,-4.256,-0.82,-3.4360000000000004,-1.3946485996670352,-1.268,-0.604,-0.664,-0.2836291744264133,2024-04-02 20:30:00,-2.286,-2.0,-0.28600000000000003,True
2024-04-10 14:30:00+00:00,2024-04-10 Wed 10:30,2024-04-10,5.841,0.9,3.21,4.941,1.134989872507775,ok,ok,0.715,-1.32,2.035,0.8253509096447107,1.659,-1.153,2.8120000000000003,1.2020689086763021,2024-04-09 20:30:00,3.034,2.415,0.6189999999999998,True
2024-04-17 14:30:00+00:00,2024-04-17 Wed 10:30,2024-04-17,2.735,1.6,5.841,1.1349999999999998,0.2606855899371555,ok,ok,-1.154,,,,-2.76,,,,2024-04-16 20:30:00,4.09,,,True
2024-04-24 14:30:00+00:00,2024-04-24 Wed 10:30,2024-04-24,-6.368,1.6,2.735,-7.968,-1.831292398681923,ok,ok,-0.634,-1.4,0.7659999999999999,0.3107609313906053,1.614,-0.9,2.5140000000000002,1.0744628925566682,2024-04-23 20:30:00,-3.23,1.8,-5.03,True
2024-05-01 14:30:00+00:00,2024-05-01 Wed 10:30,2024-05-01,7.265,-2.3,-6.368,9.565,2.194505936518099,ok,ok,0.344,,,,-0.732,,,,2024-04-30 20:30:00,4.906,-1.5,6.406,True
2024-05-08 14:30:00+00:00,2024-05-08 Wed 10:30,2024-05-08,-1.362,-1.43,7.265,0.06799999999999984,0.015562476776892663,ok,ok,0.915,-1.18,2.0949999999999998,0.8504933711782219,0.56,-1.0,1.56,0.6667558164831915,2024-05-07 20:30:00,0.509,-1.43,1.939,True
2024-05-15 14:30:00+00:00,2024-05-15 Wed 10:30,2024-05-15,-2.508,-0.4,-1.362,-2.108,-0.482769504966595,ok,ok,-0.235,0.88,-1.115,-0.4527654882659154,-0.045,0.77,-0.8150000000000001,-0.34854517144707936,2024-05-14 20:30:00,-3.104,-1.35,-1.754,True
2024-05-22 14:30:00+00:00,2024-05-22 Wed 10:30,2024-05-22,1.825,-2.4,-2.508,4.225,0.968079966459903,ok,ok,-0.945,-1.6,0.6550000000000001,0.2661158770822986,0.379,-0.1,0.479,0.20499539256481605,2024-05-21 20:30:00,2.48,,,True
2024-05-30 15:00:00+00:00,2024-05-30 Thu 11:00,2024-05-30,-4.156,-1.6,1.825,-2.5559999999999996,-0.5857209535585479,holiday_shift,ok,2.022,1.0,1.0219999999999998,0.41550390815773547,2.544,0.4,2.144,0.9183569796307822,2024-05-29 20:30:00,-6.49,-1.9,-4.59,True
2024-06-05 14:30:00+00:00,2024-06-05 Wed 10:30,2024-06-05,1.233,-2.1,-4.156,3.333,0.764089125971529,ok,ok,2.102,2.6,-0.4980000000000002,-0.20259148464158194,3.197,3.0,0.19700000000000006,0.0844068482702535,2024-06-04 20:30:00,4.052,-1.9,5.952,True
2024-06-12 14:30:00+00:00,2024-06-12 Wed 10:30,2024-06-12,3.73,-1.2,1.233,4.93,1.130578108418401,ok,ok,2.566,0.25,2.316,0.9427982745252956,0.881,0.5,0.381,0.16338705774262716,2024-06-11 20:30:00,-2.428,-1.75,-0.6779999999999999,True
2024-06-20 15:00:00+00:00,2024-06-20 Thu 11:00,2024-06-20,-2.547,-2.8,3.73,0.25299999999999967,0.05801275393029654,holiday_shift,ok,-2.28,1.5,-3.78,-1.5389882651440734,-1.726,-0.5,-1.226,-0.5262137318998277,2024-06-18 20:30:00,2.264,,,True
2024-06-26 14:30:00+00:00,2024-06-26 Wed 10:30,2024-06-26,3.591,-2.6,-2.547,6.191000000000001,1.4205646453565355,ok,ok,2.654,-1.1,3.754,1.526753300158059,-0.377,-1.5,1.123,0.48226214236836396,2024-06-25 20:30:00,0.914,-3.0,3.914,True
2024-07-03 14:30:00+00:00,2024-07-03 Wed 10:30,2024-07-03,-12.157,-0.4,3.591,-11.757,-2.696103928865533,ok,ok,-2.214,-1.5,-0.714,-0.2901428138283474,-1.535,-1.1,-0.43499999999999983,-0.18694590271566527,2024-07-02 20:30:00,-9.163,-0.15,-9.013,True
2024-07-10 14:30:00+00:00,2024-07-10 Wed 10:30,2024-07-10,-3.443,0.7,-12.157,-4.143,-0.945859757704371,ok,ok,-2.006,-1.9,-0.10599999999999987,-0.04310127532708912,4.884,-0.3,5.184,2.2296643891573,2024-07-09 20:30:00,-1.923,-0.25,-1.673,True
2024-07-17 14:30:00+00:00,2024-07-17 Wed 10:30,2024-07-17,-4.87,-0.9,-3.443,-3.97,-0.9063724710033548,ok,ok,3.328,-1.7,5.028,2.0458926587172255,3.454,-0.5,3.954,1.6954305709782918,2024-07-16 20:30:00,-4.44,,,True
2024-07-24 14:30:00+00:00,2024-07-24 Wed 10:30,2024-07-24,-3.741,-2.6,-4.87,-1.141,-0.2605131595928471,ok,ok,-5.572,-0.9,-4.672,-1.897075000015499,-2.753,0.53,-3.2830000000000004,-1.405839818539366,2024-07-23 20:30:00,-3.9,-2.47,-1.4299999999999997,True
2024-07-31 14:30:00+00:00,2024-07-31 Wed 10:30,2024-07-31,-3.436,-1.6,-3.741,-1.8359999999999999,-0.4194541032674783,ok,ok,-3.665,-1.3,-2.365,-0.9584291485897916,1.534,-1.0,2.534,1.0839066770799117,2024-07-30 20:30:00,-4.495,,,True
2024-08-07 14:30:00+00:00,2024-08-07 Wed 10:30,2024-08-07,-3.728,-1.6,-3.436,-2.128,-0.48642384841651903,ok,ok,1.34,-1.9,3.24,1.3130110616042785,0.949,0.3,0.649,0.277615443100772,2024-08-06 20:30:00,0.18,0.85,-0.6699999999999999,True
2024-08-14 14:30:00+00:00,2024-08-14 Wed 10:30,2024-08-14,1.357,-1.9,-3.728,3.2569999999999997,0.7448567248847491,ok,ok,-2.894,-1.1,-1.794,-0.7267171845195909,-1.673,-1.8,0.127,0.05437090778245732,2024-08-13 20:30:00,-5.205,-2.0,-3.205,True
2024-08-21 14:30:00+00:00,2024-08-21 Wed 10:30,2024-08-21,-4.649,-2.0,1.357,-2.649,-0.6060190870206544,ok,ok,-1.606,-0.1,-1.506,-0.6102221748116837,-3.312,0.04,-3.352,-1.4362852001756965,2024-08-20 20:30:00,0.347,-2.8,3.147,True
2024-08-28 14:30:00+00:00,2024-08-28 Wed 10:30,2024-08-28,-0.846,-2.7,-4.649,1.854,0.42431048061413446,ok,ok,-2.203,-1.5,-0.7029999999999998,-0.28496365058163664,0.275,-0.55,0.8250000000000001,0.3530859123663,2024-08-27 20:30:00,-3.4,-3.0,-0.3999999999999999,True
2024-09-05 15:00:00+00:00,2024-09-05 Thu 11:00,2024-09-05,-6.873,-0.6,-0.846,-6.273000000000001,-1.4364813458287762,holiday_shift,ok,0.848,-0.8,1.6480000000000001,0.6684370522924304,-0.371,0.71,-1.081,-0.4630221835990448,2024-09-04 20:30:00,-7.4,-0.9,-6.5,True
2024-09-11 14:30:00+00:00,2024-09-11 Wed 10:30,2024-09-11,0.833,0.9,-6.873,-0.06700000000000006,-0.015330351977301582,ok,ok,2.31,-0.4,2.71,1.0996621975636411,2.308,0.3,2.008,0.8605855438202369,2024-09-10 20:30:00,-2.79,0.7,-3.49,True
2024-09-18 14:30:00+00:00,2024-09-18 Wed 10:30,2024-09-18,-1.63,-0.2,0.833,-1.43,-0.32741974489005365,ok,ok,0.069,0.61,-0.5409999999999999,-0.2195113749850114,0.125,0.08,0.045,0.019293018686934324,2024-09-17 20:30:00,1.96,-0.1,2.06,True
2024-09-25 14:30:00+00:00,2024-09-25 Wed 10:30,2024-09-25,-4.471,-1.3,-1.63,-3.1710000000000003,-0.7264695015070429,ok,ok,-1.538,0.2,-1.738,-0.7056497430929632,-2.227,-2.2,-0.02699999999999969,-0.01158565059909037,2024-09-24 20:30:00,-4.339,-1.1,-3.2390000000000003,True
2024-10-02 14:30:00+00:00,2024-10-02 Wed 10:30,2024-10-02,3.889,-1.5,-4.471,5.388999999999999,1.2349498435070645,ok,ok,1.119,-0.1,1.219,0.4950762209087699,-1.284,-1.5,0.21599999999999997,0.09276337510261753,2024-10-01 20:30:00,-1.458,-2.1,0.6420000000000001,True
2024-10-09 14:30:00+00:00,2024-10-09 Wed 10:30,2024-10-09,5.81,2.0,3.889,3.8099999999999996,0.872855264543004,ok,ok,-6.304,-1.5,-4.804,-1.9521482403520976,-3.124,-2.3,-0.8240000000000003,-0.3541768871279977,2024-10-08 20:30:00,10.9,1.95,8.950000000000001,True
2024-10-17 15:00:00+00:00,2024-10-17 Thu 11:00,2024-10-17,-2.191,1.8,5.81,-3.9909999999999997,-0.9145114731235127,holiday_shift,ok,-2.201,-1.4,-0.8010000000000002,-0.3248189058061618,-3.534,-2.5,-1.0339999999999998,-0.44474028089370854,2024-10-16 20:30:00,-1.58,3.2,-4.78,True
2024-10-23 14:30:00+00:00,2024-10-23 Wed 10:30,2024-10-23,5.474,0.8,-2.191,4.674,1.071077096166211,ok,ok,0.878,-1.6,2.478,1.005468696704386,-1.14,-2.0,0.8600000000000001,0.37012093005703384,2024-10-22 20:30:00,1.643,0.7,0.9430000000000001,True
2024-10-30 14:30:00+00:00,2024-10-30 Wed 10:30,2024-10-30,-0.515,1.5,5.474,-2.015,-0.4617321517200701,ok,ok,-2.707,0.6,-3.307,-1.3419194123614746,-0.977,-1.59,0.6130000000000001,0.2640262894380678,2024-10-29 20:30:00,-0.573,2.3,-2.8729999999999998,True
2024-11-06 15:30:00+00:00,2024-11-06 Wed 10:30,2024-11-06,2.149,0.3,-0.515,1.849,0.42390444868118066,ok,ok,0.412,-1.65,2.062,0.8361852941825466,2.947,-1.5,4.447,1.9169542159444766,2024-11-05 21:30:00,3.132,1.8,1.332,True
2024-11-14 16:00:00+00:00,2024-11-14 Thu 11:00,2024-11-14,2.089,0.4,2.149,1.689,0.3874431108196409,holiday_shift,ok,-4.407,1.0,-5.407,-2.1932245101043546,-1.394,1.0,-2.394,-1.029981619712699,2024-11-13 21:30:00,-0.777,1.0,-1.7770000000000001,True
2024-11-20 15:30:00+00:00,2024-11-20 Wed 10:30,2024-11-20,0.545,0.4,2.089,0.14500000000000002,0.03328135147747555,ok,ok,2.054,1.62,0.4339999999999997,0.17555852368129712,-0.114,-0.2,0.08600000000000001,0.03699134362592766,2024-11-19 21:30:00,4.753,0.8,3.9530000000000003,True
2024-11-27 15:30:00+00:00,2024-11-27 Wed 10:30,2024-11-27,-1.844,-1.3,0.545,-0.544,-0.12494543402889711,ok,ok,3.314,,,,0.416,,,,2024-11-26 21:30:00,-5.935,0.25,-6.185,True
2024-12-04 15:30:00+00:00,2024-12-04 Wed 10:30,2024-12-04,-5.073,-1.6,-1.844,-3.4730000000000003,-0.7981900425558386,ok,ok,2.362,0.6,1.762,0.7132324090391039,3.383,2.0,1.383,0.5953716827107279,2024-12-03 21:30:00,1.232,-2.06,3.292,True
2024-12-11 15:30:00+00:00,2024-12-11 Wed 10:30,2024-12-11,-1.425,-1.0,-5.073,-0.42500000000000004,-0.09769554963986275,ok,ok,5.086,-0.2,5.2860000000000005,2.140509553225144,3.235,0.9,2.335,1.0058408012422446,2024-12-10 21:30:00,0.499,-1.3,1.799,True
2024-12-18 15:30:00+00:00,2024-12-18 Wed 10:30,2024-12-18,-0.934,-1.6,-1.425,0.666,0.15319404926465155,ok,ok,2.348,2.0,0.34799999999999986,0.14059408466835113,-3.18,0.8,-3.9800000000000004,-1.7147195427623079,2024-12-17 21:30:00,-4.7,-1.85,-2.85,True
2024-12-27 18:00:00+00:00,2024-12-27 Fri 13:00,2024-12-27,-4.237,-0.7,-0.934,-3.537,-0.8141158539990108,unexplained,ok,1.63,-1.0,2.63,1.0632561285896225,-1.694,-0.7,-0.994,-0.4274254232141641,2024-12-24 21:30:00,-3.2,,,False
2025-01-02 16:00:00+00:00,2025-01-02 Thu 11:00,2025-01-02,-1.178,-2.4,-4.237,1.222,0.2813190506374141,holiday_shift,ok,7.717,0.7,7.0169999999999995,2.836778231351107,6.406,-0.1,6.505999999999999,2.799304138223282,2024-12-31 21:30:00,-1.442,-3.0,1.558,True
2025-01-08 15:30:00+00:00,2025-01-08 Wed 10:30,2025-01-08,-0.959,-1.8,-1.178,0.8410000000000001,0.1937285744508502,ok,ok,6.33,0.5,5.83,2.346136402000482,6.071,0.5,5.571,2.384552340085091,2025-01-07 21:30:00,-4.022,-0.25,-3.7720000000000002,True
2025-01-15 15:30:00+00:00,2025-01-15 Wed 10:30,2025-01-15,-1.962,-3.5,-0.959,1.538,0.3545139159862435,ok,ok,5.852,2.67,3.1820000000000004,1.2768309760538448,3.077,-1.0,4.077,1.7390122587450014,2025-01-14 21:30:00,-2.6,-3.5,0.8999999999999999,True
2025-01-23 17:00:00+00:00,2025-01-23 Thu 12:00,2025-01-23,-1.017,-2.1,-1.962,1.0830000000000002,0.24978305941276593,holiday_shift,ok,2.332,2.5,-0.16800000000000015,-0.06739053788683241,-3.07,0.6,-3.67,-1.5632556995214204,2025-01-22 21:30:00,1.0,,,True
2025-01-29 15:30:00+00:00,2025-01-29 Wed 10:30,2025-01-29,3.463,2.2,-1.017,1.263,0.2914813137501089,ok,ok,2.957,2.0,0.9569999999999999,0.3841419733699357,-4.994,-2.75,-2.2439999999999998,-0.9544213316978721,2025-01-28 21:30:00,2.86,3.7,-0.8400000000000003,True
2025-02-05 15:30:00+00:00,2025-02-05 Wed 10:30,2025-02-05,8.664,2.4,3.463,6.263999999999999,1.446525909261898,ok,ok,2.233,-0.9,3.133,1.2583556067839778,-5.471,-2.1,-3.371,-1.433609922670872,2025-02-04 21:30:00,5.025,3.17,1.8550000000000004,True
2025-02-12 15:30:00+00:00,2025-02-12 Wed 10:30,2025-02-12,4.07,2.4,8.664,1.6700000000000004,0.38540365663133236,ok,ok,-3.035,1.9,-4.9350000000000005,-1.9815345759635181,0.135,-0.5,0.635,0.2697465689527336,2025-02-11 21:30:00,9.043,2.8,6.242999999999999,True
2025-02-20 17:00:00+00:00,2025-02-20 Thu 12:00,2025-02-20,4.633,3.2,4.07,1.4329999999999998,0.33089985537090444,holiday_shift,ok,-0.151,0.7,-0.851,-0.3409713104097639,-2.051,-1.2,-0.8510000000000002,-0.3617936751581199,2025-02-19 21:30:00,3.339,2.2,1.1389999999999998,True
2025-02-26 15:00:00+00:00,2025-02-26 Wed 10:00,2025-02-26,-2.332,2.5,4.633,-4.832,-1.1164461579793126,unexplained,ok,0.369,-0.95,1.319,0.5287858562955082,3.908,0.03,3.878,1.6497586470733943,2025-02-25 21:30:00,-0.64,2.3,-2.94,False
2025-03-05 15:30:00+00:00,2025-03-05 Wed 10:30,2025-03-05,3.614,0.6,-2.332,3.014,0.6962347151376109,ok,ok,-1.433,0.13,-1.5630000000000002,-0.6269338038712999,-1.318,0.87,-2.188,-0.9297433671050684,2025-03-04 21:30:00,-1.455,-0.3,-1.155,True
2025-03-12 13:30:00+00:00,2025-03-12 Wed 09:30,2025-03-12,1.448,2.1,3.614,-0.6520000000000001,-0.15066854574128324,unexplained,ok,-5.737,-2.5,-3.237,-1.298855976047062,-1.559,-1.4,-0.15900000000000003,-0.06755980923626888,2025-03-11 20:30:00,4.247,2.1,2.147,False
2025-03-19 13:30:00+00:00,2025-03-19 Wed 09:30,2025-03-19,1.745,0.8,1.448,0.9450000000000001,0.21851366657208063,unexplained,ok,-0.527,-2.0,1.4729999999999999,0.5907143640361109,-2.812,0.18,-2.992,-1.2723287787344955,2025-03-18 20:30:00,4.593,1.17,3.423,False
2025-03-26 14:30:00+00:00,2025-03-26 Wed 10:30,2025-03-26,-3.341,1.5,1.745,-4.841,-1.120096700189795,ok,ok,-1.446,-1.6,0.15400000000000014,0.06178790400315718,-0.421,-1.5,1.079,0.45850413843432775,2025-03-25 20:30:00,-4.6,-2.5,-2.0999999999999996,True
2025-04-02 14:30:00+00:00,2025-04-02 Wed 10:30,2025-04-02,6.165,-0.2,-3.341,6.365,1.4723767230453475,ok,ok,-1.551,-1.9,0.349,0.1401197762365273,0.264,-1.1,1.364,0.5800245151646383,2025-04-01 20:30:00,6.037,,,True
2025-04-09 14:30:00+00:00,2025-04-09 Wed 10:30,2025-04-09,2.553,2.2,6.165,0.35299999999999976,0.08160238416385135,ok,ok,-1.6,-1.7,0.09999999999999987,0.04017564112294994,-3.544,0.2,-3.744,-1.5930947468292296,2025-04-08 20:30:00,-1.057,,,True
2025-04-16 14:30:00+00:00,2025-04-16 Wed 10:30,2025-04-16,0.515,0.4,2.553,0.11499999999999999,0.02660153521921012,ok,ok,-1.958,-1.6,-0.3579999999999999,-0.14392501080207748,-1.851,-1.2,-0.651,-0.27658314082493113,2025-04-15 20:30:00,2.4,-1.68,4.08,True
2025-04-23 14:30:00+00:00,2025-04-23 Wed 10:30,2025-04-23,0.244,-0.7,0.515,0.944,0.2185050575714856,ok,ok,-4.476,-1.15,-3.326,-1.3379936267725687,-2.353,-0.1,-2.253,-0.9578773982725217,2025-04-22 20:30:00,-4.565,,,True
2025-04-30 14:30:00+00:00,2025-04-30 Wed 10:30,2025-04-30,-2.696,0.39,0.244,-3.0860000000000003,-0.7147552543043482,ok,ok,-4.003,-1.08,-2.923,-1.1751379841333667,0.937,-1.71,2.6470000000000002,1.125284363552937,2025-04-29 20:30:00,3.76,0.39,3.3699999999999997,True
2025-05-07 14:30:00+00:00,2025-05-07 Wed 10:30,2025-05-07,-2.032,-1.7,-2.696,-0.3320000000000001,-0.0769162245784138,ok,ok,0.188,-1.5,1.688,0.6783998186247551,-1.107,-2.7,1.5930000000000002,0.6771804878137467,2025-05-06 20:30:00,-4.49,-2.5,-1.9900000000000002,True
2025-05-14 14:30:00+00:00,2025-05-14 Wed 10:30,2025-05-14,3.454,-2.0,-2.032,5.454000000000001,1.2643594318356852,ok,ok,-1.022,-0.6,-0.42200000000000004,-0.16966856564181482,-3.155,0.1,-3.255,-1.3844398310134776,2025-05-13 20:30:00,4.287,-2.4,6.686999999999999,True
2025-05-21 14:30:00+00:00,2025-05-21 Wed 10:30,2025-05-21,1.328,-0.9,3.454,2.228,0.5163387536944906,ok,ok,0.816,-1.76,2.576,1.0363563026722484,0.579,-1.2,1.779,0.755924215880416,2025-05-20 20:30:00,2.499,-1.85,4.349,True
2025-05-29 16:00:00+00:00,2025-05-29 Thu 12:00,2025-05-29,-2.795,1.0,1.328,-3.795,-0.8799307847552617,holiday_shift,ok,-2.441,0.1,-2.541,-1.022297996229649,-0.724,1.0,-1.724,-0.7328893863732825,2025-05-28 20:30:00,-4.236,1.0,-5.236,True
2025-06-04 14:30:00+00:00,2025-06-04 Wed 10:30,2025-06-04,-4.304,-2.9,-2.795,-1.4040000000000004,-0.3255694851605576,ok,ok,5.219,1.5,3.7190000000000003,1.496077210913755,4.23,2.2,2.0300000000000002,0.8631891301336843,2025-06-03 22:00:00,-3.3,-0.9,-2.4,True
2025-06-11 14:30:00+00:00,2025-06-11 Wed 10:30,2025-06-11,-3.644,-2.4,-4.304,-1.2440000000000002,-0.28862701192316637,ok,ok,1.504,1.1,0.4039999999999999,0.16240477501205391,1.246,0.6,0.646,0.27478128367182053,2025-06-10 20:30:00,-0.37,0.7,-1.0699999999999998,True
2025-06-18 14:30:00+00:00,2025-06-18 Wed 10:30,2025-06-18,-11.473,-2.3,-3.644,-9.173000000000002,-2.12948701467843,ok,ok,0.209,,,,0.514,,,,2025-06-17 20:30:00,-10.133,-0.6,-9.533,True
2025-06-25 14:30:00+00:00,2025-06-25 Wed 10:30,2025-06-25,-5.836,-1.2,-11.473,-4.636,-1.07368776814523,ok,ok,-2.075,-0.5,-1.5750000000000002,-0.6335511379056413,-4.066,0.7,-4.766,-2.028837045660629,2025-06-24 20:30:00,-4.277,-0.6,-3.677,True
2025-07-02 14:30:00+00:00,2025-07-02 Wed 10:30,2025-07-02,3.845,-3.5,-5.836,7.345000000000001,1.7008240567014212,ok,ok,4.188,0.66,3.5279999999999996,1.4196483978089254,-1.71,-1.65,-0.06000000000000005,-0.025469565288411367,2025-07-01 20:30:00,0.68,-2.26,2.94,True
2025-07-09 14:30:00+00:00,2025-07-09 Wed 10:30,2025-07-09,7.07,-1.7,3.845,8.77,2.0285340559476177,ok,ok,-2.658,-1.7,-0.958,-0.38527493850705924,-0.825,-0.3,-0.5249999999999999,-0.22303489823423436,2025-07-08 20:30:00,7.1,-2.8,9.899999999999999,True
2025-07-16 14:30:00+00:00,2025-07-16 Wed 10:30,2025-07-16,-3.859,-1.8,7.07,-2.059,-0.47536593291073787,ok,ok,3.399,-0.9,4.299,1.7298288789894865,4.173,,,,2025-07-15 20:30:00,19.1,-2.0,21.1,True
2025-07-23 14:30:00+00:00,2025-07-23 Wed 10:30,2025-07-23,-3.169,-1.4,-3.859,-1.7690000000000001,-0.40860255252518646,ok,ok,-1.738,-0.9,-0.838,-0.3367953633397929,2.931,-1.1,4.031000000000001,1.7137164243279224,2025-07-22 20:30:00,-0.577,,,True
2025-07-30 14:30:00+00:00,2025-07-30 Wed 10:30,2025-07-30,7.698,-2.3,-3.169,9.998000000000001,2.3104985907600186,ok,ok,-2.724,-1.1,-1.624,-0.6530540093110441,3.635,-0.9,4.535,1.9254966239666345,2025-07-29 20:30:00,1.539,-2.5,4.039,True
2025-08-06 14:30:00+00:00,2025-08-06 Wed 10:30,2025-08-06,-3.029,0.2,7.698,-3.229,-0.7442621697303362,ok,ok,-1.323,-1.0,-0.32299999999999995,-0.12992932203713817,-0.565,1.0,-1.565,-0.6632407751517996,2025-08-05 20:30:00,-4.2,-1.8,-2.4000000000000004,True
2025-08-13 14:30:00+00:00,2025-08-13 Wed 10:30,2025-08-13,3.036,-0.9,-3.029,3.936,0.9074368522500007,ok,ok,-0.792,-1.0,0.20799999999999996,0.08372258344459299,0.714,0.35,0.364,0.1543132691480183,2025-08-12 20:30:00,1.5,-0.8,2.3,True
2025-08-20 14:30:00+00:00,2025-08-20 Wed 10:30,2025-08-20,-6.014,-0.8,3.036,-5.214,-1.2022727079896873,ok,ok,-2.72,-0.8,-1.9200000000000002,-0.7733290484913744,2.343,0.45,1.893,0.8031504711643298,2025-08-19 20:30:00,-2.4,-1.2,-1.2,True
2025-08-27 14:30:00+00:00,2025-08-27 Wed 10:30,2025-08-27,-2.392,-1.7,-6.014,-0.692,-0.15950910914734334,ok,ok,-1.236,-2.5,1.264,0.5092127138724047,-1.786,1.1,-2.886,-1.2249446678003535,2025-08-26 20:30:00,-0.974,-1.7,0.726,True
2025-09-04 16:00:00+00:00,2025-09-04 Thu 12:00,2025-09-04,2.415,-2.0,-2.392,4.415,1.0182928635139068,holiday_shift,ok,-3.795,-1.0,-2.795,-1.1265713336496954,1.681,-0.3,1.981,0.840322754819305,2025-09-03 20:30:00,0.622,-3.4,4.022,True
2025-09-10 14:30:00+00:00,2025-09-10 Wed 10:30,2025-09-10,3.939,-1.9,2.415,5.839,1.3467744308567704,ok,ok,1.458,-0.1,1.558,0.6278167893212367,4.715,0.2,4.515,1.915903906463514,2025-09-09 20:30:00,1.25,,,True
2025-09-17 14:30:00+00:00,2025-09-17 Wed 10:30,2025-09-17,-9.285,1.4,3.939,-10.685,-2.463441538426241,ok,ok,-2.347,-0.7,-1.647,-0.6639700264058194,4.046,1.1,2.946,1.2478491325457601,2025-09-16 20:30:00,-3.42,-1.6,-1.8199999999999998,True
2025-09-24 14:30:00+00:00,2025-09-24 Wed 10:30,2025-09-24,-0.607,0.8,-9.285,-1.407,-0.32331216497722476,ok,ok,-1.081,0.4,-1.4809999999999999,-0.5972370511166858,-1.685,-1.5,-0.18500000000000005,-0.07834189587846795,2025-09-23 20:30:00,-3.821,,,True
2025-10-01 14:30:00+00:00,2025-10-01 Wed 10:30,2025-10-01,1.792,1.5,-0.607,0.29200000000000004,0.06713464408732557,ok,ok,4.125,0.5,3.625,1.4623872271344143,0.578,-1.0,1.5779999999999998,0.6687446544635609,2025-09-30 20:30:00,-3.674,,,True
2025-10-08 14:30:00+00:00,2025-10-08 Wed 10:30,2025-10-08,3.715,2.25,1.792,1.4649999999999999,0.33703390831092145,ok,ok,-1.601,-1.05,-0.5509999999999999,-0.22214112353933207,-2.018,-1.23,-0.7879999999999998,-0.33412728740439673,2025-10-07 20:30:00,2.78,2.25,0.5299999999999998,True
2025-10-16 16:00:00+00:00,2025-10-16 Thu 12:00,2025-10-16,3.524,0.3,3.715,3.224,0.7421292285245187,holiday_shift,ok,-0.267,,,,-4.529,,,,,,,,True
2025-10-22 14:30:00+00:00,2025-10-22 Wed 10:30,2025-10-22,-0.961,2.2,3.524,-3.161,-0.7278607762397221,ok,ok,-2.147,-0.95,-1.1969999999999998,-0.4828710413986266,-1.479,-1.9,0.4209999999999998,0.17862556003127444,2025-10-21 20:30:00,-2.98,,,True
2025-10-29 14:30:00+00:00,2025-10-29 Wed 10:30,2025-10-29,-6.858,-0.9,-0.961,-5.957999999999999,-1.3722517726195076,ok,ok,-5.941,-1.9,-4.041,-1.6308941750585604,-3.362,-1.6,-1.762,-0.7481800083562679,2025-10-28 20:30:00,-4.0,-2.9,-1.1,True
2025-11-05 15:30:00+00:00,2025-11-05 Wed 10:30,2025-11-05,5.202,-2.5,-6.858,7.702,1.7728233464549807,ok,ok,-4.729,-1.1,-3.629,-1.4628878768159552,-0.643,-2.0,1.357,0.5763334492307184,2025-11-04 21:30:00,6.5,-2.4,8.9,True
2025-11-13 17:00:00+00:00,2025-11-13 Thu 12:00,2025-11-13,6.413,1.0,5.202,5.413,1.244405751045937,holiday_shift,ok,-0.945,-1.9,0.955,0.3846511946690757,-0.637,-2.0,1.363,0.5792327405675717,2025-11-12 21:30:00,1.3,1.7,-0.3999999999999999,True
2025-11-19 15:30:00+00:00,2025-11-19 Wed 10:30,2025-11-19,-3.426,-0.6,6.413,-2.826,-0.6494977549629237,ok,ok,2.327,-0.2,2.527,1.018397020698279,0.171,-1.2,1.371,0.5829843314243331,2025-11-18 21:30:00,4.4,,,True
2025-11-26 15:30:00+00:00,2025-11-26 Wed 10:30,2025-11-26,2.774,-1.3,-3.426,4.074,0.9366258353864281,ok,ok,2.513,0.7,1.813,0.7306797740351775,1.147,0.6,0.547,0.23273814837465437,2025-11-25 22:30:00,-1.9,,,True
2025-12-03 15:30:00+00:00,2025-12-03 Wed 10:30,2025-12-03,0.574,-1.9,2.774,2.4739999999999998,0.568853195795338,ok,ok,4.518,1.5,3.018,1.2167422756260435,2.059,0.7,1.3590000000000002,0.5786715433454679,2025-12-02 21:30:00,-2.48,,,True
2025-12-10 15:30:00+00:00,2025-12-10 Wed 10:30,2025-12-10,-1.812,-1.2,0.574,-0.6120000000000001,-0.14078215155027585,ok,ok,6.397,2.8,3.5970000000000004,1.449842269207933,2.502,1.9,0.6019999999999999,0.25649027628070814,2025-12-09 21:30:00,-4.8,-1.7,-3.0999999999999996,True
2025-12-17 15:30:00+00:00,2025-12-17 Wed 10:30,2025-12-17,-1.274,-2.4,-1.812,1.126,0.25917556106868633,ok,ok,4.808,2.1,2.7079999999999997,1.090850977163113,1.712,1.2,0.512,0.21831000211654172,2025-12-16 21:30:00,-9.3,-2.2,-7.1000000000000005,True
2025-12-29 22:00:00+00:00,2025-12-29 Mon 17:00,2025-12-30,0.405,-2.0,-1.274,2.4050000000000002,0.5538946386032025,unexplained,diff +2.339,2.862,1.1,1.762,0.7097455528973202,0.202,0.4,-0.198,-0.08448916508838845,2025-12-23 21:30:00,2.4,,,False
2025-12-31 15:30:00+00:00,2025-12-31 Wed 10:30,2025-12-31,-1.934,0.5,0.405,-2.434,-0.5608309034689838,ok,ok,5.845,2.0,3.8449999999999998,1.5493594406040296,4.977,2.0,2.9770000000000003,1.2712715981509988,2025-12-30 21:30:00,1.7,,,True
2026-01-07 15:30:00+00:00,2026-01-07 Wed 10:30,2026-01-07,-3.832,-1.2,-1.934,-2.6319999999999997,-0.6066890663252119,ok,ok,7.702,2.9,4.802,1.93347765117597,5.594,2.2,3.394,1.448945753971437,2026-01-06 21:30:00,-2.8,1.2,-4.0,True
2026-01-14 15:30:00+00:00,2026-01-14 Wed 10:30,2026-01-14,3.391,-1.7,-3.832,5.091,1.173915610116971,ok,ok,8.977,4.0,4.977,2.000743886973219,-0.029,-0.2,0.171,0.07295754155488607,2026-01-13 21:30:00,5.27,-2.0,7.27,True
2026-01-22 17:00:00+00:00,2026-01-22 Thu 12:00,2026-01-22,3.602,-1.0,3.391,4.602,1.0609819341380744,holiday_shift,ok,5.977,1.7,4.277,1.716337485788178,3.348,-0.2,3.548,1.514926527422937,2026-01-21 21:30:00,3.04,,,True
2026-01-28 15:30:00+00:00,2026-01-28 Wed 10:30,2026-01-28,-2.295,-0.2,3.602,-2.0949999999999998,-0.48299019059497067,ok,ok,0.223,1.3,-1.077,-0.4317205864110571,0.329,-0.55,0.879,0.37503605365374126,2026-01-27 21:30:00,-0.247,1.45,-1.697,True
2026-02-04 15:30:00+00:00,2026-02-04 Wed 10:30,2026-02-04,-3.455,-2.0,-2.295,-1.455,-0.33558972569887574,ok,ok,0.685,,,,-5.553,,,,2026-02-03 21:30:00,-11.1,0.7,-11.799999999999999,True
2026-02-11 15:30:00+00:00,2026-02-11 Wed 10:30,2026-02-11,8.53,-0.2,-3.455,8.729999999999999,2.0145918670912417,ok,ok,1.16,-0.4,1.56,0.6256324606005776,-2.703,-1.3,-1.4029999999999998,-0.5990347902541274,2026-02-10 21:30:00,13.4,,,True
2026-02-19 17:00:00+00:00,2026-02-19 Thu 12:00,2026-02-19,-9.014,1.7,8.53,-10.713999999999999,-2.4681083428058614,holiday_shift,ok,-3.213,-0.3,-2.9130000000000003,-1.1687565050323219,-4.566,-1.4,-3.166,-1.3522901346564646,2026-02-18 21:30:00,-0.609,,,True
2026-02-25 15:30:00+00:00,2026-02-25 Wed 10:30,2026-02-25,15.989,1.8,-9.014,14.189,3.2580196485447677,ok,ok,-1.011,,,,0.252,,,,2026-02-24 21:30:00,11.4,1.85,9.55,True
2026-03-04 15:30:00+00:00,2026-03-04 Wed 10:30,2026-03-04,3.475,3.0,15.989,0.4750000000000001,0.10845339804701466,ok,ok,-1.704,-1.0,-0.704,-0.28236627373270873,0.429,-2.6,3.029,1.292648636099082,2026-03-03 21:30:00,5.6,2.2,3.3999999999999995,True
2026-03-11 14:30:00+00:00,2026-03-11 Wed 10:30,2026-03-11,3.824,2.8,3.475,1.024,0.2339449004593442,ok,ok,-3.654,-2.6,-1.0539999999999998,-0.42298262149786864,-1.349,-0.7,-0.649,-0.2768813199417655,2026-03-10 20:30:00,-1.7,1.4,-3.0999999999999996,True
2026-03-18 14:30:00+00:00,2026-03-18 Wed 10:30,2026-03-18,6.156,-1.5,3.824,7.656,1.7501338670802795,ok,ok,-5.436,-1.6,-3.836,-1.540174529050262,-2.527,-1.5,-1.0270000000000001,-0.43843069776474053,2026-03-17 20:30:00,6.6,-0.6,7.199999999999999,True
2026-03-25 14:30:00+00:00,2026-03-25 Wed 10:30,2026-03-25,6.926,-1.3,6.156,8.226,1.8782807604013696,ok,ok,-2.593,-2.1,-0.4929999999999999,-0.1977468299667066,3.032,-1.3,4.332,1.8503346086995425,2026-03-24 20:30:00,2.3,-1.3,3.5999999999999996,True
2026-04-01 14:30:00+00:00,2026-04-01 Wed 10:30,2026-04-01,5.451,1.8,6.926,3.651,0.8324723215596767,ok,ok,-0.586,-1.9,1.314,0.527367452833753,-2.111,-0.6,-1.5110000000000001,-0.6444045992617334,2026-03-31 20:30:00,10.263,-1.3,11.563,True
2026-04-08 14:30:00+00:00,2026-04-08 Wed 10:30,2026-04-08,3.081,-1.0,5.451,4.0809999999999995,0.9307409731999263,ok,ok,-1.589,-1.4,-0.18900000000000006,-0.0758915816648932,-3.144,-1.5,-1.6440000000000001,-0.7013541283128721,2026-04-07 20:30:00,3.719,,,True
2026-04-15 14:30:00+00:00,2026-04-15 Wed 10:30,2026-04-15,-0.913,2.1,3.081,-3.013,-0.687263379508954,ok,ok,-6.328,-2.1,-4.228,-1.6987701101308958,-3.122,-2.4,-0.722,-0.3080953312394624,2026-04-14 20:30:00,6.1,-1.3,7.3999999999999995,True
2026-04-22 14:30:00+00:00,2026-04-22 Wed 10:30,2026-04-22,1.925,-1.9,-0.913,3.825,0.8727164340212052,ok,ok,-4.57,-1.5,-3.0700000000000003,-1.2318798092026941,-3.427,-2.5,-0.927,-0.3958212613122554,2026-04-21 20:30:00,-4.4,-1.0,-3.4000000000000004,True
2026-04-29 14:30:00+00:00,2026-04-29 Wed 10:30,2026-04-29,-6.234,0.3,1.925,-6.534,-1.4911054929522842,ok,ok,-6.075,-2.1,-3.975,-1.5943602756904949,-4.494,-2.2,-2.2939999999999996,-0.9800708807406355,2026-04-28 20:30:00,-1.79,0.3,-2.09,True
2026-05-06 14:30:00+00:00,2026-05-06 Wed 10:30,2026-05-06,-2.313,-3.4,-6.234,1.0869999999999997,0.24785280034582566,ok,ok,-2.504,-1.7,-0.804,-0.3221344788719389,-1.294,-2.0,0.706,0.30158443450412525,2026-05-05 20:30:00,-8.1,-2.8,-5.3,True
2026-05-13 14:30:00+00:00,2026-05-13 Wed 10:30,2026-05-13,-4.306,-2.0,-2.313,-2.306,-0.5261092299544564,ok,ok,-4.084,-2.85,-1.2339999999999995,-0.4946856257354427,0.19,-2.83,3.02,1.290999318007224,2026-05-12 20:30:00,-2.188,-1.65,-0.5380000000000003,True
2026-05-20 14:30:00+00:00,2026-05-20 Wed 10:30,2026-05-20,-7.863,-2.5,-4.306,-5.363,-1.224046327973036,ok,ok,-1.548,-2.1,0.552,0.2213821809802747,0.372,-1.1,1.472,0.6290662672953294,2026-05-19 20:30:00,-9.1,-3.4,-5.699999999999999,True
2026-05-28 16:00:00+00:00,2026-05-28 Thu 12:00,2026-05-28,-3.327,-3.8,-7.863,0.47299999999999986,0.10791604524245715,holiday_shift,ok,-2.572,-2.4,-0.17200000000000015,-0.06902324548642647,-2.107,-1.0,-1.1070000000000002,-0.4733411384436931,2026-05-27 20:30:00,-2.8,,,True
2026-06-03 14:30:00+00:00,2026-06-03 Wed 10:30,2026-06-03,-7.974,-2.9,-3.327,-5.074,-1.1583390623565366,ok,ok,3.364,-0.5,3.864,1.5515669607894997,1.502,-0.3,1.802,0.7708974618409766,2026-06-02 21:00:00,-6.75,-3.6,-3.15,True
2026-06-10 14:30:00+00:00,2026-06-10 Wed 10:30,2026-06-10,-7.227,-3.0,-7.974,-4.227,-0.9647087435991231,ok,ok,0.186,-0.5,0.6859999999999999,0.27524728046060354,-0.2,-0.5,0.3,0.12839435627413387,2026-06-09 20:30:00,-9.119,-3.4,-5.718999999999999,True
2026-06-17 14:30:00+00:00,2026-06-17 Wed 10:30,2026-06-17,-8.263,-3.6,-7.227,-4.663,-1.0641950396484348,ok,ok,-0.906,-1.0,0.09399999999999997,0.03773842082270392,0.951,-0.5,1.451,0.6214651899392524,2026-06-16 20:30:00,-8.33,-4.5,-3.83,True
2026-06-24 14:30:00+00:00,2026-06-24 Wed 10:30,2026-06-24,-6.088,-3.9,-8.263,-2.188,-0.49927591550396655,ok,ok,2.064,-0.6,2.664,1.0701867701547014,3.064,-0.5,3.564,1.5273080527218206,2026-06-23 20:30:00,-0.765,,,True
2026-07-01 14:30:00+00:00,2026-07-01 Wed 10:30,2026-07-01,-3.775,-2.9,-6.088,-0.875,-0.19974835937091537,ok,ok,-2.333,-0.95,-1.3830000000000002,-0.5555720116711671,2.483,-0.7,3.183,1.3630162362064453,2026-06-30 20:30:00,-6.072,-4.1,-1.9720000000000004,True
2026-07-08 14:30:00+00:00,2026-07-08 Wed 10:30,2026-07-08,2.998,-1.9,-3.775,4.898,1.118761685337172,ok,ok,-1.904,-1.6,-0.3039999999999998,-0.12216861999325654,-4.98,0.6,-5.58,-2.3884571601214946,2026-07-07 20:30:00,-0.399,-1.5,1.101,True
2026-07-15 14:30:00+00:00,2026-07-15 Wed 10:30,2026-07-15,-1.692,-1.8,2.998,0.1080000000000001,0.02466635239010737,ok,ok,-1.533,-0.8,-0.7329999999999999,-0.29474743883234705,4.556,0.1,4.456,1.8999368886850179,2026-07-14 20:30:00,-0.056,-2.7,2.644,True
2026-07-22 14:30:00+00:00,2026-07-22 Wed 10:30,2026-07-22,2.01,-2.0,-1.692,4.01,0.9163984871084347,ok,ok,0.765,-1.54,2.305,0.9273680843597539,1.395,0.83,0.5650000000000001,0.2405113581588354,2026-07-21 20:30:00,2.603,-1.5,4.103,True
2026-07-29 14:30:00+00:00,2026-07-29 Wed 10:30,2026-07-29,-7.167,0.7,2.01,-7.867,-1.7980986021950716,ok,ok,0.007,0.7,-0.693,-0.2788555374150289,1.062,0.2,0.8620000000000001,0.36720713300538604,2026-07-28 20:50:00,3.296,-2.5,5.795999999999999,True
2026-08-05 14:30:00+00:00,2026-08-05 Wed 10:30,2026-08-05,2.479,-1.5,-7.167,3.979,0.9081472754719803,ok,ok,-1.643,-1.3,-0.34299999999999997,-0.13809486378243988,-3.473,0.2,-3.673,-1.5657611211299711,2026-08-04 20:30:00,2.69,-2.0,4.6899999999999995,True
2026-08-12 14:30:00+00:00,2026-08-12 Wed 10:30,2026-08-12,17.423,-1.7,2.479,19.122999999999998,4.365215674783057,ok,ok,-0.968,-1.2,0.23199999999999998,0.09346058388644282,-0.01,-1.3,1.29,0.5491772290762953,2026-08-11 20:30:00,9.072,-0.5,9.572,True
2026-08-19 14:30:00+00:00,2026-08-19 Wed 10:30,2026-08-19,4.405,0.2,17.423,4.205,0.9500073634986353,ok,ok,0.688,-1.2,1.888,0.7610427704212326,-1.53,-0.9,-0.63,-0.268362847161951,2026-08-18 20:50:00,-0.328,,,True
2026-08-26 14:30:00+00:00,2026-08-26 Wed 10:30,2026-08-26,0.095,1.6,4.405,-1.5050000000000001,-0.34005429791363284,ok,ok,-2.536,-0.7,-1.836,-0.7403110888631995,-2.228,-1.6,-0.6280000000000001,-0.26767963449285187,2026-08-25 21:00:00,4.2,1.8,2.4000000000000004,True
2026-09-02 14:30:00+00:00,2026-09-02 Wed 10:30,2026-09-02,-4.45,-0.4,0.095,-4.05,-0.9155538364514322,ok,ok,-1.173,-1.9,0.7269999999999999,0.29320601003229446,0.796,-1.3,2.096,0.8939653617476352,2026-09-01 20:30:00,-2.6,-0.8,-1.8,True
2026-09-10 16:00:00+00:00,2026-09-10 Thu 12:00,2026-09-10,-0.391,-1.4,-4.45,1.009,0.22810541308977794,holiday_shift,ok,1.269,-1.4,2.6689999999999996,1.07705558434324,2.087,-0.7,2.787,1.189022205693358,2026-09-09 20:30:00,-0.3,-1.3,1.0,True
2026-09-16 14:30:00+00:00,2026-09-16 Wed 10:30,2026-09-16,-0.64,-1.6,-0.391,0.9600000000000001,0.2171522477899685,ok,ok,0.794,-1.0,1.794,0.7239383610063539,1.585,0.1,1.4849999999999999,0.6334743114233299,2026-09-15 20:30:00,7.14,-1.8,8.94,True
2026-09-23 14:30:00+00:00,2026-09-23 Wed 10:30,2026-09-23,2.969,-0.7,-0.64,3.6689999999999996,0.8304053840060225,ok,ok,-1.686,0.1,-1.786,-0.7209554982713916,-0.428,-0.6,0.172,0.07341135128852795,2026-09-22 20:30:00,1.786,-0.5,2.286,True
2026-09-30 14:30:00+00:00,2026-09-30 Wed 10:30,2026-09-30,0.922,-0.7,2.969,1.6219999999999999,0.36719343731524146,ok,ok,-1.684,-0.5,-1.184,-0.478060207516346,-2.251,-0.2,-2.0509999999999997,-0.8760272178143674,2026-09-29 20:30:00,1.019,-1.9,2.9189999999999996,True
