week,release,z,R0,R1,R2
2000-01-07,2000-01-12,1.0771928521073135,2.3467128061926643,6.299265008829826,9.70369977088174
2000-01-14,2000-01-20,-0.3923293918470745,1.9054676545198581,0.1347255171785713,-1.4256860624864978
2000-01-21,2000-01-27,-1.03013808953088,-10.653543134592805,0.18351996341772742,1.5673730745023804
2000-01-28,2000-02-02,-2.317562953634405,-2.7241827963229137,2.653436419123857,4.09382668301356
2000-02-04,2000-02-09,0.45293542507243834,2.3256862164267185,2.680572869421214,2.748369482187543
2000-02-11,2000-02-16,0.26723403335173135,-0.5317393718694026,-2.1556914241747087,-1.6801470497427666
2000-02-18,2000-02-24,-0.6753941429807256,0.13240650726191983,0.36321651290194734,-0.3977466297724207
2000-02-25,2000-03-01,0.32816535698299343,3.661295264751279,-0.6327132781072687,-0.7915190920124153
2000-03-03,2000-03-08,1.2465711032549398,-8.23560992991186,1.2414611140240344,1.7148721291648985
2000-03-10,2000-03-15,-0.6613889795604969,-4.680341372907301,2.0465226187570904,1.2718253937397166
2000-03-17,2000-03-22,0.5397355568317678,-2.6407756296755793,0.6940667131921029,2.1038135376398275
2000-03-24,2000-03-30,-0.5708500758045068,-3.3914050035271694,-4.643074506466245,-4.446880604020286
2000-03-31,2000-04-06,-0.19567679680394287,0.19619390244595192,-2.139542786203823,-6.477375068348666
2000-04-07,2000-04-12,0.49756737799157413,5.317402367263221,-0.7877157706150251,-0.039238768406136944
2000-04-14,2000-04-19,0.903815617538131,5.479794837622886,-0.3292485140055723,0.10950904543916659
2000-04-21,2000-04-26,1.0495765344866597,-6.734442295195272,3.3455927896304276,4.048171792071004
2000-04-28,2000-05-04,-0.578436371605366,0.8157256948982694,1.0652075008513602,3.5193183924631195
2000-05-05,2000-05-10,0.8075124140363911,-1.2730016322006172,4.010999733816545,5.3355224088186075
2000-05-12,2000-05-17,-0.1870189638936088,-1.2851039219159917,3.017325782351686,2.1549655459584716
2000-05-19,2000-05-24,0.447000391481272,4.376766923382758,1.7904987613033236,-0.4358766330955379
2000-05-26,2000-06-01,-0.9061612414229623,3.9180965682208932,0.4956230201638671,-1.0656111490729032
2000-06-02,2000-06-07,-1.46750816588494,-1.6590866416220904,1.6590866416220853,3.1257796004951413
2000-06-09,2000-06-15,-0.2480444304668967,-0.09170106098812611,-1.0761056956298147,-3.516777533330749
2000-06-16,2000-06-21,-0.5684323945552915,1.7089308111045791,3.16000546874021,3.2751465292444015
2000-06-23,2000-06-28,0.5471995060968741,-0.4697049499869156,2.6940784031186626,1.8040924765309674
2000-06-30,2000-07-06,-0.69586983497609,-7.188148552846461,0.23159646414624455,-2.278155476389939
2000-07-07,2000-07-12,0.007459044839487359,2.7737784965538195,3.465933963016895,1.212136053234482
2000-07-14,2000-07-19,0.4023927422694707,-2.6651323601677874,-0.5157974040268425,-8.520068171380492
2000-07-21,2000-07-27,0.6254567078690699,1.1408323374507452,0.035442141076298186,-1.2843558640611852
2000-07-28,2000-08-02,-2.164211150924874,1.4968205332205948,2.273222558506504,5.739420728598345
2000-08-04,2000-08-09,0.890262861019444,3.7563101575648523,2.310172690303571,2.0847660580765877
2000-08-11,2000-08-17,0.5093510602504356,1.4216003112538123,0.2819109149735854,1.6796662385515915
2000-08-18,2000-08-23,-0.4940826166179539,-0.03201536764979885,6.747608507367782,8.52754277241169
2000-08-25,2000-08-30,0.4166588983721888,1.5762678588774188,-0.48236451683422044,0.5099756065384581
2000-09-01,2000-09-07,0.8164721599971796,0.5987188234127698,-4.5356611328942575,-0.11376565504609075
2000-09-08,2000-09-13,1.0173390756480023,-1.1156897878554082,1.4654424032062126,5.7371624714510885
2000-09-15,2000-09-20,-0.5115096462232458,0.7010004440621204,-9.520271647608201,-13.069516367178569
2000-09-22,2000-09-28,0.6598883668462875,-4.901045274836009,1.9958130153857958,5.152459612169256
2000-09-29,2000-10-04,0.5373938417868858,-3.0271548337877503,-0.16189092090101653,3.4030951261783295
2000-10-06,2000-10-13,0.42042206951920585,5.165467486489172,-5.225726602503637,-4.684697329678878
2000-10-13,2000-10-18,-1.2584685658551884,0.4486324258672885,2.3592955121139476,2.9984609652682064
2000-10-20,2000-10-25,0.1651019600436686,-2.670738342143155,0.38592893380694465,-2.530255466478579
2000-10-27,2000-11-01,-0.8268504287606825,1.3365934095209182,-1.673551914894658,-1.5815414805549155
2000-11-03,2000-11-08,-1.448139625648304,-1.5672412407631695,2.8449291020811165,3.374965678665218
2000-11-10,2000-11-15,0.6673450924753916,2.334293293435585,-1.9892670742203091,0.2248455135010265
2000-11-17,2000-11-22,1.1175080654391685,1.4525395048666034,0.4979263399607364,-5.823563080745545
2000-11-24,2000-11-29,-0.2919540935364813,1.6326893287428665,-2.845183851813007,-7.566633307373745
2000-12-01,2000-12-06,0.7484102423110108,3.328597763346676,-2.9532347565017387,-6.595045218752397
2000-12-08,2000-12-14,0.012791508826321267,-6.049883301566519,2.8111478671409906,5.072292505795696
2000-12-15,2000-12-20,0.3349050753173826,-12.741516560708662,0.8864964588949937,2.7493140580198707
2000-12-22,2000-12-28,0.40068428134211453,-2.78803622694514,3.4262963249948397,5.537094930175059
2000-12-29,2001-01-04,0.2937908729187009,0.071581964402282,0.2501341307752728,-1.8415396743423609
2001-01-05,2001-01-10,0.2218480137254025,5.95205408515891,0.0,2.1853281827146156
2001-01-12,2001-01-18,-0.6879960787083327,2.159911180346194,5.4378602247413905,5.717667651196056
2001-01-19,2001-01-24,-0.9638343940600494,-0.6337156822734289,0.4756628597394519,-7.729167430164652
2001-01-26,2001-01-31,-0.9167360282986234,-1.7319449200180421,4.30835861363117,8.855339734144502
2001-02-02,2001-02-07,0.370494008119936,3.250204843612259,0.9548131100150351,-1.093258477277164
2001-02-09,2001-02-14,0.8355101176568747,-1.9105659079585606,-2.016817633459159,-1.1230337529553882
2001-02-16,2001-02-22,-3.0978728606276005,-0.4198746546349716,1.0810916104215675,-0.8804423840596219
2001-02-23,2001-02-28,0.6600517594776191,-3.2730848388391203,1.5599808458207485,1.9551672771407391
2001-03-02,2001-03-07,-0.512996076698683,1.9181058851843815,-2.235510489519604,-3.4437696805135904
2001-03-09,2001-03-14,1.0826863539662805,-3.559886467156139,0.2639021324254776,0.7146917763444722
2001-03-16,2001-03-21,1.309907617531723,1.6787879962799088,-0.9122070096577192,3.275320686941573
2001-03-23,2001-03-28,2.264912097034106,-4.404041936494831,0.1512287622812106,-0.22727282510024552
2001-03-30,2001-04-04,0.13151102529165062,1.8956152078641881,0.2941178590816229,-0.3319199064285551
2001-04-06,2001-04-11,0.47750321731764056,-0.1757778620991477,1.154464457440486,1.362942642748245
2001-04-13,2001-04-18,0.904038158658509,-0.21536261015982247,0.3228702356372475,-3.1389438386160817
2001-04-20,2001-04-25,-0.5225714786882721,2.6970561877560715,8.922643062318805,9.380148699320195
2001-04-27,2001-05-02,1.601392316977185,-1.7064047181362445,2.72342207606281,-1.9551672771407382
2001-05-04,2001-05-09,-0.3809723668491938,3.7320441616889597,0.3867116789724929,0.7020035849340568
2001-05-11,2001-05-16,0.3541244963747059,-0.450841755492989,0.8652069892585345,3.8525302833184263
2001-05-18,2001-05-23,0.7889861507089819,-3.07191390375302,-3.097748574024031,-2.7052413796498285
2001-05-25,2001-05-31,-0.1959362130331796,-1.1208523648092799,-0.8844918798636872,-2.967152433942204
2001-06-01,2001-06-06,-0.11251504550360002,-2.082660554078529,1.2619601402772957,3.1079479517450563
2001-06-08,2001-06-13,-1.8441724775912975,-1.104602187490618,1.0702674232048257,-1.0116953550341878
2001-06-15,2001-06-20,0.5064252460420455,-3.5923136859492493,1.2366655637212112,1.8678167214390973
2001-06-22,2001-06-27,0.12497326733389497,-4.940214226858948,0.31116322266959445,2.690400548214626
2001-06-29,2001-07-05,-1.1863643619227986,2.9617910009800035,3.734347271349031,2.0476035309115312
2001-07-06,2001-07-11,-1.1654357978420278,-0.5525893597110145,-0.8160282671336073,-1.8643343854487724
2001-07-13,2001-07-18,2.2566295511861565,-5.408857259566019,4.0546094394350005,4.869356914400064
2001-07-20,2001-07-26,0.576723306547717,2.1164811192043116,0.893527910581287,-0.5249355886143567
2001-07-27,2001-08-01,0.6517804492543149,0.48570990313288703,3.7671303914126826,2.5028910498950445
2001-08-03,2001-08-08,-1.423281128642609,-1.971743390713518,0.36140263405563744,1.7940918961318073
2001-08-10,2001-08-15,-0.995976937564726,-2.122000140321687,-0.14550748293007695,-3.1760424324629786
2001-08-17,2001-08-22,-0.6333381867694207,-2.758795651882894,-5.834988306227673,4.21608108242779
2001-08-24,2001-08-29,0.6367298259675441,-0.3319199064285551,-1.5636953014356352,-1.5636953014356352
2001-08-31,2001-09-06,-0.05208672938414361,1.8692133012152545,1.6207810226853303,0.43478329361034224
2001-09-07,2001-09-12,1.3340053593219807,-0.036172906887453345,3.344317360225214,6.817246751264919
2001-09-14,2001-09-19,-0.012514425752547641,-3.9609138095045826,-0.487531436317422,-21.95957929482752
2001-09-21,2001-09-27,1.5640509645799159,5.267929599542766,2.7683428748416867,1.3937507843781678
2001-09-28,2001-10-03,0.38766991665661626,-2.3624900859136764,2.3624900859136724,0.6743113884890101
2001-10-05,2001-10-11,-0.05623508664674843,4.083973272213391,-4.3504032699597115,-4.885402316878304
2001-10-12,2001-10-17,-1.070305964023229,-0.5466984003598814,-2.5915379051512453,0.4557893031898183
2001-10-19,2001-10-24,0.2601655300899549,3.3274788884872133,-1.1428695823622743,0.3176766910329171
2001-10-26,2001-10-31,0.22881548013918046,-2.9283988883885668,-3.504078200476863,-4.6340337258701965
2001-11-02,2001-11-08,0.05970925781878583,6.224663435188784,4.696995939951401,0.2354604337210835
2001-11-09,2001-11-15,0.12761163870582387,-20.863886511132804,3.3158418477735485,1.3621095951964917
2001-11-16,2001-11-21,-0.4634541148269978,3.5441140046107664,1.672550453993053,6.273466448044393
2001-11-23,2001-11-28,-0.7648976895759533,-1.0272303989080374,0.46355993389544115,4.5416483045003995
2001-11-30,2001-12-05,1.0797680437556922,-0.4576667027411755,-4.856083266974557,-2.7908788117076733
2001-12-07,2001-12-13,0.22203002808094133,0.8830079448271996,5.76466950996499,6.282001237987051
2001-12-14,2001-12-19,-0.1670365353787104,-0.05161290437155219,-3.680751986527328,-0.36203815080646873
2001-12-21,2001-12-27,1.1396050774545028,-1.179537148154618,-3.1335415079578146,-5.411995693277976
2001-12-28,2002-01-04,-0.19035785595897162,1.5962780262724303,-0.23315468710867673,-5.50509891804084
2002-01-04,2002-01-09,0.6982036171416541,-5.271944230932161,0.7843177461025879,-3.2510990309313383
2002-01-11,2002-01-16,-0.02231639804481806,-0.1581027997318596,-4.090990274412615,-5.0849244646684015
2002-01-18,2002-01-24,0.2190020585984475,2.430944635540064,1.1684156292504777,-1.3892685497144954
2002-01-25,2002-01-30,0.5456288513028003,-0.9893337658658211,3.091436291244715,6.532314259798894
2002-02-01,2002-02-06,-0.05320982303183468,-3.1369263667645164,-0.1012145835394629,2.3989156370022577
2002-02-08,2002-02-13,0.3878897450351968,2.0501313982519727,0.0,1.31272396104819
2002-02-15,2002-02-21,-0.6360540648977312,2.4320264813249834,0.5271998791179303,-2.777279598627826
2002-02-22,2002-02-27,-0.763544192676749,5.573007760854111,1.7601195477008822,4.432985347423264
2002-03-01,2002-03-07,1.2113830368635163,1.880397285761064,1.0528629581522524,3.0848632072479982
2002-03-08,2002-03-13,-0.7619550387092033,-0.9072227172310765,1.398624197473987,1.3577661785194781
2002-03-15,2002-03-20,0.28203383117097064,-0.4004811119512588,3.2375508248728027,2.5357935590081473
2002-03-22,2002-03-27,-2.1633931812143734,0.1552192783508328,1.6154197442061728,3.916105796027902
2002-03-29,2002-04-03,1.053581675120166,-0.7233304593519949,-3.3588689926735076,-4.986151826360853
2002-04-05,2002-04-10,-0.4571349762870492,2.7133447514400046,-4.777729297546536,-10.642332795895362
2002-04-12,2002-04-17,-2.2699341498923986,4.011548496904551,-0.30888055445864787,1.8713549727899959
2002-04-19,2002-04-24,0.06371541211967055,0.0,0.30395160178965963,3.146326945578511
2002-04-26,2002-05-01,0.9438692381336056,-2.745998141749017,-1.0209958232897867,0.63754200569163
2002-05-03,2002-05-08,-1.6546978477657621,3.5567452082086426,0.07202016875939114,0.5747142255568072
2002-05-10,2002-05-15,-1.4980229014403463,-3.488320199134884,-0.6053071713077411,0.07097232377399097
2002-05-17,2002-05-22,0.7689832400526818,-1.2509361063465996,-1.529595201687086,-1.191820438809145
2002-05-24,2002-05-30,-0.012920069453826967,-1.2033839563723452,2.3530497410194036,1.2830969936741727
2002-05-31,2002-06-05,1.5422726200454722,-1.1919092237210425,-1.2062872449275095,-3.1671343837651413
2002-06-07,2002-06-12,0.15950602545561796,2.367457509713199,2.9805504557294076,4.380262265839284
2002-06-14,2002-06-21,0.4775509628472334,-1.8256479088733437,2.133103954297883,4.446880604020293
2002-06-21,2002-06-26,-0.6833650337714503,2.3137766497223966,0.3742519338338053,0.4489345362594334
2002-06-28,2002-07-03,0.9344152112414302,-0.03727865840001984,-2.568116965745659,-2.4916351264534553
2002-07-05,2002-07-10,-1.297237306739071,2.155500356182969,1.0420637653696525,2.767193720332094
2002-07-12,2002-07-18,-0.3862353167355171,-0.6524126076943239,1.1928570865273813,-3.2898919682927805
2002-07-19,2002-07-24,-0.9229785888569488,0.636825527342872,-0.4116002069103528,-0.8625592575078578
2002-07-26,2002-07-31,0.5636493123646104,-1.50599724174591,-1.9055312231118549,-0.5566909904652834
2002-08-02,2002-08-07,-0.14769704203086784,-2.2322355437898382,0.33802849088236914,1.0851369342300754
2002-08-09,2002-08-14,-2.0747914683594084,-0.5659725047739851,2.79836378075428,3.6570329755556368
2002-08-16,2002-08-21,1.3492418861436364,0.8265876125964564,-0.8597936564014953,-1.2591286296739734
2002-08-23,2002-08-28,0.41120552068621813,-1.8548213292940086,1.8201412526502476,2.304571265745082
2002-08-30,2002-09-05,-0.8869247327533557,2.720781711376474,1.5366530812711257,2.514573536922203
2002-09-06,2002-09-11,-0.3174807797114097,0.5051366188032225,-2.793097100868077,0.20134234989721034
2002-09-13,2002-09-18,-1.292978713749747,1.67096811990674,-0.2709111037200986,0.2701791579348511
2002-09-20,2002-09-25,0.09278120588810904,-0.3253093304764085,-1.245917756193316,-0.5227061884858286
2002-09-27,2002-10-02,-2.8672047207326252,-0.39151762899189213,-2.8516521152805763,-3.1211032719077707
2002-10-04,2002-10-09,-1.2021083276058189,-0.8493341357199974,-1.201318720528537,0.17044490235138837
2002-10-11,2002-10-17,2.285003008391625,1.1207453020389069,-0.1690046033498916,-4.489704298969167
2002-10-18,2002-10-23,1.3969797999665023,0.926592516893574,-1.1416463632164346,-3.9802649029017485
2002-10-25,2002-10-30,-0.4187023478442498,0.14908687070057744,1.221558776812389,0.7051430219889475
2002-11-01,2002-11-06,0.23797284307104047,-1.3132672327280417,-1.4095769800393414,0.42677077383304096
2002-11-08,2002-11-14,-1.752021645360869,-3.062848449512971,0.3929278139889557,5.028885309737868
2002-11-15,2002-11-20,0.8740043306348023,2.209413969528825,0.25892376218808494,2.667799362335753
2002-11-22,2002-11-27,-1.0303952712989057,1.009920683974642,1.477677423009724,1.7340408668403517
2002-11-29,2002-12-04,0.5996093821880839,-1.9948943778992505,1.7385309340686166,0.8545472771545262
2002-12-06,2002-12-11,1.2221851241070347,-0.8692557450532367,2.549967576691368,3.2214668307725485
2002-12-13,2002-12-18,-0.9294098554971604,1.2241674793339248,0.5247634213469773,5.377295343249242
2002-12-20,2002-12-26,0.24664517579003978,1.4828816673460623,0.21442801905742778,-3.7492676250672563
2002-12-27,2003-01-02,-1.6780829418437575,2.4059406789061955,3.9557510693031555,0.9959621698433877
2003-01-03,2003-01-08,0.1474046116063162,-1.7459221371768543,4.1213307379875666,2.9881741370325785
2003-01-10,2003-01-15,-1.6601385847706907,3.522029936818919,1.0477569282891859,1.9371787417350874
2003-01-17,2003-01-23,-0.2836151710978573,-1.2313260233357013,3.1361455204051354,-4.433109406717795
2003-01-24,2003-01-29,-0.046453624142693516,3.365483607583618,-0.08948546458438218,0.2084885341951608
2003-01-31,2003-02-05,-0.1783820421766729,0.8886314400532758,3.3065657343051855,1.6089274962236544
2003-02-07,2003-02-13,-1.2844231793848393,3.330865791334251,0.6801821897670113,-0.4926118336055889
2003-02-14,2003-02-20,1.2949237331854042,-1.172794023372594,0.8468839032819055,2.2783735736062267
2003-02-21,2003-02-26,-0.28193122724818004,1.7807779550997782,-3.2122676254240874,-2.9406021500049984
2003-02-28,2003-03-05,0.03925683865569338,0.27166547541908603,0.9450590116853942,2.4123389035622744
2003-03-07,2003-03-12,-1.6580659598255294,2.8389694522773645,-23.262858246142752,-33.16778331907058
2003-03-14,2003-03-19,-0.3811728540968631,-23.262858246142752,-9.90492507292781,-1.6801470497427666
2003-04-04,2003-04-10,-1.39304234392584,-2.7915533911916692,7.981643773253272,6.958093383850573
2003-04-11,2003-04-16,-0.37748481273670137,-1.0235503894026863,3.1727264614372737,-3.9165844974068067
2003-04-18,2003-04-23,1.9070626345595325,-7.0893109588440755,-1.871904910124647,-7.861719068231536
2003-04-25,2003-05-01,0.16488195394926866,2.842317092340057,3.35944027828421,9.023713472520482
2003-05-02,2003-05-08,-0.06374990026096505,3.35944027828421,5.664273194236262,7.609454358856656
2003-05-09,2003-05-16,-0.5998189483818194,1.9451811646203934,0.753944626885747,1.502247438406354
2003-05-16,2003-05-21,-0.7375901138878327,0.7483028115206031,-1.4334716447737788,-3.6229596293141757
2003-05-23,2003-05-29,0.8801144881225009,2.3955320134794897,6.988441219682924,7.307828268570564
2003-05-30,2003-06-06,0.6660417539533501,6.988441219682924,0.3193870488876415,1.4608071773316649
2003-06-13,2003-06-19,1.5856002933908009,-4.004473338840236,2.5460128733639604,1.1984164733549274
2003-06-20,2003-06-25,-0.7216773618704737,5.187548760896856,-8.847733680892611,-4.8553225416990795
2003-07-04,2003-07-10,0.23467346924579585,3.1416196233378915,1.7880425277848584,0.5141399500418652
2003-07-11,2003-07-16,-0.8422228525894161,-1.2739025777429827,0.7662872745569097,1.4951765735111922
2003-07-18,2003-07-23,-0.5180622556843526,-4.984850740833865,1.939255513726155,0.5956337927501965
2003-08-01,2003-08-06,1.2712616399304297,-0.09438415047064241,1.9944568872031239,1.437524754592161
2003-08-08,2003-08-13,0.42669650416855676,-3.3782689938755257,0.5172982760960769,-0.2921605713953562
2003-08-15,2003-08-21,0.12627426992007726,3.2622016471126747,-0.4415018209116831,-1.1074310299093777
2003-08-22,2003-08-29,0.020096724704767196,-0.7840717602836565,-7.144730251454921,-9.33285173908913
2003-08-29,2003-09-05,0.9085371292345035,-2.1881214876342105,-0.2769126033935051,1.6455633577859952
2003-09-05,2003-09-10,-0.23079121507237596,1.9224759611794973,-1.887819922017891,-3.988737530952218
2003-09-12,2003-09-17,1.3860647071045193,-2.197890671877534,0.0,4.313043912169219
2003-09-19,2003-09-24,1.1027796185361172,4.313043912169219,0.35410801874544795,0.5659725047739954
2003-09-26,2003-10-01,0.2323847488436568,3.7387532071620195,5.1004431739729945,8.403379173639024
2003-10-03,2003-10-09,1.732086248051251,5.1004431739729945,3.3029359996660212,2.9900446305040815
2003-10-10,2003-10-16,0.46247466573114987,-1.2614484520968903,-4.910757410702794,-3.882726469947151
2003-10-17,2003-10-22,-1.309568041871235,-4.910757410702794,1.028030940755638,-0.033338890123772946
2003-10-24,2003-10-29,0.4666002347184766,-2.119012984538161,0.9967430862573525,5.966917212338901
2003-10-31,2003-11-07,-0.5171644534698498,4.970174126081559,0.9070356969964279,1.5499180140294853
2003-11-07,2003-11-14,-0.0014731782950711033,3.4638223553718936,-0.15487071393441976,-7.4512787075489335
2003-11-14,2003-11-21,0.5663244450727642,-0.15487071393441976,-7.2964079936145065,-7.196424649174689
2003-11-21,2003-11-26,-0.9550619281301816,1.0273495495173888,0.918943125683152,2.9562003270995536
2003-11-28,2003-12-03,-1.4657216788606118,0.918943125683152,2.0372572014163994,3.562064380932617
2003-12-05,2003-12-10,-0.8360640107815229,0.6285375814960957,0.28155814001635,3.509131981127019
2003-12-12,2003-12-19,-1.558721672236134,-0.3954377776483881,-3.410125842275439,-2.406038335194347
2003-12-19,2003-12-24,0.26181161368267486,2.9531521619423367,-1.4656750924676256,0.0606060624611449
2004-01-09,2004-01-14,-1.1214951175164718,3.169279335300039,-2.9607908011048836,2.594586028487267
2004-01-16,2004-01-22,0.11100105862053843,-1.16066412660199,-0.5138464061005371,-2.042354895752689
2004-01-23,2004-01-28,0.012094314143561383,-2.292869405721063,1.1530061215537415,1.680711831638119
2004-01-30,2004-02-04,1.5794388183189083,-3.390155167568134,0.6031381371903455,-1.7391742711869222
2004-02-06,2004-02-13,-0.7857470700718358,4.747257415466354,2.602749524477545,3.6698756296742463
2004-02-13,2004-02-20,1.77724840289632,1.0671261051967111,-0.13976242666378616,0.13956736389747557
2004-02-20,2004-02-27,0.18082355137219325,0.6395128148793461,1.430954521289765,3.3522692038643642
2004-02-27,2004-03-05,-0.05224157518204522,1.9213146825745966,-2.1127546425875394,-0.969573983885565
2004-03-05,2004-03-11,0.5286135784865686,1.143180658701978,-2.0230323616661057,1.3174004215180386
2004-03-12,2004-03-17,-0.24282268090984602,2.035760984941732,-1.0523643555967028,-2.8941353540808867
2004-03-19,2004-03-24,1.236615353073613,-2.003539704562772,-3.8228221486413534,-2.486127225244015
2004-04-02,2004-04-08,-0.6634390568746457,7.984078944973073,-1.4100016678195118,1.6025984015844394
2004-04-09,2004-04-14,0.667463248535483,-1.4100016678195118,3.0126000694039656,2.667543323588039
2004-04-16,2004-04-21,-0.5113379828924696,-2.6948545350100206,2.933866732182023,1.6524824081959808
2004-04-23,2004-04-29,0.45243225909026313,0.02667022285444728,5.675833381860889,4.967865823054713
2004-04-30,2004-05-05,0.2136944642674636,5.675833381860889,-0.7079675588061688,0.728006227727999
2004-05-07,2004-05-14,0.43648967892418644,2.741238701480097,0.2652201675224059,-2.691623220432494
2004-05-14,2004-05-21,-0.672149643496364,-1.222722656956033,5.376325182347257,3.9867484387751144
2004-05-21,2004-05-26,0.42315841093238327,-2.0719814973617097,-3.3816622379269563,-1.7391742711869222
2004-05-28,2004-06-03,0.2894627092166718,-1.6908920209984413,-1.4613771161992135,-5.519905127707042
2004-06-04,2004-06-09,0.9106122011264454,1.123306810255101,2.235464555580427,-0.05320564105297002
2004-06-11,2004-06-16,0.4622089651248395,0.40263106331944865,3.1120654900324953,0.9597514352551578
2004-06-18,2004-06-23,1.1095871622439204,-1.4537060545706608,0.6633963562779369,-5.359401648207744
2004-06-25,2004-06-30,0.2503904261302901,3.640777177666674,4.346206010769341,3.85224946242094
2004-07-02,2004-07-08,0.16529444626679107,2.744036234696822,-2.438225598814741,-1.8041080649700052
2004-07-09,2004-07-14,-0.6399576774296386,3.5518448597090786,0.2923978691435282,1.3813378490703598
2004-07-16,2004-07-21,-0.4379316533225991,-0.564487938984059,2.1427652065311924,2.886798400085205
2004-07-23,2004-07-28,1.14679149251303,3.228383857555083,-0.28070193869841087,2.103394315148309
2004-07-30,2004-08-05,-0.1444354184863928,0.5874395564487878,-0.9961594714757848,1.053231024611845
2004-08-06,2004-08-11,-0.6617583726413999,0.4706945819080691,1.7730960971231877,4.13942815378059
2004-08-13,2004-08-18,0.2825171449140383,1.296373484105414,2.707934677962633,0.5054770661624054
2004-08-20,2004-08-25,-0.7320028801120156,-4.134205091703694,-1.7724022494500766,-3.5058726880673854
2004-08-27,2004-09-01,-0.7711543581240788,3.855563475429053,0.34118081543366463,-1.6309078613481323
2004-09-03,2004-09-09,0.3227842067744939,3.0785694246949777,-1.516037634386891,0.20190696707753616
2004-09-10,2004-09-15,-1.5761875403071732,-1.7863674573668598,0.4552705336944748,5.547118499783924
2004-09-17,2004-09-22,-2.2513535400164604,4.391670452304586,-0.0826617116711087,0.9252661877991505
2004-09-24,2004-09-29,1.2908300097627943,-0.4632901830777583,0.06055101607954839,0.6439949807700937
2004-10-01,2004-10-06,0.5532713782796184,1.7465998049005615,1.1096344963010956,2.695171675280509
2004-10-08,2004-10-15,0.7195145995368847,1.8943095178345033,-2.3968699055038893,-2.9770156329664124
2004-10-15,2004-10-21,-0.23436549716981406,2.2823144844055827,1.8359145122359655,3.35529310172942
2004-10-22,2004-10-27,0.5470570923026253,-7.074305265888809,-3.034928976586164,-1.4190075111203908
2004-10-29,2004-11-03,1.305344610845536,2.587208982559518,-4.213261069737562,-2.4864533065295493
2004-11-05,2004-11-10,0.6939335781729973,2.7056801387513296,-2.4949319047948615,-2.916873459065692
2004-11-12,2004-11-17,-0.2697557462516674,1.6138058681828296,-1.180904759224292,4.282638779639506
2004-11-19,2004-11-24,0.8798629769411059,0.8173318895972774,1.1532753013548138,0.04069176048008657
2004-11-26,2004-12-01,0.0,-7.6050146118852595,-5.064658335244611,-6.81152935455924
2004-12-03,2004-12-08,0.9453525824498342,1.0782421463149068,1.0667399958402868,-3.0243021013209
2004-12-10,2004-12-15,0.2093369640668262,5.701206426376853,-0.11316058693121134,4.6406912654508705
2004-12-17,2004-12-22,0.3778029595593702,-3.8084994689353975,-4.31421262459412,-6.543184473908278
2004-12-24,2004-12-29,0.7526289053539312,4.4701486834924635,-0.7581885831953713,-3.5647338730237608
2005-01-07,2005-01-13,-0.7092630859881289,5.2267414609713,0.6216348240240502,0.7248659677017272
2005-01-14,2005-01-20,1.4960174209060733,-1.2682478170388292,2.7278233530276252,3.3468926021325096
2005-01-21,2005-01-26,0.7941152550869762,-1.2827214459766523,0.0,-3.439630377963502
2005-01-28,2005-02-02,0.546857192912563,-0.9600073729019342,-0.5373468061143235,-0.42964620335052284
2005-02-04,2005-02-09,-1.2976455643256286,0.11007155761857147,3.4598045407900715,3.672118845597853
2005-02-11,2005-02-16,0.6573679641045428,2.1955926401416184,0.20661164374719088,6.757166211612034
2005-02-18,2005-02-24,0.5503215133977527,0.6166911045554276,0.28776998276151955,-0.732745276188459
2005-02-25,2005-03-02,0.6503559002189896,2.5414571253028484,1.1257154524634467,1.3121087962697275
2005-03-04,2005-03-09,0.25899886604636435,0.3659656417530352,-2.2721952876637164,-0.6413214834713269
2005-03-11,2005-03-17,0.2598962418637218,2.6955809988528294,0.7067167223092353,0.5305052229693319
2005-03-18,2005-03-23,0.4893182687548565,-12.390090743906638,8.95370135294337,9.322977991191765
2005-03-25,2005-03-30,0.484279378887869,-0.5544275891230452,2.4710692667031573,3.406832798271383
2005-04-01,2005-04-06,-0.4068274211101256,0.08951750664921558,-3.1263905784741635,-4.427282367798816
2005-04-08,2005-04-13,0.8672336129935636,-2.6143995177604813,1.7765962733573983,0.615508743567624
2005-04-15,2005-04-20,-0.9701414861978361,3.749103736001582,0.07623404219022413,3.2082293761713268
2005-04-22,2005-04-27,0.6762694970228278,-5.602221608425529,1.0649727916658147,-4.316072098091399
2005-04-29,2005-05-04,0.04090947885161428,1.242251999855711,1.7762456339840467,3.5599299914865483
2005-05-06,2005-05-11,0.6982236614427122,-2.6824907500138293,-3.1447864618937884,-3.5346505034595124
2005-05-13,2005-05-18,1.3348546613592198,-3.451142454318718,0.021278859533419504,3.533345500460202
2005-05-20,2005-05-25,-0.9021672356950162,2.4722392664526,1.0270680843182283,2.5094435808088495
2005-05-27,2005-06-02,0.7610306177505904,-1.743044315112394,1.8532776534840514,0.7082974625699501
2005-06-03,2005-06-08,-1.287967621154746,-2.501305768670458,3.462496163317507,5.483870641737522
2005-06-10,2005-06-15,0.3144135419267731,0.9044924181848448,1.6963177931470685,5.039247458066544
2005-06-17,2005-06-22,-0.3722412697213645,-0.2228508679198463,1.634078913389079,2.3071421980031785
2005-06-24,2005-06-29,0.5549000453192569,-1.8866851279391825,-1.0539356295297229,3.23218784152672
2005-07-01,2005-07-07,-0.5490501700467828,-0.7868893061911001,-2.5503507438698336,-0.44536156087491857
2005-07-08,2005-07-13,-0.7066229950477789,-0.8133499896722172,-3.683689005197381,-4.919024419077179
2005-07-15,2005-07-20,-0.1740391113482484,-1.5392992405815946,1.0171957225170423,1.7820178063427097
2005-07-22,2005-07-27,-0.17584556513545277,0.11847339965749479,1.3274159455887269,3.9630486580330664
2005-07-29,2005-08-03,0.6666775888614194,-1.8103731815325281,1.3730192811902038,2.7274417919659304
2005-08-05,2005-08-10,1.0668063403791141,2.610951097869463,1.333659684465228,2.1525905578525713
2005-08-12,2005-08-17,0.6407157942168457,-4.359268255827272,0.28400145311648023,3.371193028582035
2005-08-19,2005-08-24,0.9416348231022011,1.941224150960826,0.2827593222590799,-1.577201300930176
2005-08-26,2005-08-31,-0.5808528562758648,1.7936382055195699,1.2596995650203213,-4.165409544075787
2005-09-02,2005-09-08,-1.3993932369294735,0.6502577487566847,-2.3578264571015026,-2.5317807984289784
2005-09-09,2005-09-14,-1.1791064323145626,3.1471673558668187,-0.8626054719767391,-3.5754335350669075
2005-09-16,2005-09-21,0.5814998547223362,-0.37266198006546675,0.16414239304259898,-3.479801072271834
2005-09-23,2005-09-28,-0.24487197305710265,2.1630698647543847,-0.22629563854891255,-1.5184014770496272
2005-09-30,2005-10-06,0.1456726323836017,-3.0747145318008404,0.0,3.2314789470371403
2005-10-07,2005-10-13,0.15140902264181028,-1.6984210749843,1.9009291276783986,-0.17461707746677507
2005-10-14,2005-10-19,1.0734629303331829,-1.327488506504913,-2.411718648757223,1.1525659843644125
2005-10-21,2005-10-26,0.5781307855704488,-3.202084698131947,0.2953727122867384,0.7368023508629482
2005-10-28,2005-11-03,0.228342055397523,3.044249890736003,-1.7989037836073343,-3.7989704542742984
2005-11-04,2005-11-09,0.5345335643616189,-0.08378718546313053,-3.757914424916037,-3.4971580842079555
2005-11-11,2005-11-16,-0.32244887284354656,0.4330885937839928,-2.893669674004021,-2.715891849404099
2005-11-18,2005-11-23,-0.6223810998530585,0.0857265376118367,-3.292693590722178,-1.7635311812273669
2005-11-25,2005-11-30,-0.49191088951100914,1.5291624094947975,1.9518712762808512,3.3953878930343877
2005-12-02,2005-12-09,0.46965581184491134,-0.9215110866746997,3.2295594691350624,3.2295594691350624
2005-12-09,2005-12-14,0.747971943610252,-0.8182012590175742,-1.4064929467403553,-4.796073499085207
2005-12-16,2005-12-21,0.570524631141303,1.2890098558671494,-0.8230499136515591,2.1121001403409614
2005-12-23,2005-12-29,-0.2878081919745117,0.7495662645689513,4.6210701893992905,5.095304400978501
2005-12-30,2006-01-05,0.6956180877385192,-0.9507281245650768,1.1870045202225807,0.9507281245650749
2006-01-06,2006-01-11,-0.6017066314697762,0.7854265950250131,-0.07826563755544548,3.7618621660053404
2006-01-13,2006-01-19,1.187942133549804,1.658913024402793,1.9257001529107636,1.778878808080722
2006-01-20,2006-01-25,-1.0627306386131743,-1.8576385572935419,0.3044142381228273,3.3133980745707614
2006-01-27,2006-02-01,0.7340417414114476,-1.8592042930996044,-2.893896735591345,-1.8179564451966774
2006-02-03,2006-02-08,-0.8010478208689759,-0.7966900010243142,0.23967415803246497,-0.8030881581934379
2006-02-10,2006-02-15,1.293325303243787,-3.412718148754337,1.7209166744046143,6.061441111868679
2006-02-17,2006-02-23,0.6735736034723696,-1.7085671050081062,5.742643849982178,5.59609981984886
2006-02-24,2006-03-01,0.35955177280747874,1.0374545960780945,0.7230689493145981,-0.8095899141509736
2006-03-03,2006-03-08,1.3966060393111328,-2.3855700665092594,0.7464578079045792,-0.2500626459350761
2006-03-10,2006-03-15,0.780777278611131,0.48418429000296204,2.1502779583837865,1.120728989507792
2006-03-17,2006-03-22,-1.1417721561669727,-0.6310216886898055,3.4384526811850815,6.247492411973735
2006-03-24,2006-03-29,-0.7510033943864975,0.5317141277620339,1.0550210895152612,0.10600440153687062
2006-03-31,2006-04-05,-0.7034781596901354,1.5244427735760469,0.6866723503325224,0.38869835155298593
2006-04-07,2006-04-12,0.734750310258481,-0.726958711765188,2.550019321888692,3.9344177564821585
2006-04-14,2006-04-19,-0.34553227270700637,1.1022085773795602,2.2771903065209638,-2.643201819401949
2006-04-21,2006-04-26,-0.9028573784707953,6.1540185147992785,-1.3336338602898852,0.1254268159694986
2006-04-28,2006-05-03,-0.5681667739548772,-3.213784207351761,-3.0490595207260847,-3.5353305018019214
2006-05-05,2006-05-10,0.2632536725205246,3.3829864518404884,1.1712155928511234,-0.38883537395286655
2006-05-12,2006-05-17,-0.06639824083268973,-1.0865735298778785,1.4174376740475072,-0.3063683189987435
2006-05-19,2006-05-24,-1.1929547117828192,-1.8681470212527764,2.0657476501217573,2.670233921805582
2006-05-26,2006-06-01,0.49846545680071364,-1.8512504947426174,3.668851694757315,3.35211246417529
2006-06-02,2006-06-07,-0.2149327087917319,-2.135014466915284,-0.9210125324226767,1.010393103220477
2006-06-09,2006-06-14,0.59017796466599,0.9302392662313631,0.9503311262827925,0.9073296205674755
2006-06-16,2006-06-21,0.2810746634999911,1.1049836186584936,0.7818648117797989,0.6117967435780476
2006-06-23,2006-06-28,-0.7241957763525277,0.723330459352006,1.853812099891106,2.450666828860578
2006-06-30,2006-07-06,-0.15807377070158196,-0.2663117419483773,-1.6671534287972005,-2.0202707317519466
2006-07-14,2006-07-19,0.1417930944274193,-1.472820841047983,1.6486510074003036,0.9978894917265018
2006-07-21,2006-07-26,0.6231765652572435,0.4888657210331252,0.916942778366148,-0.7069088709246606
2006-07-28,2006-08-02,-0.48806998659315487,1.628204610689036,-0.7512391179024456,-1.828592093414215
2006-08-04,2006-08-09,-0.07494146854897195,-0.013108736991969544,-2.805102498375156,-2.5223692235294455
2006-08-11,2006-08-16,0.34007076309821055,-1.812069777628363,-2.144551713947717,-0.9960101978515518
2006-08-18,2006-08-23,-0.06647832179041334,-1.5278074954320318,0.794595384485258,0.9472142139704794
2006-08-25,2006-08-30,0.7634158959849239,-0.38387763071656017,0.25608208616736505,-1.3769580723756996
2006-09-01,2006-09-07,0.2943077184135963,-0.5624644787241683,-1.6009917780751746,-2.9371792862330617
2006-09-08,2006-09-13,0.12706356116466686,0.43784276358799545,-1.2877062357342506,-1.240301636600508
2006-09-15,2006-09-21,-0.24010588407141611,-0.24313165392859673,-3.014807027570879,-1.4384033550919089
2006-09-22,2006-09-28,0.5343713991401172,2.97365317712931,0.7019811851462349,-2.4308440476541695
2006-09-29,2006-10-04,1.3237700618885677,1.506332958690273,0.8197452846922353,0.2516568730206653
2006-10-06,2006-10-12,0.5255508880315352,1.1572803829861382,0.7868668721214535,2.8442750246805013
2006-10-13,2006-10-18,0.42110999105612285,-2.1447163323339837,1.5317397833470252,-0.5390848634876312
2006-10-20,2006-10-25,-1.7684488822337459,2.6407570189691745,1.9772762137369453,2.7705376863074602
2006-10-27,2006-11-01,-0.24702276842695842,-0.13633267278640532,0.832135225434256,2.475915947267466
2006-11-03,2006-11-09,-0.9335684914676232,3.7300361413208853,-2.5158559636154987,-4.325630516606005
2006-11-10,2006-11-15,0.8917610665251821,0.34077388574661344,-4.452135011005328,-5.040739225311014
2006-11-17,2006-11-22,1.100907392522299,-1.2663886825582782,5.13805810807495,6.243041726733453
2006-11-24,2006-11-29,0.849338881362757,2.3984296651862045,0.8292185929064503,1.5570699074218943
2006-12-01,2006-12-06,-0.7207643234037052,-0.3210275630248099,0.5451352284561478,-0.2253340724899662
2006-12-08,2006-12-13,-0.9857609302117706,0.4575171379373719,1.8414346845324878,3.3031702757074703
2006-12-15,2006-12-20,-1.5436921831768893,0.3334659699867855,-1.6463250444221482,-2.033859842365559
2006-12-22,2006-12-28,-2.842776800566638,0.13256008569144737,0.7588291113726373,0.6272717827454
2006-12-29,2007-01-04,0.6109742105106389,-4.669152751251084,1.1434821754381312,0.7697165004780748
2007-01-05,2007-01-10,-1.3327757328724659,-3.1024386017410146,-3.854624186500614,-1.8520780075390881
2007-01-12,2007-01-18,2.2200855756784046,-3.4825034590915975,2.8687692733383057,1.18088363002271
2007-01-19,2007-01-24,-0.1571602268778063,1.1683025792693762,-1.3923923088981434,2.0799874110675773
2007-01-26,2007-01-31,0.6787178438763248,1.9792312754222583,-1.4196914347290388,1.433716314640725
2007-02-02,2007-02-07,-0.6838574225239643,-1.9887506131692978,3.4213191422658973,3.5885153022649843
2007-02-09,2007-02-15,-0.2924444289318457,-1.8135655309669227,2.489472125815288,0.6882339622941738
2007-02-16,2007-02-22,0.6868937641369214,1.4706147389695488,0.0,1.8572314583013048
2007-02-23,2007-02-28,0.3799972542207851,0.6006999149127895,0.3070709483580483,-0.32425449940813256
2007-03-02,2007-03-07,-2.443457673370024,1.9427596578061839,-0.356333386434514,-2.936803628331265
2007-03-09,2007-03-14,-0.06952863569407249,0.2065760762156458,-1.0893165551882065,-1.8922533179319456
2007-03-16,2007-03-21,0.6990278622650001,1.005388131787758,5.5138122406594405,6.932041816528131
2007-03-23,2007-03-28,-1.070189420971411,1.7783142326287396,3.0568388858474678,2.8144879644419114
2007-03-30,2007-04-04,-0.10645508273329651,-0.29459669340733774,-0.21762794225955173,-4.591386989003111
2007-04-06,2007-04-11,0.1167961365006205,0.09685230781305051,2.6273304885098785,2.6273304885098785
2007-04-13,2007-04-18,-0.00035337160670468253,0.0,-2.1289319458663583,0.6629858538669582
2007-04-20,2007-04-25,-0.328872752488037,1.900698492603468,-0.38340665018219194,1.699843630659545
2007-04-27,2007-05-02,-0.48010992475849,-1.0139701568639576,-0.8660789511389771,-3.0081045830641377
2007-05-04,2007-05-09,1.8205418538179101,-1.1631795119566375,0.5024728944601193,1.3076302232149692
2007-05-11,2007-05-16,0.416634944510266,-0.9385259377169209,3.548252917663209,3.702383651012341
2007-05-18,2007-05-23,0.614914718823822,0.2922854169146216,-2.299666289352551,-0.7864949170142025
2007-05-25,2007-05-31,-0.7365034391402373,0.8628181223338188,1.6575393042579167,3.3031653482251095
2007-06-01,2007-06-06,-0.5319587009721876,0.5167184749148171,1.4447203877771422,-1.8203179491596284
2007-06-08,2007-06-13,0.49778955939052927,1.2316737472220642,2.1676609255771777,2.7868579503692996
2007-06-15,2007-06-20,1.8137792766815084,-0.9444312842587702,-0.21921820982211587,0.5096479906484119
2007-06-22,2007-06-27,0.9042626646164256,1.7549441329789552,0.9091627671880197,2.1370479830236224
2007-06-29,2007-07-05,1.356619811930544,0.5585826561207692,1.3692213080414155,0.45849333531668574
2007-07-06,2007-07-11,0.37839816116980335,-0.30265534177160003,-0.041342245472741714,1.7888099015631904
2007-07-13,2007-07-18,0.37480657412347784,1.3417617102630468,1.1528650843946968,0.6641894767719261
2007-07-20,2007-07-25,0.3761694959337014,3.16550035465127,-1.0351784543482072,1.6888533891225643
2007-07-27,2007-08-01,-1.8654652436864985,-2.210963421749085,0.4565324566581339,-1.4220121119219036
2007-08-03,2007-08-08,-1.2242633709304618,-0.027685492978603607,-0.8481107492468778,-1.0297892283995085
2007-08-10,2007-08-15,-0.7972849396067334,1.3172528556538738,-3.283980589691497,-2.010256322120837
2007-08-17,2007-08-22,0.4920639067747014,-0.27379511303783827,0.8048333182828415,2.6626475115322314
2007-08-24,2007-08-29,-1.0082305903977071,2.381228745903988,-0.20423453215285572,0.6237308356876398
2007-08-31,2007-09-06,-0.254467943934824,0.7890624843434915,0.4704661056126766,1.5467910913783933
2007-09-07,2007-09-12,-0.8750325735562329,2.1391866926494187,0.25015647817023423,-0.8931438703743142
2007-09-14,2007-09-19,-0.4182833173481449,0.5871576501720167,2.2432199661131422,1.6811183844564561
2007-09-21,2007-09-26,1.3234582297792015,-1.102110096726147,3.125829044888495,1.6425191741273129
2007-09-28,2007-10-03,0.5668776574139331,-0.03750703300830845,1.8706027014806659,1.5263682823833777
2007-10-05,2007-10-11,-0.8148170526954107,2.129681950553901,0.8154500157036728,3.7111325600003964
2007-10-12,2007-10-17,-1.167277454250608,-0.4463015933528643,2.5925491182205302,1.5816453055328497
2007-10-19,2007-10-24,-2.1255743001357463,2.1173895480614724,4.202625212336133,3.8109371911649967
2007-10-26,2007-10-31,-2.031978197189336,4.152583179026903,-0.6713222505561597,1.7371600710760735
2007-11-02,2007-11-07,-1.2070305324889987,-0.19677910135141594,-0.989746059417949,-0.10372368941551767
2007-11-09,2007-11-15,1.3110169892517904,-0.6937431100149797,1.5304794434033275,2.517053356492072
2007-11-16,2007-11-21,-1.1840700908398327,-0.5967751489642185,-0.3353491278515265,-0.9274897043833399
2007-11-23,2007-11-28,0.6835254309729675,-3.976753071000036,0.2972097515005447,-2.353574701581752
2007-11-30,2007-12-05,-2.5040981673830767,-0.9786150016099735,3.151639574837912,0.8879839769402252
2007-12-07,2007-12-12,0.08880081432903247,4.650488418038147,-2.2061293099176225,-3.3386689116176447
2007-12-14,2007-12-19,-1.5838137728774315,1.3035977799342953,-0.2527612752925892,2.2572852071796925
2007-12-21,2007-12-27,-0.798403150198366,0.7687550845627286,-0.6228609361335733,-0.7062029557508139
2007-12-28,2008-01-03,-0.2609360523104218,-0.47281411959459,-1.2888999661568963,-4.211690670604056
2008-01-04,2008-01-09,-1.2412770768665804,-0.822621393216917,-1.8147786510337678,-3.079126362680922
2008-01-11,2008-01-16,1.2350052295823604,-1.1715248676127559,-0.7628139360301617,-0.27571012778252146
2008-01-18,2008-01-24,0.42179910560641964,2.623581204578267,0.4324930500838253,1.1162186955573112
2008-01-25,2008-01-30,0.9654028745585457,0.739133799786504,-0.7282245105158663,-3.6504025493263095
2008-02-01,2008-02-06,1.72744100120889,-1.3221072452365974,1.0386442740948982,5.153993675450274
2008-02-08,2008-02-13,0.3910062319288815,0.49435887891524766,2.2682477485778754,2.4253240675905987
2008-02-15,2008-02-21,0.47640060897670333,-2.2966460971231744,0.4655878855863756,0.8385157985180868
2008-02-22,2008-02-27,0.731803119435899,-1.23741724615758,2.9776174793120993,2.175186321713838
2008-02-29,2008-03-05,-1.4763613295994464,4.6342229347217785,1.0097247151425914,0.6394066733725596
2008-03-07,2008-03-12,1.5041177369357466,1.0339082904816137,0.31808087889761233,0.15462279673469603
2008-03-14,2008-03-19,-0.5048551839067854,-5.941038257615972,-0.6607739521822613,-1.5125928786627871
2008-03-21,2008-03-26,-1.0818682715684964,3.9020411944946507,1.6214798295030943,-0.22703632872100096
2008-03-28,2008-04-02,0.9321838242099575,3.801186669162425,-0.871861810213715,1.1947800006698968
2008-04-04,2008-04-09,-1.1761231245197161,2.141995032986568,-0.7422191929824203,-0.678643513078909
2008-04-11,2008-04-16,-0.7186654579553337,0.9012617333840817,0.0,1.5214678001483488
2008-04-18,2008-04-23,-0.2739265997094346,0.09226253537682265,-1.844539985281134,0.30135633052642585
2008-04-25,2008-04-30,0.5470825997242567,-1.7177908550819836,-0.9721685050900373,2.3125432870510396
2008-05-02,2008-05-07,1.2868739358209629,1.4182322642042426,0.16981365015499805,1.9078735010215644
2008-05-09,2008-05-14,-0.16787007052994668,-1.2958108047774186,0.032198342063568586,1.8268626611472563
2008-05-16,2008-05-21,-1.4794055826200643,3.1004316002325583,-2.2431841989367367,-1.065890576722002
2008-05-23,2008-05-29,-2.934304923674597,-3.3375235874058107,0.5117114098372562,0.8253141756720481
2008-05-30,2008-06-04,-1.7453269410638779,-1.6462278271719528,4.500619663581708,12.446548249388057
2008-06-06,2008-06-11,-1.0013889484353835,3.771777511045597,0.35121130708818626,-1.172277220892279
2008-06-13,2008-06-18,-1.1010477331913988,1.8852441689617572,-3.472519378660395,-1.297379247206326
2008-06-20,2008-06-25,0.3970658657194379,-1.9008745126939075,3.658363466813274,4.218307499829433
2008-06-27,2008-07-02,-0.27583385189898957,1.8820780260263354,1.0863279292307937,-1.6554811297488679
2008-07-04,2008-07-09,-1.0571431098038997,-0.13238216245315468,4.031553717845977,6.46856990022862
2008-07-11,2008-07-16,1.3482549788704863,-2.9638845825679305,-3.939008053679663,-4.318309510866937
2008-07-18,2008-07-23,0.08898845116538584,-2.805188320474776,0.7167334890191479,-0.9256318118981572
2008-07-25,2008-07-30,0.33478172937657513,3.6396867445461814,-2.048614946662008,-1.3584035388462594
2008-08-01,2008-08-06,0.5325221697154637,-0.11800405954634831,1.065401629893026,-2.6925854187158675
2008-08-08,2008-08-13,0.5542742746055637,2.497292093137988,-0.7878487572079828,-2.1794952155033576
2008-08-15,2008-08-20,2.900350595525508,0.9483692257152201,4.859221296375762,-0.8697219546538879
2008-08-22,2008-08-27,0.21566634375849128,1.5865225299976673,-2.216133476129231,-2.2420928930534556
2008-08-29,2008-09-04,0.33617755565541596,-1.2789427673958291,-1.4175374918153585,-1.5303088598422199
2008-09-05,2008-09-10,-0.42459715646275964,-0.5536951345341671,-1.6797212373310593,-1.442261939048856
2008-09-12,2008-09-17,-1.2772696763595914,6.249385928166402,0.11288420306935197,6.614801686653557
2008-09-19,2008-09-24,0.04318336888134032,-0.9408984593405199,4.305088271964757,-0.06554000515491584
2008-09-26,2008-10-01,0.849550947284475,-2.483413203773838,-4.57204633415582,-4.4974790870256065
2008-10-03,2008-10-08,2.107604583187581,-1.3845687910387838,-2.7817571144716715,-13.845854211422875
2008-10-10,2008-10-16,0.47350942046017147,-6.340982251461385,2.9498998744691045,5.9368324355613735
2008-10-17,2008-10-22,1.2718946427433846,-6.3258189010913926,0.37288431601500144,-5.4980835008129505
2008-10-24,2008-10-29,-0.3617070746744802,7.143150917961191,-2.491873155585827,0.959063050170162
2008-10-31,2008-11-05,-0.6176418599587111,-7.366014655792041,-7.440201888574682,-6.881816466638946
2008-11-07,2008-11-13,-0.1818763292339143,4.13151704761303,-1.956941833989893,-5.589819963841395
2008-11-14,2008-11-19,-0.010728262670453008,-1.4436674941622476,-9.333599258388334,-8.599501345056796
2008-11-21,2008-11-26,2.8558684048610936,8.025798299612745,1.8463187850352631,-9.394579734438988
2008-11-28,2008-12-03,0.490742375872096,-0.5541361153263729,-6.6035687495724495,-13.185356547415712
2008-12-05,2008-12-10,0.6840477732664983,2.5853378826333926,10.287483029216832,7.097080580920623
2008-12-12,2008-12-17,1.2634740911550528,-8.742619426856926,-8.952658853961506,-19.14745954122298
2008-12-19,2008-12-24,-0.48971370367374445,8.420029618024605,13.178426923582503,19.143794116782114
2008-12-26,2008-12-31,0.8453054936039117,13.545508670926107,3.4596377492879147,8.609541203134574
2009-01-02,2009-01-07,3.0702697553000045,-12.743095136847362,-2.534779793765772,-4.938683336917067
2009-01-09,2009-01-14,-0.39236297611106785,-0.9042614808028032,-5.547825579252528,-5.632583318469829
2009-01-16,2009-01-22,1.5216011350443153,-0.5418790500556692,6.382955265697106,9.395625806047828
2009-01-23,2009-01-28,1.4967577973819133,0.8840100574388327,-1.1002263578883549,-0.7401251405289215
2009-01-30,2009-02-04,1.4164661431175345,-1.4789522712823002,2.161715225971589,-0.07452490718790931
2009-02-06,2009-02-11,1.1287311293520532,-4.383443003293535,-5.433011261261296,4.62290034799186
2009-02-13,2009-02-19,-0.924565405758341,13.295435856350272,-0.6333143397022585,-5.023059503142867
2009-02-20,2009-02-25,-0.30927354140716473,6.909579979747404,3.631618133989318,-3.8433319098714924
2009-02-27,2009-03-04,-0.451546006016667,8.54866806303814,-3.9185378088526166,0.3307245876384461
2009-03-06,2009-03-11,-0.9743431345131566,-7.30981090726447,9.966841606525655,8.485014857112459
2009-03-13,2009-03-18,0.07782051527442595,-1.7509974607747891,6.710691574712,6.88543193564908
2009-03-20,2009-03-25,0.14107759349974258,-2.1212916639192647,3.072525172426666,0.3248927845899269
2009-03-27,2009-04-01,-0.4873029333056646,-2.405824494802677,8.216750035433613,8.045533404621573
2009-04-03,2009-04-08,0.2476693975855014,0.4873106090214435,5.6505532697404135,1.7070401458667395
2009-04-10,2009-04-15,1.8964344573266299,-0.5062276680939867,1.431043266372185,2.20848164837546
2009-04-17,2009-04-22,0.5689091034731268,1.6160249620674032,2.1905538474352753,6.610605378066552
2009-04-24,2009-04-29,0.4640252281214263,2.379144474538624,0.3182815497728982,3.8883476041740077
2009-05-01,2009-05-06,-0.5577021728539511,4.5057575974606925,0.6728070705592668,3.987644192365225
2009-05-08,2009-05-13,-1.7907486534115362,-1.3868897925445298,0.9950330853168092,-2.584845273009263
2009-05-15,2009-05-20,-0.08404345146214794,3.191144548720744,-1.5745773893220936,-0.48939738788625575
2009-05-22,2009-05-28,-1.1645554436318033,2.614934987235588,1.8569787796480324,5.237582392693399
2009-05-29,2009-06-03,1.0721122035624373,-3.622723948112754,3.9430037385651167,3.4037617410759724
2009-06-05,2009-06-10,-0.9269534622318705,1.923680253549474,1.8186105434529853,1.0452328453566873
2009-06-12,2009-06-17,-1.5403006463862312,0.847821949987269,0.4912635327498749,-2.0900739498429757
2009-06-19,2009-06-24,-1.310250122872408,-0.9784670981567992,2.2635905533657827,1.4858248582269225
2009-06-26,2009-07-01,-0.7738319419749925,-0.7187036829484618,-3.882840696481192,-7.891332066639317
2009-07-03,2009-07-08,0.210156554410077,-4.438670570026325,0.34851914789603355,-0.36642279505939396
2009-07-10,2009-07-15,-0.8137782181261136,3.088347171545308,0.938822046018304,3.310978170313689
2009-07-17,2009-07-22,-0.03163705750339832,1.01160305514937,2.3263981527511395,3.619066085109056
2009-07-24,2009-07-29,1.956966803261991,-5.84890394302135,5.3419698023981494,8.808826986407475
2009-07-31,2009-08-05,0.6563557076561646,0.7951496174174167,-0.013895643738057689,-1.3992112982821343
2009-08-07,2009-08-12,1.4525883858810338,0.8886399312208151,0.6967678384602825,-3.73617115743568
2009-08-14,2009-08-19,-3.150663475811474,4.684829564755819,-0.19318344630856427,0.7963793291138227
2009-08-21,2009-08-26,0.29293861435023355,-0.3077355904585626,1.5430903250772003,1.8598731807209101
2009-08-28,2009-09-02,0.9757579000248758,-0.1175260896257546,-0.1912749792318888,-0.11766437598166508
2009-09-04,2009-09-10,-0.29877786177107984,0.9495951819597562,-3.6949493076499405,-4.389597542299917
2009-09-11,2009-09-16,-0.19057587035413773,2.35863281969464,-0.027590012590514534,-0.7615128527252195
2009-09-18,2009-09-23,1.5144288889520985,-3.936617827827421,-4.46237031856145,-4.204109635705922
2009-09-25,2009-09-30,0.1215442047874605,5.694137640013822,0.2975981789671459,-0.9411163144764747
2009-10-02,2009-10-07,-0.9468558340861029,-1.5822438275775488,2.958670052440699,3.0423287299356594
2009-10-09,2009-10-15,-1.2130442987873946,3.0771658666753687,1.2685159527315861,2.4456702329540176
2009-10-16,2009-10-21,0.3692443877257188,2.7018529062734293,-0.2594996822306425,-1.1418766245608443
2009-10-23,2009-10-28,-0.07654859516644609,-2.627031970035729,3.116705872084081,-0.453280579249753
2009-10-30,2009-11-04,-1.7759978300509247,0.9006815953933329,-0.8253141756720415,-3.6782840357034474
2009-11-06,2009-11-11,0.3153093920969787,0.18966939997230647,-2.442420495651014,-3.6274073417281256
2009-11-13,2009-11-18,-0.6657309494736605,0.5925756481379725,-2.6494990139984695,-3.479056590425225
2009-11-20,2009-11-25,0.16107613300318205,3.11600836085184,-1.697168673607289,-0.07770008160923858
2009-11-27,2009-12-02,0.96630494520171,-2.2838228928127817,-0.26136972537491043,-1.5918247057947323
2009-12-04,2009-12-09,-0.9075240419978119,-2.680601659398633,-0.1841229894856957,-1.1527915324077018
2009-12-11,2009-12-16,-0.36742034027878107,2.820234379279742,-0.08263325081136556,0.9044874599568011
2009-12-18,2009-12-23,-0.7021568089040887,3.411473889342023,1.0467189639198178,3.4133889100805845
2009-12-25,2009-12-30,-0.0596581880411708,0.6067519562518481,0.050396876460396374,2.69799419420513
2010-01-08,2010-01-13,1.7695077930664247,-1.4085617738119223,-0.38991307810801473,-2.157170311413816
2010-01-15,2010-01-21,-1.2192138483127375,-2.0619287202735705,-2.1188080263957425,-1.2471967423592487
2010-01-22,2010-01-27,-1.7522480406060994,-1.3890048682733254,-0.02716284140020315,-1.0785823723663324
2010-01-29,2010-02-03,-0.14456640345352076,-0.3243175963273385,-5.104712707459123,-7.849548182158954
2010-02-05,2010-02-10,-0.013413514686485706,1.0392157767614425,1.0019454603318485,-0.4980157005544209
2010-02-12,2010-02-18,0.19634572292471725,2.1762251563997195,1.007946041354855,1.3458476206043217
2010-02-19,2010-02-24,0.3347835628290911,1.4397823859288903,-2.231612832254737,-0.03762463203600159
2010-02-26,2010-03-03,0.6350713725975021,1.607210824757694,-0.8689230440915164,0.7265594427068748
2010-03-05,2010-03-10,0.3798141398066904,0.6969521394803088,0.03654748167623635,-0.9918651082039449
2010-03-12,2010-03-17,-0.6166818532474608,1.4331068685749697,-0.9328312842809698,-2.874639869991131
2010-03-19,2010-03-24,1.6168411778626366,-1.716409365981748,-0.049831818646748446,-0.6748338531638787
2010-03-26,2010-03-31,0.274996804426017,1.5822541579431562,1.2858850832992275,3.4276955538762506
2010-04-02,2010-04-07,-0.5075275537389251,-1.0454271075256742,-0.5503204568492477,-1.22181971093045
2010-04-09,2010-04-14,-0.9903332509202166,2.14858932287628,-0.43307845531739725,-3.143980404060624
2010-04-16,2010-04-21,0.5716880907373589,-0.24131285841355776,0.13279412828485754,1.8669761997827439
2010-04-23,2010-04-28,-0.21906415870676565,0.9538255229658865,2.3161555598194368,3.3673215106587806
2010-04-30,2010-05-05,0.01751898508645418,-3.3555658528209924,-3.5886278564408807,-6.320607590379258
2010-05-07,2010-05-12,-0.3087057287446149,-0.9472508665927829,-1.6930351737441132,-5.488271121551662
2010-05-14,2010-05-19,-0.004491566674673959,0.761005898229023,-2.3591802597653846,-2.725991616692437
2010-05-21,2010-05-26,1.3285776065627268,9.898021712207546,4.162703951207723,3.408796233891113
2010-05-28,2010-06-03,0.21597186180709887,2.3594314841309107,-4.369061862613069,-4.201206179055197
2010-06-04,2010-06-09,-0.29300668502068167,3.418902658156563,1.4680632003425629,-0.6609587696367706
2010-06-11,2010-06-16,1.1925314280980766,1.0743744531200126,-1.1004059513797368,-0.6328726322083191
2010-06-18,2010-06-23,0.5025579992704307,-1.6334894407585585,0.07902015425006606,3.3044794777457387
2010-06-25,2010-06-30,-0.37329529055647204,-0.4487863921057065,-3.5549724335290738,-4.782489398413816
2010-07-02,2010-07-08,-0.9911774126897287,1.8862173822356463,0.818270370097056,-0.7048370159944857
2010-07-09,2010-07-14,-0.3234294654854023,-0.1816059650765458,-0.45546308159596915,-1.3858242442677697
2010-07-16,2010-07-21,0.1691483053734232,-1.3672978163982952,3.529475055849481,3.11093173447113
2010-07-23,2010-07-28,2.5566119414210404,-0.5177334888594517,1.5963263798745742,2.2962974211035676
2010-07-30,2010-08-04,-0.6384618235824703,-0.03636143304107253,-0.5957826608387139,-2.231031492375722
2010-08-06,2010-08-11,-0.9236897514825598,-2.716013597909624,-3.134808293096076,-3.5187367450973235
2010-08-13,2010-08-18,0.0036886547787128264,-0.4895808654212371,-1.2546881093592517,-2.606973760372418
2010-08-20,2010-08-25,0.9649996170160594,1.1583410514888726,1.7740959011859754,4.211434625302788
2010-08-27,2010-09-01,1.1544839206324413,2.7966181720511423,1.3695165713521595,0.7407940133611305
2010-09-03,2010-09-09,0.34824181202403554,-0.5372746302390445,2.8544918489665916,3.8573002786702784
2010-09-10,2010-09-15,0.9256643525160518,-1.126403527097916,-1.7807779550997744,-3.0627602921047004
2010-09-17,2010-09-22,1.35045944234319,0.027408524222586408,0.5738504612168435,2.235714013499431
2010-09-24,2010-09-29,-0.17776246601525147,2.207881893883641,2.6617540999955924,4.667764903248161
2010-10-01,2010-10-06,0.16972133559021763,0.45772183021657653,-2.272963243325993,-0.6631723828752222
2010-10-08,2010-10-14,-0.6090947231433498,-0.3861474570124248,-1.8055876640952409,0.4222724498792589
2010-10-15,2010-10-20,-0.8794363470012486,2.9228086764280135,-2.346365977476865,-0.956593019312311
2010-10-22,2010-10-27,1.4452992230142365,-0.8510689667908506,0.36563112031104794,-0.5509655810969585
2010-10-29,2010-11-03,0.45196897161721944,0.6414847371831042,2.3869157064611346,2.8022849433304744
2010-11-05,2010-11-10,-1.0416612324733165,0.8351973496393661,0.0,-3.336345585414978
2010-11-12,2010-11-17,-2.341396934305207,-2.334832039435692,1.7867519877110998,1.5054578500496503
2010-11-19,2010-11-24,-0.000635981786958835,2.951433742072116,0.7900448083981841,2.9835289778326257
2010-11-26,2010-12-01,0.11748709634799281,3.0786067992469586,1.4079097093605153,2.7626380372362065
2010-12-03,2010-12-08,-0.9253276716462963,-0.44070357784466985,0.056609115579114,-0.5564718238010045
2010-12-10,2010-12-15,-2.3911299072850234,0.37290285598666334,-1.0772911353617305,-0.7244767933962145
2010-12-17,2010-12-22,-0.6237183570219634,0.5917507358661924,1.1180721996242524,1.2830615127484102
2010-12-24,2010-12-29,0.7420136990349333,-0.38333106465450273,-1.4145445278467386,0.27395776270899974
2010-12-31,2011-01-05,-0.7696232457447945,1.0128641323178444,-2.1604914893026548,-2.5005507605571617
2011-01-07,2011-01-12,-0.37511540991417336,0.8089243935367517,-0.5020748377024264,-0.3490024264446632
2011-01-14,2011-01-20,-0.07779663542976234,-2.5529506441798673,-0.3846593723587779,-2.0765149993161383
2011-01-21,2011-01-26,1.2185782742800448,1.249797264190233,-1.993031972012957,2.2949945869940653
2011-01-28,2011-02-02,-0.21371333536042486,0.26767805409664885,-0.4017862547951433,-2.150378384603425
2011-02-04,2011-02-09,-0.3590440036020129,-0.3033133449966135,-0.17540786816336748,-1.411954272364321
2011-02-11,2011-02-16,-0.5037292340686911,0.8027359945040643,1.4806311353833472,1.4571127909663846
2011-02-18,2011-02-24,-0.45040232018545795,-0.21889829973817193,0.7174452401160066,1.3165586941608445
2011-02-25,2011-03-02,-0.7421442880883969,2.61530507611565,-0.34281829940681613,2.0038422776325406
2011-03-04,2011-03-09,0.7227335085312974,-0.6397730105608508,-1.6029698192034658,-3.1628189768370083
2011-03-11,2011-03-16,-0.30216367838417213,0.7786126826161268,3.4897755643264436,3.084896721603548
2011-03-18,2011-03-23,-0.07424063251348031,0.6484241275580594,-0.16171228256555956,-0.3046170846683886
2011-03-25,2011-03-30,0.4196410948775058,-0.5188826862458513,2.2763971683965942,3.548988498195084
2011-04-01,2011-04-06,-0.6188024976769197,0.5180400114445554,1.31990917127585,1.0280979118587452
2011-04-08,2011-04-13,0.47371292217682753,-2.6841037524811426,2.3822788560434134,0.09376465759636542
2011-04-22,2011-04-27,1.2033779063360535,0.5267163897968792,0.062308070910728,0.6390365227694961
2011-05-06,2011-05-11,0.22259010515348035,-5.4766007024130845,-1.5236036957970915,1.6616390416398303
2011-05-13,2011-05-18,0.18682424510971943,3.185242737436927,-2.5029285013799174,3.145348794364321
2011-05-27,2011-06-03,1.8001322823883776,-0.01994216777971364,0.48744190022184236,-0.9820702238965728
2011-06-03,2011-06-08,-1.2165861995876646,0.48744190022184236,-1.469512124118412,-3.6069980825917662
2011-06-17,2011-06-23,-0.792580558302578,-3.25408321232856,2.3966288698701987,4.947245353906553
2011-06-24,2011-06-30,-0.8669824719379953,2.550616484036352,-0.5154921730288639,3.505513577927957
2011-07-01,2011-07-07,0.32194622680225254,4.021005750956808,-2.565558876777505,-3.0344318378680613
2011-07-08,2011-07-14,0.30937840250234466,-0.4688729610905421,1.5441521387167267,0.19823680131625426
2011-07-15,2011-07-20,-1.0864293267018525,0.6339489534119228,0.8626429908932896,0.8727475733300223
2011-07-22,2011-07-27,0.4952719071147383,-2.2436350508584875,0.08210181085160052,-1.7816920446167748
2011-07-29,2011-08-03,0.6181681567585285,-2.05770793780651,-5.734411545640656,-5.5731583432260505
2011-08-05,2011-08-10,-1.187033244397351,4.595253240770866,2.883959439164313,2.5441219995445277
2011-08-12,2011-08-17,1.514232746546592,1.0675645211637228,-6.120997236531768,-6.181710006291759
2011-08-19,2011-08-24,-0.9951041859088008,-0.42268467299146917,0.18808045981625504,0.4461148511680263
2011-08-26,2011-08-31,1.3724682583484513,-0.10128862494462239,0.13502871411359824,-2.6933044141113185
2011-09-02,2011-09-08,-0.5514319989279713,-0.3251306188302036,-2.05350684022424,-0.9704431835581231
2011-09-09,2011-09-14,-0.5361959324262014,-1.451566353549977,0.5496060046420952,-1.0742456446487187
2011-09-16,2011-09-21,-1.1296341540114134,-1.3318860385898847,-6.602421480573738,-7.4906490003547574
2011-09-23,2011-09-28,0.3961999593915243,-3.9249223894705185,1.1424483940637427,-2.51467557274083
2011-09-30,2011-10-05,-2.1513783323879174,5.181702989320909,3.5989786618674477,4.0595297122526155
2011-10-07,2011-10-13,-0.04510539257242126,-1.5833959545201208,3.32661267138723,2.8415672580122826
2011-10-14,2011-10-19,-2.09296362390507,-2.5567457460306637,-0.04646300466907973,1.2464096731649743
2011-10-21,2011-10-26,1.2761910810984423,-3.0354989193860695,4.083973272213391,3.4005020084651103
2011-10-28,2011-11-02,0.4429276294717488,0.3465081972724417,1.672243920063263,1.8740174712357598
2011-11-04,2011-11-09,-0.003931768998383803,-1.1010810318168365,2.1083873186136572,3.3382650967352956
2011-11-11,2011-11-16,-0.2153891322537076,3.189020485634939,-3.744044868201751,-4.914601264023569
2011-11-18,2011-11-23,-2.081763523171698,-1.6502024636387873,0.7769241959561173,2.109457238278546
2011-11-25,2011-11-30,0.6220872140905607,0.5695743602000324,-0.15955328474571032,0.6059721518008104
2011-12-02,2011-12-07,0.9714608589758268,-0.7932614725705127,-2.1127546425875394,-1.0507977598415092
2011-12-09,2011-12-14,0.5049379250744235,-5.4532879020249965,-1.1443227222342796,-1.453837884746425
2011-12-16,2011-12-21,-1.7097264701643873,1.410345298184532,0.8890743550709526,1.1903701539540132
2011-12-23,2011-12-29,2.2722197778630067,0.2410607836687344,-0.8563852651050545,3.2375508248728027
2011-12-30,2012-01-05,1.208873546543983,-1.3754301601476746,-0.2458574282626645,-0.492320805351839
2012-01-06,2012-01-11,0.7841699770378323,-1.3292176208936701,-1.8607979887076571,-2.2047190236372147
2012-01-13,2012-01-19,-1.7815337426706608,-0.2886579419348852,-2.186815616214033,-0.8508985720287897
2012-01-20,2012-01-25,0.4303450369411874,0.39380068057407563,0.532691344563094,0.24157032381723234
2012-01-27,2012-02-01,0.19722953165378718,-0.8465551092474396,-1.3093645490909458,0.17397538031915055
2012-02-03,2012-02-08,-0.9111432304666294,0.2533571155092866,1.0871860657750254,-0.12153130926660487
2012-02-10,2012-02-15,-0.5561558550582233,0.9869799819705101,0.4996336624474255,1.4140369209122627
2012-02-17,2012-02-23,-0.19402445290341871,1.3587802175818686,1.7986925916717411,0.9725450619377148
2012-02-24,2012-02-29,0.6614081751076862,0.45865199511063776,1.556740111211825,-0.37425193383381117
2012-03-02,2012-03-07,0.5169738870411676,1.375276572458136,0.4605054893407606,1.1612792050812364
2012-03-09,2012-03-14,-0.1193096683101182,-1.1404996613990357,-0.2847922942534654,1.4493007302566825
2012-03-16,2012-03-21,-1.203622489054031,1.119748232273537,-1.7843286712651618,-0.4125650483852357
2012-03-23,2012-03-28,1.538201389048196,-1.8052389450161288,-2.507456408243135,-2.2742428150285376
2012-03-30,2012-04-04,1.5153808113139755,-2.422886703179506,1.7186244705410862,0.9020553371777527
2012-04-06,2012-04-11,0.8081147405353976,1.5114626733609653,0.9983121438029711,0.17518252655316546
2012-04-13,2012-04-18,0.9769224763499771,-1.5274852286288305,-0.2633762435505465,0.9019117530802652
2012-04-20,2012-04-25,0.19177986866010138,0.5995569647549501,0.806610864550286,1.0931166473923088
2012-04-27,2012-05-02,-0.05869185349373013,-0.8703110462990916,-2.5890479390130827,-6.638345238087988
2012-05-04,2012-05-09,0.49748323402710326,-0.3403293131707807,0.3094381014747802,-0.7986351632649933
2012-05-11,2012-05-16,0.7834732116838056,-1.2744483071375945,-0.2698183062658758,-1.3782843396310787
2012-05-18,2012-05-23,0.38303917935689696,-2.256233730708668,1.068100942033409,1.3774934540282318
2012-05-25,2012-05-31,1.486473072595436,-1.4571997853259504,-3.9488895204261785,-3.0154217561308103
2012-06-01,2012-06-06,-0.044132490016563594,0.8738836907286449,-0.3179652917379684,-1.1470592273175033
2012-06-08,2012-06-13,0.5428568750300099,-0.9523307463550337,1.5265636916513459,1.7648576206874194
2012-06-15,2012-06-20,0.6904048319243111,-3.5508122937373203,-3.963530685739575,-2.1573253886251016
2012-06-22,2012-06-27,0.4083567474695386,1.1653537057301422,-3.2283327634246115,5.772578189020723
2012-06-29,2012-07-05,-0.7341266391391627,-0.7206207907267242,-3.1959799653265266,-1.363867650566894
2012-07-06,2012-07-11,-0.34564170822430584,2.3087008922538375,0.16288543450099155,1.4679798955449737
2012-07-13,2012-07-18,-0.02085957683832803,0.9052869873350429,3.1755652006469286,1.851904776723753
2012-07-20,2012-07-25,0.4784230798414013,0.5873068609588756,0.673403218134412,1.486642257019391
2012-07-27,2012-08-01,-1.6734004660791078,1.0278511454346233,-2.009034145415046,2.672147459133352
2012-08-03,2012-08-08,-0.5664949537427146,-0.3100446167835508,0.0,-0.4830149464794232
2012-08-10,2012-08-15,-1.0878568006441864,1.011992657976225,1.3788966437591574,1.733691965327716
2012-08-17,2012-08-22,-1.8078942270951677,0.351530552238939,-1.0583207308007465,-1.15224194824494
2012-08-24,2012-08-29,0.7755157895623201,-0.8342071317395234,-0.9363068770331662,1.0105831695777552
2012-08-31,2012-09-06,-1.4206311933372486,0.21995295591909822,0.8646337526276908,0.9786647606818855
2012-09-07,2012-09-12,1.9676984040168697,-0.010306622013765329,1.3106884336050397,1.9596462982492175
2012-09-14,2012-09-19,3.5767236780555898,-3.504257709220418,0.18467225931647113,0.7258576910078802
2012-09-21,2012-09-26,-0.9220493262972764,-1.2708055434346173,2.1671823367412535,2.4822801146981335
2012-09-28,2012-10-03,-0.48030534577692185,-4.098979992080806,3.891974416171996,1.8870603770192742
2012-10-05,2012-10-11,0.08171835976147075,1.0358267394315777,-0.3912623185072113,-0.38037322392466494
2012-10-12,2012-10-17,0.5827721178748033,-0.03258921325892189,-0.04346881181248836,-2.2413594836900126
2012-10-19,2012-10-24,1.1322292814994457,-1.464801824210042,0.23394559740036736,0.5256100402928277
2012-10-26,2012-10-31,-0.6299622394081301,0.6748920194104083,0.9464521249964788,-1.5544051646931443
2012-11-02,2012-11-07,0.9820596941945754,-4.760603140821528,0.6722912624664806,1.852556205034618
2012-11-09,2012-11-15,0.5124902386054937,-1.012991138827926,1.359932622488069,4.1266600174070796
2012-11-16,2012-11-21,-0.0990172429004138,0.7145357126860937,-0.08041817884135768,0.22941051584687921
2012-11-23,2012-11-28,-0.8110986069182952,-0.8212410970031567,1.7728103293580817,2.7945015870309926
2012-11-30,2012-12-05,-0.1415270541958268,-0.7753744661666037,-2.187207481866833,-2.2106102434994934
2012-12-07,2012-12-12,0.9549452067243918,1.153119759918964,-1.1179806673172703,-0.03474836428083983
2012-12-14,2012-12-19,1.2283230972095185,1.8465548747778022,0.7492347041833733,-1.0040131719806826
2012-12-21,2012-12-27,0.3185064720680254,0.2202401506914121,-0.27537606210636195,1.006903549166405
2012-12-28,2013-01-03,-2.730290409401909,-0.18268770864646053,0.16121235153612237,0.24708612237788885
2013-01-04,2013-01-09,0.09645247488940747,-0.13956736389746913,0.7812121703768593,0.557104504945543
2013-01-11,2013-01-16,-0.4930897322274701,1.0877786687755489,1.2752451894180719,1.4008339029424313
2013-01-18,2013-01-24,0.06460393265757594,0.304606086056453,-0.20997383042695023,0.6272890407280959
2013-01-25,2013-01-30,0.605473029635607,0.3680985751427293,-0.3373718887740824,-0.5321338795068703
2013-02-01,2013-02-06,-0.3791159610517609,-0.24855025223120228,-0.6240918945831027,-0.7598267105155253
2013-02-08,2013-02-13,-0.37208282827485206,-0.46270197197973845,0.27787801547512875,-1.1192986583499194
2013-02-15,2013-02-21,0.6235812984111936,-2.2695556202474836,0.3550108618039625,-0.053899640177331766
2013-02-22,2013-02-27,-0.34243707369855036,0.22645181403003153,-0.8762970555470824,-2.320997677938361
2013-03-01,2013-03-06,0.9978441276926246,-0.4521650935190891,1.164848335903764,1.687896275661972
2013-03-08,2013-03-13,0.09534624208508012,0.032448218336738034,0.6037754190919963,1.0970211113677018
2013-03-15,2013-03-20,-0.9470928259440708,0.8295226666885704,-0.8078893512986326,0.21433938116916557
2013-03-22,2013-03-27,-0.00483177403626282,0.5609821485078356,0.7328308587398814,0.5887534436755301
2013-03-29,2013-04-03,-0.5286250720991915,-2.2991910062790515,-1.8696104378600316,-2.4071883371444227
2013-04-05,2013-04-10,-0.04451585155454672,0.4343917409670615,-1.2232243145162318,-3.616797186769615
2013-04-12,2013-04-17,-0.7279979931543897,-2.372103468563124,1.3526111767410882,1.591424049664588
2013-04-19,2013-04-24,-0.7685359072295949,2.06353006540352,2.3870071159044897,1.6984621686209054
2013-04-26,2013-05-01,0.9324632346583202,-2.6964016708777083,3.2099915008558786,4.850673977099261
2013-05-03,2013-05-08,-0.8785417434888534,0.458238668960854,-0.15598193772468313,-0.4478008003641349
2013-05-10,2013-05-15,-0.05299712521934021,-0.0106433931237661,0.9533970521548887,1.8664537180698215
2013-05-17,2013-05-22,0.10009901910325152,-1.6567677011612263,0.14885701844920002,-0.14907893294496727
2013-05-24,2013-05-30,1.4946156586376156,0.4713452754255102,-1.7682401412158149,-0.17114134030641687
2013-05-31,2013-06-05,-1.2225983058707168,0.3208215777095156,1.1148387482614202,2.582216507979733
2013-06-07,2013-06-12,1.3753806345231707,0.5013588943414923,0.7059829986838364,1.9091442039237942
2013-06-14,2013-06-19,0.2009357742944076,-0.2236909931222201,-3.469513841316511,-4.614200426097261
2013-06-21,2013-06-26,0.5530249736840546,0.23070480031314863,1.5898916493441015,0.9279115736728879
2013-06-28,2013-07-03,-2.052879908573248,2.2524145165049516,1.141420128444019,1.083201613312335
2013-07-05,2013-07-10,-1.5473357667666905,2.8114492878271173,-1.5532086088766623,-0.5276559872765988
2013-07-12,2013-07-17,-1.7270673525098923,0.48052101693742566,1.4463929662222028,1.501963959594497
2013-07-19,2013-07-24,-1.3008815650334247,-1.6185542007368918,0.056904402142495446,-0.618548862758657
2013-07-26,2013-07-31,0.30544824818737526,1.8824989260092448,2.6570590954349664,1.7355651637680165
2013-08-02,2013-08-07,0.08823104669351363,-0.8677878326089594,-0.9237052110466885,1.549092511880583
2013-08-09,2013-08-14,-0.9077410705883356,0.1029625213814257,0.5039204392596781,0.6434488559242155
2013-08-16,2013-08-21,-0.2623623172190526,-0.928991980192115,0.9575865569489235,2.423957848652597
2013-08-23,2013-08-28,0.14179790161350375,0.9668079684966256,-1.5182292719857267,-2.007860256183263
2013-08-30,2013-09-05,0.35497056276621675,1.1214724331859411,1.9350731586017835,1.0269666637456045
2013-09-06,2013-09-11,0.9311460043761658,0.15804400630816234,0.9890546032516262,0.6112262037273798
2013-09-13,2013-09-18,-0.7370929223413571,2.687553487202949,-1.8369671284257834,-3.3159474430563884
2013-09-20,2013-09-25,0.7302985221536547,-0.5245276717641338,0.4082035019974557,0.17514843438304725
2013-09-27,2013-10-02,1.2852397251294276,1.9977390526057033,-0.8291601688438939,-0.30772213916184976
2013-10-04,2013-10-09,1.3890922152553944,-1.8619244324080277,1.4166618634489228,0.5299325453657193
2013-10-11,2013-10-17,0.8678397671101197,-1.595621364085403,0.14881693306524266,-1.44002488397399
2013-10-18,2013-10-23,0.34738425514750887,-0.7505304340859441,-0.25833132423805993,0.514669175176878
2013-10-25,2013-10-30,0.9931484003318365,-1.5171997846557908,-0.5385823479787477,-2.3515741074192062
2013-11-01,2013-11-06,0.763282451140659,1.4244952260808674,-0.5185471167485561,-0.19017438378175833
2013-11-08,2013-11-14,1.0639810101560565,-0.15985509878196627,0.04265301834763173,-0.781630404823523
2013-11-15,2013-11-20,0.4436188283077638,-0.010712946606200592,2.1305591524758425,1.2668503915623408
2013-11-22,2013-11-27,0.10430357944716945,-1.4666498205670435,0.5417131340419759,1.680530770456641
2013-11-29,2013-12-04,-1.3922352073798046,1.1825863960783987,0.17515846011438688,0.5245576440550548
2013-12-06,2013-12-11,-2.288327036458729,0.15436072012763996,-0.04113956655781027,-1.0128238708680504
2013-12-13,2013-12-18,0.3029029349457195,0.6167148747918538,0.8265774904838088,1.545531526524724
2013-12-20,2013-12-26,-1.010759152754095,0.31305251519462024,0.7633624855070985,-0.2827142432321346
2013-12-27,2014-01-02,-1.1921324518508125,-3.1351178700294593,-1.567828724873976,-2.146050702100768
2014-01-03,2014-01-08,-1.722296733710832,-1.522625388428925,-0.5893283453941321,0.5317718321012461
2014-01-10,2014-01-15,-2.1302208575184127,1.7533929545607834,-0.256246136370005,0.19175461292716328
2014-01-17,2014-01-23,-0.4829368742202859,0.9091910961190426,-0.5879639404627758,-1.4607874366589755
2014-01-24,2014-01-29,0.6212228025569707,-0.1539804235871874,0.9305246344062381,0.21550626638118042
2014-01-31,2014-02-05,-0.6727002698068985,0.16440612005668798,0.45072807304275325,2.614395533693485
2014-02-07,2014-02-12,0.3628937474261748,0.41928782600359576,-0.10964366909536273,-0.06975933313937362
2014-02-14,2014-02-20,-0.26640250165941676,-0.2516211527906576,-0.6513414365462523,-0.02907399351778072
2014-02-21,2014-02-26,-0.5373648760993838,0.7117467768863955,-0.24317895355284302,-0.04858850491588591
2014-02-28,2014-03-05,-0.030439475319033796,-1.8404531371204866,0.0687724151485511,1.046106230465424
2014-03-07,2014-03-12,1.2536533901295506,-2.0143696521578924,0.28446630988095206,0.9518095347612224
2014-03-14,2014-03-19,1.1723294980007068,0.6275233501397398,-1.0280044620910158,-0.7374958680963906
2014-03-21,2014-03-26,0.7768618663178831,0.9487263450700859,0.6341049682689117,1.1070588501697696
2014-03-28,2014-04-02,-1.72946862453068,-0.09032064440600446,0.6903824509564513,1.5541257211211779
2014-04-04,2014-04-09,0.9279345468526354,0.9509095522273593,-0.17398032611996794,0.1254644762371557
2014-04-11,2014-04-16,2.413150016743078,0.009642736616117201,0.5960409878235137,0.6152090921566805
2014-04-18,2014-04-23,0.040672155982686066,-0.21657815120545465,0.7168489478612496,-0.6128923890770827
2014-04-25,2014-04-30,-0.63806061569418,-1.4779815734113015,-0.3804570067752062,0.01998401285629065
2014-05-02,2014-05-07,-1.1329485838131972,1.2446021165267507,-0.5357687188371205,-0.7349322979152033
2014-05-09,2014-05-14,0.4376376818189211,0.6059439963195462,-0.8709748263004059,-0.31228677667743077
2014-05-16,2014-05-21,-2.1351540661704917,1.458188166681494,-0.26879156050758807,0.6688349030022303
2014-05-23,2014-05-29,0.4231922999875439,0.8572994759566464,-0.8282817265631105,-1.147941029125864
2014-05-30,2014-06-04,-0.32088130088114797,-0.06776051757259799,-0.09688045710280589,0.04840505443270021
2014-06-06,2014-06-11,-0.5638575645189167,0.019042178482756623,2.035501864216085,2.30565899904312
2014-06-13,2014-06-18,-0.14183816900992183,-0.2902759657961463,0.41175427816986077,1.2209481090363172
2014-06-20,2014-06-25,1.0848738858525238,0.37439205094650607,-0.5151512352626026,-0.543326863530705
2014-06-27,2014-07-02,0.47816704602028565,-0.8331803547785812,-0.40011485216869935,-0.9457012737105882
2014-07-04,2014-07-09,0.7630481656818483,-1.0918510323689385,0.6584704725192302,-1.418741080738692
2014-07-11,2014-07-16,-1.347424296519953,1.304108582926416,1.9055602844523667,1.895929620410645
2014-07-18,2014-07-23,-1.5584132360348768,-0.7485639561022819,-1.0166132963471193,1.3586125547566708
2014-07-25,2014-07-30,-0.8909309273671584,-0.5927359610272547,-5.986381244634334,-6.363759427214405
2014-08-01,2014-08-06,0.2456661817765319,-0.4220935900791611,0.42209359007915365,0.699087868235698
2014-08-08,2014-08-13,0.42123564511852374,0.2154620440586816,-2.1025061158042706,-0.2771079927899286
2014-08-15,2014-08-20,-0.5225280334178316,2.149492980194086,-2.5530619221526343,-2.936898623284663
2014-08-22,2014-08-27,-1.5014186649325927,0.041753654051256764,0.6449621857994227,2.106645440600143
2014-08-29,2014-09-04,0.6257287192837897,-1.0420598479719765,-1.2671201853735625,-1.9984635182279682
2014-09-05,2014-09-10,0.6203747443344624,-1.106062024128186,1.2784572828576777,0.511176272150962
2014-09-12,2014-09-17,1.4581507320769334,-0.6129801480639013,-1.3447374464142798,-2.0347671385075508
2014-09-19,2014-09-24,-1.4902911417317655,2.2145112363026667,-0.010684331438113663,2.0619287202735608
2014-09-26,2014-10-01,-0.7329815246981407,-0.47276213609936346,0.3080988352677983,-1.0858832461431565
2014-10-03,2014-10-08,0.9557997775588727,-1.8163741506325066,-1.7683211424766594,-1.6401384062864997
2014-10-10,2014-10-16,2.384944201210759,0.6213848809082297,0.5692500080879239,0.520929156700771
2014-10-17,2014-10-22,0.759728705572165,-3.334252808896247,2.8043226274018016,0.9271343993522606
2014-10-24,2014-10-29,0.21068488878850278,1.0879637905176782,-1.4573768445318782,-2.113360383802767
2014-10-31,2014-11-05,0.493068931728919,2.001863334518882,-1.072944256546391,0.0
2014-11-07,2014-11-13,-0.6337815945666969,-4.006087936889996,2.372811936004856,2.0164935121628385
2014-11-14,2014-11-19,1.153856109523078,0.0,1.438298865719064,2.608210336130465
2014-11-21,2014-11-26,0.06304714534538114,-0.4602688510005852,-11.125756155170603,-6.618619168659605
2014-11-28,2014-12-04,-0.5481979151667467,-0.3888727604660933,-1.2667941989786675,-5.54585345359809
2014-12-05,2014-12-10,1.8806462443235539,-4.410239268082536,-1.6198701306943522,-5.354814521398025
2014-12-12,2014-12-17,1.0926614979752571,0.8185099077780595,-4.068909532409968,0.8470140633983838
2014-12-19,2014-12-26,2.4840826609329336,-3.933343525115888,-2.0917005082893314,-0.8277431607511158
2014-12-26,2014-12-31,0.7192833954169547,-1.2826646715100856,-1.3751747276802577,-6.5724131709824745
2015-01-02,2015-01-07,-1.173046459196028,1.4689412783060962,-0.7007448295306119,-5.552877580207024
2015-01-09,2015-01-14,2.0704438891132257,5.445683910594985,-4.470489271389159,0.0
2015-01-16,2015-01-23,2.349788839616726,-5.564747769357199,5.43927723846755,15.862270567221575
2015-01-23,2015-01-30,1.2744850943196226,5.43927723846755,10.422993328754025,5.476080564289072
2015-01-30,2015-02-05,1.3572775682431186,-4.94691276446494,2.3106569434736715,4.852599827171313
2015-02-06,2015-02-11,0.7875207667569526,-2.549197314452673,4.742310995789911,7.612584120906177
2015-02-13,2015-02-19,1.5446697469182213,-1.9564788710735266,-2.3153304974716753,-3.099175330833755
2015-02-20,2015-02-25,1.820459677787989,3.5859205178126206,-5.312791683897407,-0.8192672459987319
2015-02-27,2015-03-04,2.278094697159405,2.157792625149903,-1.5055519493946032,-3.797173602717538
2015-03-06,2015-03-11,0.6981436260032418,-0.74627212015896,-1.975269096499171,-6.845796909388191
2015-03-13,2015-03-18,1.9160630162699275,2.817727883091931,-1.3762202542862934,3.0235117847916397
2015-03-20,2015-03-25,0.9726917131524293,3.591950148689962,5.312750862355714,0.1639680629712595
2015-03-27,2015-04-01,0.5790499201416808,4.906953279815209,-1.995028384731063,3.8360867872446374
2015-04-03,2015-04-08,2.838761993405223,-6.7273180607424985,0.6914973716434805,2.331838779483907
2015-04-10,2015-04-15,-0.30578176986943895,5.386970991273077,0.7791787251682768,-0.9646377051805337
2015-04-17,2015-04-22,0.533308175490591,1.0559382229983816,0.7449484610091148,-0.3388322457033935
2015-04-24,2015-04-29,-0.4187946116086133,2.595301373564165,1.8109998206199078,0.9349834368326194
2015-05-01,2015-05-06,-1.605606948196397,0.9067739981710294,-3.2357726245419007,-2.5263101892752995
2015-05-08,2015-05-13,-0.7180019051806252,-0.3629768050578724,-1.0133818760424729,-1.2808958292581247
2015-05-15,2015-05-20,-0.5166930489761946,2.8558624160387316,2.0480823320818042,-0.13577734604603595
2015-05-22,2015-05-28,-1.1584289929626628,0.31250025431352807,4.341872410196637,4.325273522284021
2015-05-29,2015-06-03,0.4242812673878392,-2.6950461408175173,-2.838637098757116,-0.9429266697712442
2015-06-05,2015-06-10,-1.4838292932895378,1.9916714638312931,-1.015569744139795,-2.3080483824603784
2015-06-12,2015-06-17,-0.8580925300571933,-0.20016687250504475,0.8645107874278803,-0.45184580264456853
2015-06-19,2015-06-24,-1.048228094116457,-1.7181985555292216,-0.7023440242533899,-1.0048652633771427
2015-06-26,2015-07-01,1.870958791270829,-4.364203974206285,-0.01756388869009817,-8.156593721405795
2015-07-03,2015-07-08,1.4449447134207436,-1.3854368223480664,2.203787568847795,2.1658728764505004
2015-07-10,2015-07-15,-0.1629377229874154,-3.1596692598872695,-0.977524890464233,-1.0168253429252683
2015-07-17,2015-07-22,0.35497038514959656,-2.6438551747972987,-2.3825320844509448,-2.6531119144323307
2015-07-24,2015-07-29,-0.49389050781411276,1.65395542079888,-0.4933206304836506,-3.463007701001153
2015-07-31,2015-08-05,-0.38107001232261684,-1.3644577882620392,-0.9797450893549837,-2.8316498660787346
2015-08-07,2015-08-12,-0.280368250835174,0.2548362319696695,-2.222573650004133,-1.7976438321383463
2015-08-14,2015-08-19,1.1853922948114304,-4.392881977846167,0.6116227017436053,-0.7389196182370976
2015-08-21,2015-08-26,-2.1377928078828043,-1.6742181143073525,9.81397030314413,16.24280162743839
2015-08-28,2015-09-02,2.047430355482386,2.0070481740492663,0.9672294642507727,-0.6065876484968494
2015-09-04,2015-09-10,1.0939145961538967,3.823537542101809,-2.4283753981609504,-3.9595919848578305
2015-09-11,2015-09-16,-0.6206387123520533,5.541221138560843,-0.4040409537004974,-5.250034909744191
2015-09-18,2015-09-23,-0.36184366557667075,-3.61671171852865,0.916514742357207,2.2647504372356124
2015-09-25,2015-09-30,0.9319289284462514,-0.39867162438213444,-0.6903490283233995,1.0596125631495033
2015-10-02,2015-10-07,0.0627133682980027,-1.3902080936897547,3.288417961304288,3.712104663903192
2015-10-09,2015-10-15,1.3509101162326562,-0.5375778992843903,1.9641963670501588,-1.0185373566255014
2015-10-16,2015-10-21,0.6276847873794752,-1.3617605556660488,-0.7101672101615164,-2.9397382276197757
2015-10-23,2015-10-28,0.4662248796357059,6.1046548393860265,0.19575862695178506,1.448204279389823
2015-10-30,2015-11-04,0.8375822362001908,-3.312404742503265,-2.292927181687255,-4.413779082571144
2015-11-06,2015-11-11,1.4151231950000198,-2.936664344997087,-2.8576746781209716,-5.405428641666591
2015-11-13,2015-11-18,0.25709775582433286,0.04909180265505915,-0.49200591254498705,-3.3943862704057213
2015-11-20,2015-11-25,-0.24728865712101225,0.8038041085762029,-1.5894698243957062,-1.9351491809633483
2015-11-27,2015-12-02,1.0681976814232073,-1.6147413322538673,2.839346398522741,0.17515330388062744
2015-12-04,2015-12-09,0.15924779646844792,-0.8040783070304773,-1.0822616458151417,-4.148376708533277
2015-12-11,2015-12-16,2.349479994281589,-4.858921972989334,-1.6163686658793923,-2.362426645710045
2015-12-18,2015-12-23,-1.7718387088725955,1.7563568938701597,2.312552638539793,-1.0941028178208185
2015-12-25,2015-12-30,1.8129285227544865,-3.464828928676204,1.4650289157873146,0.5994568359814243
2016-01-08,2016-01-13,0.4624877105899346,0.0,2.595862825613905,-3.2406376733551214
2016-01-15,2016-01-21,1.2330863797529092,10.216952280468423,8.183726985295642,2.53939472176045
2016-01-22,2016-01-27,1.0115529369195553,8.994095654966095,2.7164801735760675,4.062395510976519
2016-01-29,2016-02-03,0.5629530374389484,7.689910437354319,-2.0651547452626393,-4.529673783516901
2016-02-05,2016-02-10,-0.7490759475631283,-1.5135424065100802,-5.02618347808882,6.263038371794203
2016-02-12,2016-02-18,0.108191009053773,0.29292128348949287,-3.9103722921832125,1.9311832868636414
2016-02-19,2016-02-24,0.11426198283205131,-4.792684347067494,3.4011375408700273,4.194163108467786
2016-02-26,2016-03-02,1.9786378495368848,0.5220429489358384,-0.028930999767826527,3.802955430445824
2016-03-04,2016-03-09,0.10367913595166707,2.557684178964956,0.3979312851481275,2.3382123953933203
2016-03-11,2016-03-16,-0.5419870980696238,5.646985084365999,4.428204379443831,2.6702485098003064
2016-03-18,2016-03-23,1.6184733056203984,-7.956031499655045,-0.36639664124805066,-0.7604599385219304
2016-03-25,2016-03-30,-0.8449796540633234,0.0,0.0812457729186825,-4.2901279272464485
2016-04-01,2016-04-06,-2.126499179214036,8.918167372517695,-1.1727213290634437,5.163769718326653
2016-04-08,2016-04-13,0.679984076506492,-1.0021558461018878,-0.6013247223451746,-3.167134383765152
2016-04-15,2016-04-20,-0.06091009951802069,4.402624875649024,1.0710230434721948,0.09358915049050237
2016-04-22,2016-04-27,-0.5012275123558528,6.311170409437521,1.6207100261027694,1.5120261766912935
2016-04-29,2016-05-04,-0.1334770643912158,0.27453689171929696,1.2712997554158159,1.8336676754918642
2016-05-06,2016-05-11,-1.0928235697427526,3.367025068117517,0.9262317160061814,0.0216379964059672
2016-05-13,2016-05-18,0.3172423721908496,-0.35266087789724454,0.08309098940873814,-0.9395621889743769
2016-05-20,2016-05-25,-0.6235574978008585,2.182503758869223,-0.20387366898483172,0.5281344796657453
2016-05-27,2016-06-02,-0.6953619452756981,0.14255169912209467,-0.9199696898423599,1.1532753013548138
2016-06-03,2016-06-08,0.31521210450409076,1.6929538193551763,-1.395600046882044,-4.26699498811497
2016-06-10,2016-06-15,0.25539468431126283,-1.1824637310067025,-3.7852701061586376,0.16680571006970132
2016-06-17,2016-06-22,-0.1414236827597635,0.42809157213146204,0.36548264033766636,-5.133612002298235
2016-06-24,2016-06-29,-0.6380091670319427,3.927688323630738,-3.2208246735445756,-1.679011830788077
2016-07-01,2016-07-07,0.2605505253981341,-4.644965008583662,0.3311626826048814,-1.089504940506706
2016-07-08,2016-07-13,0.3495979032572141,-4.254104207487284,1.7015105005982973,2.3349078349810237
2016-07-15,2016-07-20,0.5887509493961108,0.7142887512380204,-2.2493076050014977,-3.50833762739335
2016-07-22,2016-07-27,0.3891275890518928,-0.6186077305014781,-1.8548044685759189,-0.86290084801258
2016-07-29,2016-08-03,1.0205329636930498,3.238140950303978,2.708095860267083,2.493170404399117
2016-08-05,2016-08-10,1.091098201918612,-2.4371252357395115,4.129134543572429,6.311535322574062
2016-08-12,2016-08-17,-0.521835991647473,0.5140298317693393,2.9262165744575457,3.5054486449079687
2016-08-19,2016-08-24,1.1922741788497255,-2.664550688886869,1.4583144995724515,2.8746789443920227
2016-08-26,2016-08-31,0.34924440641013976,-3.604785906373982,-3.4380164633613743,-0.6511755355056019
2016-09-02,2016-09-08,-3.21615009554115,4.6410046975849895,-3.7433522551599068,-2.875291248729317
2016-09-09,2016-09-14,0.07010470839290066,-2.9144726326163632,0.5258958044709041,-1.3385844919953929
2016-09-16,2016-09-21,-1.4714716090502529,3.319434613456576,1.6843885049845024,-2.1630902470591593
2016-09-23,2016-09-28,-0.26480992538172177,5.278154809054289,1.37147418166644,1.37147418166644
2016-09-30,2016-10-05,-0.892529138026026,2.1947639759238786,1.3774047492117043,0.020098482632214375
2016-10-07,2016-10-13,0.340934580814874,0.656000762202356,-0.23804811875996318,-0.9956274996057348
2016-10-14,2016-10-19,-2.2636963560873333,2.532277815086511,-2.5123990753331396,-1.9178670030571943
2016-10-21,2016-10-26,-1.689908541681458,-1.4256860624864978,1.9500922662725035,-0.06155740422146682
2016-10-28,2016-11-02,3.122332123300161,-2.9138830433478304,-1.4670189747793856,-2.7969157305909915
2016-11-04,2016-11-09,0.37655627332997255,0.5323881252750017,-1.2914897833799193,-4.086808702792617
2016-11-11,2016-11-16,1.0997101300160057,-0.6563138850776971,-0.4179044903109006,0.2849316996198651
2016-11-18,2016-11-23,-0.0896746485343953,-2.848594338589774,0.0,-2.294969741832217
2016-11-25,2016-11-30,-0.6814518057240125,8.706657528953615,3.3240198306679867,4.530494865672498
2016-12-02,2016-12-07,-0.12972504035269075,-2.182626326088651,1.9664949913405922,3.275746716964642
2016-12-09,2016-12-14,0.11509163927269613,-3.80815245698356,-0.21587683783580933,1.7874965921392527
2016-12-16,2016-12-21,1.0768218893188877,-1.5049483341618866,1.0442949283980327,1.1019927855617098
2016-12-23,2016-12-29,0.15378118102483118,-0.3895747437061065,-0.09298001599665276,-2.713052612603955
2016-12-30,2017-01-05,-1.0050584740813808,0.9530110435800543,0.3897916768271674,-3.4433973276350267
2017-01-06,2017-01-11,1.2739514856966045,2.660092776330385,1.55896693443929,0.3252035386377316
2017-01-13,2017-01-19,0.717545945196272,0.5267790934859026,1.8126219379978146,2.6499246413438384
2017-01-20,2017-01-25,-0.5778873600609169,-0.45924305742101507,2.087758502155518,1.97499773095181
2017-01-27,2017-02-01,-0.04369210122718842,2.1566705558775485,-0.6514681021193753,-0.16711544136231224
2017-02-03,2017-02-08,3.0081251575212193,0.3443002636074437,1.1769308213274468,2.768277704507608
2017-02-10,2017-02-15,1.849834580983352,-0.18811141739701398,0.5632759917371033,0.5632759917371033
2017-02-17,2017-02-23,-0.7388044868299714,1.6098044001810479,-0.9034817611061188,-0.810914874925877
2017-02-24,2017-03-01,-0.811392019701283,-0.3338901265514599,-2.2358845933072096,-0.9146120686248911
2017-03-03,2017-03-08,1.0013617965390023,-5.561866458176707,-2.1912014849457,-3.6375076877011665
2017-03-10,2017-03-15,-0.871277405406106,2.301838394617549,-0.08278146168100439,0.0
2017-03-17,2017-03-22,0.11749535907882645,0.5725813543860919,-0.6151254945725856,0.02114388421029302
2017-03-24,2017-03-29,-1.1265295921226934,2.2693399493025215,1.663865186607624,2.1398676720430867
2017-03-31,2017-04-05,-0.05140701500142391,0.2937434795976184,1.0697369344907237,2.147292098187983
2017-04-07,2017-04-12,-1.7312696894180037,-0.48826388081997507,0.1316903586047734,-0.9457229556031689
2017-04-14,2017-04-19,-1.0269448918481592,-3.8275677567903204,-0.45657647553782627,-1.6978336534417906
2017-04-21,2017-04-26,-1.6429095906191822,0.0,-0.529640675883915,0.18268552731249493
2017-04-28,2017-05-03,-0.9895077210464501,0.2933782489855774,-4.8005788884099605,-3.3187474589932786
2017-05-05,2017-05-10,-1.085116077712582,3.093030069135856,1.1147449540169225,1.1565684594362686
2017-05-12,2017-05-17,-0.49493729147602,0.8190053970044403,0.6504087969176483,2.576632076422918
2017-05-19,2017-05-24,-0.4106231410070029,-0.2546275002214949,-4.8623478709410985,-2.8042008460020003
2017-05-26,2017-06-01,-1.6714191301786063,0.062105374110895104,-1.3333530869465144,-1.9223324925528713
2017-06-02,2017-06-07,1.5378321431651647,-4.962159219487888,-0.26235257723844807,0.04365859052102232
2017-06-09,2017-06-14,-0.05050143866021777,-3.553005303387572,-0.7170095696603662,-0.13404827744520645
2017-06-16,2017-06-21,-0.5350544715895775,-2.0042619174529754,0.11763323318589802,0.8905613111747713
2017-06-23,2017-06-28,0.37765789583527215,1.1012584608045,0.31243051524572807,2.820812854523632
2017-06-30,2017-07-06,-0.6601197207295968,0.9047838397770893,-2.8296418364137077,-2.4912320379896458
2017-07-07,2017-07-12,-0.8914100344100107,0.9277733878236892,1.2672225510203863,2.2824596974221985
2017-07-14,2017-07-19,-0.08113130227865356,1.4973541790162581,-0.7886644310037373,-2.842568649795142
2017-07-21,2017-07-26,-1.7121663296977319,1.6814096172155952,0.9628262437345522,2.3195343068483862
2017-07-28,2017-08-02,0.2339569921145103,0.8300482923633368,-1.1558478067739901,-0.06050216983992817
2017-08-04,2017-08-09,-1.0528372265862038,1.0541350399230436,-2.1401000202587257,-1.5853990601986425
2017-08-11,2017-08-16,-1.6896977426883637,-1.6319107520589085,0.5752652489449841,3.7534545494210656
2017-08-18,2017-08-23,-0.49360155329261113,1.6649708236564154,-2.5291347007613734,-1.664970823656424
2017-08-25,2017-08-30,-1.3462680275988148,-1.082027436170817,2.7892818778206787,2.91615861296311
2017-09-01,2017-09-07,2.027031855359782,-0.0610811380082007,-3.439328011100498,-2.1408804492152047
2017-09-08,2017-09-13,1.2953425039667854,2.2357612631113524,1.1294997046767346,1.209692170882853
2017-09-15,2017-09-20,1.1191442143247639,1.5025826122659884,0.5749991057945668,0.0795070604395191
2017-09-22,2017-09-27,-0.06393827864682504,1.0604553248797066,-1.0023214214887874,-0.9055066206262409
2017-09-29,2017-10-04,-1.6586510204655383,-0.8761505668572719,1.5676479385007616,-1.3287894326935297
2017-10-06,2017-10-12,-1.6527969104390356,-1.3541566950737232,1.6072474560838153,2.4398594884531617
2017-10-13,2017-10-18,-2.209160112541256,0.3464206697668972,-1.4708993659800806,-0.8101896169420068
2017-10-20,2017-10-25,-1.0053163308483462,-0.6712078128592793,0.8430783793724382,3.6834837583701248
2017-10-27,2017-11-01,-1.5947818761435484,-0.07361060325022047,0.42252290286391225,2.3830140836761293
2017-11-03,2017-11-08,0.12634952158096766,-0.6490681501182851,0.596597663562477,-0.12327200645297856
2017-11-10,2017-11-15,-0.04332619956549365,-0.703022273600194,-0.2535773863763741,1.668349755456906
2017-11-17,2017-11-22,-0.4565401523362459,1.8131598534383109,1.8148075546265434,0.3793762094582312
2017-11-24,2017-11-29,-1.0160184259964864,-1.232547501813264,0.2616660891171689,1.9031716298215917
2017-12-01,2017-12-06,-0.7081379520825332,-3.2969050352819105,1.2645996294958266,2.4084748383382695
2017-12-08,2017-12-13,-0.456277960200781,-0.9322026876896335,0.7218976680117548,1.2293797266053843
2017-12-15,2017-12-20,-1.6223052477466957,1.0382512369241566,0.4294432435134141,0.2750560441368776
2017-12-22,2017-12-28,-0.9158229558644972,0.2844952132231345,1.0307655685090094,0.8817959142112924
2017-12-29,2018-01-04,-0.5986811620641758,0.5987557333122763,-0.7937192394223764,-0.404171595379767
2018-01-05,2018-01-10,-1.0210530379006648,1.0749392155999333,0.32964475341790256,0.9701218315291465
2018-01-12,2018-01-18,-1.7467041245282704,0.06255865077341677,-0.9109533702978755,-0.4701466111806735
2018-01-19,2018-01-24,-1.4134808308252123,1.9056977519185199,-0.10661793714258457,0.8790599195753893
2018-01-26,2018-01-31,-0.07494707049292897,0.2780783500561245,1.6827687887815053,1.04359449278051
2018-02-02,2018-02-07,-0.5919968915694968,-2.504317812706759,-0.9901874588975009,-4.4760175641180675
2018-02-09,2018-02-14,-0.48140746944086305,2.2828617794900694,1.2768220604942406,1.9414917685817612
2018-02-16,2018-02-22,-1.155353291234857,1.59103396363479,1.267444089672786,1.722954183810315
2018-02-23,2018-02-28,-0.295562460254581,-2.4283576460424716,-0.7352373615727413,-0.3914537701386929
2018-03-02,2018-03-07,-0.7291224796607662,-2.345816536801957,-1.583930161019826,1.510872701062729
2018-03-09,2018-03-14,0.47760982635860083,0.32900177727190133,0.4424423440378769,2.273194164557148
2018-03-16,2018-03-21,-1.920430601148469,2.6933985879097837,-1.3142825439194303,1.069528911674795
2018-03-23,2018-03-28,-0.5961213832397135,-1.4053200161537132,0.8825635981390548,-1.9631568832645194
2018-03-30,2018-04-04,-1.1246956607897767,-0.09466709447921304,0.28373285112938396,-2.1056767782121883
2018-04-06,2018-04-11,-0.15632673912574482,2.0108017434451684,0.38840801742596665,0.8050132918986876
2018-04-13,2018-04-18,-0.754158151916369,2.875550136218417,-0.20476824472483515,-0.2633505545431685
2018-04-20,2018-04-25,0.12382873428516898,0.5012541823544414,0.2643561533650373,0.1616340077120383
2018-04-27,2018-05-02,0.8673569750545974,0.932028346100735,0.792025260875798,2.61604803726072
2018-05-04,2018-05-09,0.14527187378000173,3.3291166387361626,0.2806625474119494,-0.6626742614771652
2018-05-11,2018-05-16,-0.2155831234824163,0.12607692361356185,0.05598320650062915,-0.2803871176618731
2018-05-18,2018-05-23,2.187599294136882,-0.3334725891453385,-1.5145430437340572,-5.625007052194195
2018-05-25,2018-05-31,-0.5530737381818805,-1.863683581736501,-1.7622264898030844,-3.3705938556624155
2018-06-01,2018-06-06,0.9594825719527531,-1.1669102164137972,1.8514797111750958,1.563010673361239
2018-06-08,2018-06-13,-0.5468386383421402,0.3759120282617322,0.41935062202797274,-2.461382235806828
2018-06-15,2018-06-20,-1.0592053009019884,1.2670958016920393,-0.36474204570434204,4.595443206864103
2018-06-22,2018-06-27,-1.9252162865214735,2.8565883644491787,-5.251106859673564,-4.329566254799362
2018-06-29,2018-07-05,1.1735123740212219,-1.548523200472608,0.9943553971821052,1.1974561372300356
2018-07-06,2018-07-11,-1.8786107808209132,-5.0363388624336425,-0.26998240200346885,0.7915235670787604
2018-07-13,2018-07-18,2.488951316654605,1.0964220647150726,0.9262005429520012,2.200103120694978
2018-07-20,2018-07-25,-0.9347038203696774,0.5074006657730404,0.6446210662669977,-3.534240071587775
2018-07-27,2018-08-01,1.1893368211024964,-1.5575740326557797,0.21778593000130111,-0.45159957294841224
2018-08-03,2018-08-08,0.26500230342969383,-3.306936649387007,-0.16451061812372733,1.025802498396316
2018-08-10,2018-08-15,2.1551990996529544,-2.982584266693509,0.5670078787598967,1.312995961831568
2018-08-17,2018-08-22,-1.1090058179277207,0.7842016958272982,1.86894036762955,2.7044393217429112
2018-08-24,2018-08-29,-0.22850186674867665,1.6495816097784592,0.8146975669607646,0.22935789870993645
2018-08-31,2018-09-06,-0.5959131739670742,-1.2893951530039445,-0.11804634689384733,-0.3841612289542914
2018-09-07,2018-09-12,-1.452702177445738,1.5466440339167589,-2.5474501246618106,-1.9950428469762662
2018-09-14,2018-09-19,-0.2585798601124343,1.7169630722091263,-0.4370821198757211,-0.39470025867765246
2018-09-21,2018-09-26,0.7286172739274356,-1.620691977115828,-0.05540166346690781,1.2931807673353148
2018-09-28,2018-10-03,1.7981971716808138,1.6363521627210282,-2.598926439842496,-2.841024742354084
2018-10-05,2018-10-11,0.5763226507542676,-3.0664907054169297,0.6180663024126948,1.2184171457052588
2018-10-12,2018-10-17,1.0070963822466323,-3.2497914924809663,-1.4465752033912027,-0.6772848139365597
2018-10-19,2018-10-24,0.4837693335773434,0.10522360985896562,1.031322196899525,1.5208284773190668
2018-10-26,2018-10-31,-0.23779976949816178,-1.3233138578900374,-2.543166988563186,-3.4107487376946994
2018-11-02,2018-11-07,0.8664149601001222,-0.7589862837844722,-1.6013414079204553,-2.461561766186782
2018-11-09,2018-11-15,1.771429211152624,0.5150530878115473,0.07083407414997901,1.249906246599549
2018-11-16,2018-11-21,1.0521701925037994,1.8924497985739055,-5.574315364423576,-5.866229554396039
2018-11-23,2018-11-28,0.7108620945310493,-2.4663378950245307,2.7582520849969905,1.4280290272904135
2018-11-30,2018-12-05,-0.8937909734815003,-1.0770061591216202,-2.111808179284278,0.2277040832051929
2018-12-07,2018-12-12,0.6564431878546686,-1.1880556529113053,3.181604518465999,0.43010818993904804
2018-12-14,2018-12-19,0.03239395572502011,3.9120634758455313,-4.958280516543859,-5.529585080761775
2018-12-21,2018-12-27,0.31101720369833336,-3.447093391135505,1.4950629920667589,4.031827055033371
2018-12-28,2019-01-03,0.9045898422505912,1.3086103292614064,1.7744445299071911,2.836622588712684
2019-01-04,2019-01-09,0.015282676230503304,5.130337904827735,0.43972922399385617,-1.4474825725957945
2019-01-11,2019-01-16,-0.4684853992338492,0.5390848634876373,-0.4811865698698632,2.8768070176442633
2019-01-18,2019-01-24,0.8227059533592707,0.9489537903456031,1.1083047606334773,-2.196211636315511
2019-01-25,2019-01-30,-1.3996916287712586,2.070003981714548,-0.6295151320476593,2.0280223692892556
2019-02-01,2019-02-06,-0.682029384951981,0.46455532771056945,-2.3636440836503523,-2.230854535540798
2019-02-08,2019-02-13,-0.11990935406927473,1.308674500480494,1.0347468525424544,3.1806738977885183
2019-02-15,2019-02-21,0.3171854170879721,0.08783487609059586,0.10530011502992312,-2.9039183096633727
2019-02-22,2019-02-27,-2.9270453280419733,2.706717946841366,0.5081935058785662,-2.0590006769383296
2019-03-01,2019-03-06,0.38253071050105236,-0.5852637083743635,0.6736419730751398,-0.8036475076923403
2019-03-08,2019-03-13,-1.5782818739475386,2.396780239242691,0.5476652401714517,0.4110298645161808
2019-03-15,2019-03-20,-3.239353905886498,1.677328824482743,-0.2331391563910773,-2.10109418446038
2019-03-22,2019-03-27,-0.23685628173656723,-0.8049682909491764,-0.16852043084925347,1.3380363531910626
2019-03-29,2019-04-03,1.785480245506795,-0.11200897242740107,-0.5458353574446206,1.0194417692235014
2019-04-05,2019-04-10,0.49705154593088524,0.8859932053609086,-1.5753269705639368,-1.1830773109716273
2019-04-12,2019-04-17,-0.7753949553392584,-0.42270121647217174,0.4383225552526512,2.9677603084256283
2019-04-19,2019-04-24,0.7646020082073772,-0.4236012385606118,-1.1129011883393372,-4.1321158904184125
2019-04-26,2019-05-01,1.6100225023559454,-0.43963016325028836,-2.8733022127376473,-2.501524527586083
2019-05-03,2019-05-08,-0.1304335321154096,1.165627573429463,-0.8891821579248248,-0.775573446524922
2019-05-10,2019-05-15,1.2773658565322736,0.3391202281055967,1.4404858553816007,1.1859113344414198
2019-05-17,2019-05-22,1.5433828259189355,-2.5716621316452275,-6.334526829760828,-5.041962517849501
2019-05-24,2019-05-30,0.4696412340780731,-4.111237204849152,-5.421480314158651,-5.871171909521087
2019-05-31,2019-06-05,1.5256506019113651,-3.6741545839093273,1.9585879538385274,4.511758364127623
2019-06-07,2019-06-12,1.1121106544936192,-4.1564922079890865,2.4153429987657904,2.5870168606712394
2019-06-14,2019-06-19,-0.12525736930151873,-0.22304841961076216,5.67861823076403,6.501524038803461
2019-06-21,2019-06-26,-1.9658733589410273,2.63713912400277,0.016899028346076084,-1.6529301951210582
2019-06-28,2019-07-03,0.10900403721120024,1.8751655050204683,0.5069497790025653,0.8898252902364241
2019-07-05,2019-07-10,-0.950249068040329,4.599877507057652,-0.582315928820087,-0.48224920932929555
2019-07-12,2019-07-17,-0.10304570564228259,-1.6500286587573458,-2.545396429194119,-1.930009871756283
2019-07-19,2019-07-24,-1.7103522340219148,-1.2091185712367616,-0.03578457722923211,0.2501341307752728
2019-07-26,2019-07-31,-1.5890446056285243,0.84070152871425,-8.724438488965175,-5.009804110771307
2019-08-02,2019-08-07,1.0141386937767094,-4.698209821371576,2.8149149880623607,6.198099063479337
2019-08-09,2019-08-14,0.5176935986420329,-3.369002338298362,-1.185388184891148,-0.6000563509143926
2019-08-16,2019-08-21,-0.21213093156097934,-0.947874395454377,-0.5766820811535422,-2.8617645986845215
2019-08-23,2019-08-28,-1.5263132526779013,1.3905415932545118,1.6188203729259463,-1.2451663177878278
2019-08-30,2019-09-05,-0.5507400571910154,0.19546874282368162,0.21280376890484431,2.714464885666059
2019-09-06,2019-09-11,-1.493873038504132,-3.0259762516035007,-0.9567723496152427,-1.6301755677496508
2019-09-13,2019-09-18,0.30326734044269665,-1.8221023476840588,0.0,-0.4650770591117595
2019-09-20,2019-09-25,0.82823827051671,-1.478900193599761,-0.24862381835569822,-0.7656050928032212
2019-09-27,2019-10-02,0.5734878041103256,-1.750303458145835,-0.49486206812231526,0.3222446158826601
2019-10-04,2019-10-09,-0.05797256976006711,-0.018998765137411944,1.770291052718128,3.9673701054560526
2019-10-11,2019-10-17,1.4227093950298584,0.8759724263590393,-0.260126493763321,-1.1383905713271631
2019-10-18,2019-10-23,-1.2479988017308956,3.0698986888806687,0.3749669601827074,1.103017765527331
2019-10-25,2019-10-30,0.3234144371948572,-0.8893787637540606,-1.524783835676975,2.1463534747566935
2019-11-01,2019-11-06,1.0636836654471877,-1.5726094921588372,1.344439143058023,1.5375402300073866
2019-11-08,2019-11-14,-0.3075910269289287,-0.5464976139921159,1.7001548768337398,0.4409567070977483
2019-11-15,2019-11-20,0.09420253761570029,3.1890914671407664,2.868016162864833,1.6959930950757054
2019-11-22,2019-11-27,0.23361419804965927,-0.2234253743727886,0.0,-3.7694005798813954
2019-11-29,2019-12-04,-0.26475127712433005,4.031607849864774,-0.06844627235049212,1.2578782206860186
2019-12-06,2019-12-11,0.6330001710170641,-0.8138396902971164,0.7462721201589594,2.3055291280596686
2019-12-13,2019-12-18,-0.19144078068788667,0.08209507069725004,0.6054178681762713,-0.8239993886935885
2019-12-20,2019-12-26,-1.0257446423049863,0.8951154240486446,0.0647878221560671,-0.0972605036955836
2019-12-27,2020-01-02,-1.811996903632482,0.049055679178502336,2.9477853137059093,3.375440990431939
2020-01-03,2020-01-08,0.5068440038321527,-4.986729909494994,-0.15099407281168542,-1.061777902913167
2020-01-10,2020-01-15,-0.6176648254134309,-0.8261664891586395,1.134227660393451,1.1854790495737257
2020-01-17,2020-01-23,-1.2581643020530084,-2.2268667589771995,-2.5913858818734172,-4.457459810648974
2020-01-24,2020-01-29,-0.544376809622267,-0.07503283038199852,-2.0857790653369066,-3.2614695855492206
2020-01-31,2020-02-05,-0.2449293666625433,2.5484158333631086,0.13751107166373816,-1.0473369127503747
2020-02-07,2020-02-12,0.659689058864376,2.2348403663761767,0.5461296975505263,1.7449066210304287
2020-02-14,2020-02-20,-0.49144984398863906,0.8591759986917004,-0.7654289214218475,-4.5856031439881
2020-02-21,2020-02-26,-0.5205672216017542,-2.255047309408302,-3.1304726549192683,-8.218526567801488
2020-02-28,2020-03-04,-1.1902345205232647,-1.0420083649112055,-1.8990644089533506,-12.847487693122186
2020-03-06,2020-03-11,1.301481206248744,-3.965016421696938,-4.854872033413113,-4.349181954515741
2020-03-13,2020-03-18,-0.08230235544301909,-27.49054858727992,20.302056020702388,-5.0060501956918
2020-03-20,2020-03-25,-0.32358230020328604,-1.3403743037901155,-22.31435513142097,-29.299737851512614
2020-03-27,2020-04-01,2.7637779293944735,-1.1277393361306822,21.64148498932187,33.53445229409442
2020-04-03,2020-04-08,2.075582540624608,5.897400245955125,-8.65381937314879,-11.040145600478338
2020-04-10,2020-04-15,4.012907177987953,-0.9474017509373915,-0.7038741981476048,-8.628291219689869
2020-04-17,2020-04-22,2.57555648177351,42.58324109325982,9.90355699564314,15.895687443054687
2020-04-24,2020-04-29,0.9978457690079918,19.30168459107026,24.575824107899464,27.092003065279563
2020-05-01,2020-05-06,1.6772750346797791,-2.8077814754540387,-0.8410478508596404,3.4975793008923604
2020-05-08,2020-05-13,-0.20301225725966388,-1.525552762496234,7.697563978283398,14.878692024948492
2020-05-15,2020-05-20,-0.9559808459444902,3.8267651370394664,2.181047257288862,-0.20879947928921797
2020-05-22,2020-05-28,2.1472103942401897,2.6178717782885146,5.489535278738067,5.264373348542209
2020-05-29,2020-06-03,-0.7160362014578652,1.2127894238099182,0.2408027919451247,5.6250182372065725
2020-06-05,2020-06-10,1.5410596982387093,1.4264123663056203,-8.192020672199837,-8.714933656769217
2020-06-12,2020-06-17,0.8288671549889591,-0.9190034483863407,2.2947551923632385,4.663990964872853
2020-06-19,2020-06-24,1.519393682652874,-6.361485543886097,1.959054425194132,1.6222229109822819
2020-06-26,2020-07-01,-1.1752022920875587,1.5414076503719254,1.715393212471812,1.5673912120961555
2020-07-03,2020-07-08,2.35057085195421,0.7852801090500696,-3.153582247951986,-0.859217265837935
2020-07-10,2020-07-15,-1.1147559585855547,2.2086787402843506,-1.1227845556821008,-1.590247579405894
2020-07-17,2020-07-22,1.7208407822894267,0.28694424279529607,-2.1480251486089887,-1.5642239283527561
2020-07-24,2020-07-29,-1.693474515957012,0.5852247865781891,-3.161537700610869,-2.5361447929809264
2020-07-31,2020-08-05,-1.0744919713091596,1.3822908368820797,-0.7602792620511544,-2.613744283733405
2020-08-07,2020-08-12,-0.6902851275527301,2.5438195632662635,-0.8013241087414124,-1.2994866856367808
2020-08-14,2020-08-19,-0.052924797336903376,0.046620047464404714,-0.6781272332962185,-1.3845111453389334
2020-08-21,2020-08-26,-0.08761761521261048,0.09261403764556352,-0.7666433181295248,-0.5802499743232536
2020-08-28,2020-09-02,-1.2512346161212553,0.0,-3.2563780396203383,-7.450381936187048
2020-09-04,2020-09-10,0.5632107554998107,-2.1249139482126274,0.21453481009238684,-0.05370569409430242
2020-09-11,2020-09-16,-0.6628140526865316,4.793168288198765,2.0207686145055375,2.2644334524127623
2020-09-18,2020-09-23,-0.26159463499724317,0.9311757229600379,0.47482283386981566,0.3500878794409056
2020-09-25,2020-09-30,-0.613019255000726,2.5798092321844535,-3.9210725687550663,-8.19171224678867
2020-10-02,2020-10-07,-0.4441158954393249,-1.7426380744432424,3.0177902226463855,1.5450095516220446
2020-10-09,2020-10-15,-1.2110204777790696,-0.04895960930111225,-0.343390084791554,-0.36796312828663175
2020-10-16,2020-10-21,-0.6912626142007795,-3.668103537968244,1.4438886645961864,-0.3768375267130174
2020-10-23,2020-10-28,-0.1029365579091974,-5.405309946974598,-3.63378321357542,-4.472011088855851
2020-10-30,2020-11-04,-2.3533542809271863,4.005246774122654,-1.0576649608272934,-5.268534640207727
2020-11-06,2020-11-11,-0.0844105524228136,0.1213445119165282,-0.8036083670052593,-3.203822564367867
2020-11-13,2020-11-18,0.0180438211834306,0.9652584598008973,-0.1682490482222072,0.8370250949333718
2020-11-20,2020-11-25,-0.21237100686502555,1.9271833571648953,-0.8371936979352627,-2.3081361988316624
2020-11-27,2020-12-02,0.5961411059505322,1.5372921660530103,0.9243023551225675,2.186835451038224
2020-12-04,2020-12-09,3.3463334083364944,-0.3511856111539659,2.7755467721532328,2.411325694637019
2020-12-11,2020-12-16,-0.550394022420585,0.5867577605415738,0.9979292795109864,2.43562091477286
2020-12-18,2020-12-23,0.4736840613631395,1.937718589431471,0.49937681804869744,-0.9220517965642716
2020-12-25,2020-12-30,-0.2654139918362521,0.811743451996671,0.22776694803732225,-1.6090619855703359
2021-01-08,2021-01-13,-0.570645967891091,-0.50996427451649,1.2420182241798423,-1.0660675873921408
2021-01-15,2021-01-21,1.0411567707892444,-0.30143202929227014,-1.3678024796100565,-0.4159582476943756
2021-01-22,2021-01-27,-2.541440458742616,0.3794350976126005,-1.0469306626375452,-1.2384649100444385
2021-01-29,2021-02-03,-1.1383437062147588,1.629880339978635,0.9297402928690437,2.0094923531689233
2021-02-05,2021-02-10,-1.9727764379569914,0.5981390130667734,-0.8040416252765942,1.370695798134102
2021-02-12,2021-02-18,-2.2553305930491674,-1.1359081720906437,-2.141982830082297,2.080848406263216
2021-02-19,2021-02-24,-0.004111263329871717,2.4827094026203222,0.3474419161598288,-2.6612663853744865
2021-02-26,2021-03-03,3.72810246886128,2.69370992393359,3.9640798242363267,7.459700957483034
2021-03-05,2021-03-10,1.663575033243728,0.6694194843479392,2.4067997039850533,1.7533515920447644
2021-03-12,2021-03-17,0.07404841987067805,-0.41740804207497356,-7.392923581912815,-4.9541802116815425
2021-03-19,2021-03-24,0.19693833468173527,5.671579545636216,-4.4325342670685925,-0.3113480597862007
2021-03-26,2021-03-31,-0.4870559889050859,-2.2716861296467625,3.682007963867423,-0.7801939168205606
2021-04-02,2021-04-07,-1.0921147965080114,0.7220247973487097,-0.2680517604327656,-0.8063205116886525
2021-04-09,2021-04-14,-2.1311790677814098,4.784049648172473,0.42664203137012097,0.015834059094121156
2021-04-16,2021-04-21,-0.5284901268451876,-2.0492851071113494,0.17916773259383198,1.3601245944502314
2021-04-23,2021-04-28,-0.7318546712993564,1.2299114355236778,1.847735201538157,-0.4870011981609542
2021-04-30,2021-05-05,-2.3789267565035286,-0.13703846834359534,-1.3808135928212446,-1.026121263220888
2021-05-07,2021-05-12,0.29206750112955515,0.9903333776832249,-3.2981876841300584,-0.9750229589133754
2021-05-14,2021-05-19,0.13241249143868122,-3.4328135770563644,-2.1241715384246986,0.5201367231314317
2021-05-21,2021-05-26,-0.18267691788177567,0.2110341452486795,0.6902788513265063,-0.1506932171845983
2021-05-28,2021-06-03,-0.7617358203514132,0.029069767646568986,1.0984356721161435,0.5796277639383474
2021-06-04,2021-06-09,-1.1933682368996166,-0.29997879791116633,0.6274977806071759,1.5614227801550797
2021-06-11,2021-06-16,-1.3333154088285553,-0.04164064186756409,-1.3558108308390528,-0.5429121708760475
2021-06-18,2021-06-23,-0.941865203688925,-0.054697116090888453,0.2731868930270773,1.4933755676817457
2021-06-25,2021-06-30,-0.2944410021620496,0.5182065326196412,2.432098379017182,2.4851839807946994
2021-07-02,2021-07-08,-0.6566911901428801,1.0468415158990072,2.1418739369034228,1.671348097374053
2021-07-09,2021-07-14,-0.4508133405682203,-2.9401983065693127,-1.9208771361308614,-1.7953803616595705
2021-07-16,2021-07-21,0.7827189258901373,4.274527751507595,2.6544638382198835,2.779126227104887
2021-07-23,2021-07-28,-0.09844503332980885,0.9580080211361324,1.7124879072838766,2.132685069097242
2021-07-30,2021-08-04,1.173662260404086,-3.529862976314313,1.3256804241062685,0.10260169459994882
2021-08-06,2021-08-11,0.33154553267673964,1.4095997403170522,-0.2600781700057256,-1.3657047948467398
2021-08-13,2021-08-18,-0.29969226244900105,-1.7291497110060994,-2.5882886168473043,-4.875191520693044
2021-08-20,2021-08-25,-0.135454095401904,1.5289918567978762,-1.6475806640548187,0.43674548968758753
2021-08-27,2021-09-01,-0.5402340694681229,0.2918431956136688,2.0764985461899244,1.0292183336334113
2021-09-03,2021-09-09,0.7309097803720854,-1.5986388993725318,2.2596558198328722,3.285598132934491
2021-09-10,2021-09-15,-0.9601183176073149,2.878902007666152,0.13766521997947517,-0.6911832880262064
2021-09-17,2021-09-22,-0.3666192340983081,2.60373051470872,1.4540722585482755,2.4702723183408533
2021-09-24,2021-09-29,0.845047712928989,-0.5049844618327228,0.2129359335315448,1.2577116871074248
2021-10-01,2021-10-06,0.4089408332836875,-1.9257114879821167,1.0248616477885293,2.4045430480274534
2021-10-08,2021-10-14,0.6654465631935149,0.9376996530156994,1.1720314848458537,1.4508026489578416
2021-10-15,2021-10-20,-0.11042091452583876,1.4440253306115214,-2.107357679052843,0.15390993389247876
2021-10-22,2021-10-27,0.6150060552606684,-3.541665463789581,0.14506772370001755,1.0110822773223525
2021-10-29,2021-11-03,-0.3132172378978073,-3.7520336231650457,-2.4296749355947593,0.53063615595194
2021-11-05,2021-11-10,-0.19184118293120353,-3.49597137716366,0.2950217259687771,-0.44417099551317085
2021-11-12,2021-11-17,-1.2301313011458963,-3.0678795222381923,0.7631682932159843,-2.862333594295466
2021-11-19,2021-11-24,0.04266519575779723,0.0,-11.402351295639908,-16.90292906686081
2021-11-26,2021-12-01,-0.16510162739786338,-1.0640015259155196,1.7570885251851713,1.441275043657636
2021-12-03,2021-12-08,0.7012220798691482,0.6788139939756824,-2.1773365385070043,-0.999037031275136
2021-12-10,2021-12-15,-1.0707237442537316,0.4524254854187371,2.0247846657025756,0.05640953470693621
2021-12-17,2021-12-22,-0.5208625199378564,2.3903305938092148,1.4586858053269043,3.6009554404246025
2021-12-24,2021-12-29,-0.27794964270580763,0.7471035471199367,0.3259242830395108,-1.6457484211545088
2021-12-31,2022-01-05,0.758196182726631,1.072153911761295,2.085263098079116,1.492089149572463
2022-01-07,2022-01-12,-0.6473214906620559,1.6373777343167455,-0.6566171451312662,1.5752144380673465
2022-01-14,2022-01-20,0.28427412531154544,-0.6353628489874904,-1.318187649493751,-2.119889656226482
2022-01-21,2022-01-26,0.4444565050708777,1.9664518414087455,-0.818465407876841,-0.7500035156546552
2022-01-28,2022-02-02,-0.7824497102945824,-0.06803492721893124,2.254343210721108,4.556571618586011
2022-02-04,2022-02-09,-1.3483336256341711,0.279501551514679,0.2898552754011479,3.865374179591752
2022-02-11,2022-02-16,-0.3457843848954103,1.8935477002203902,-2.209022533527082,-2.777205880270169
2022-02-18,2022-02-24,0.6576468530237662,0.6814152157409257,-1.181905869875061,3.557813041254463
2022-02-25,2022-03-02,-1.1116606922355217,6.60687986332607,-2.7928382054031586,4.442035282281601
2022-03-04,2022-03-09,-1.496722251833729,-12.777087530099484,-2.682474335451587,0.45846403428233073
2022-03-11,2022-03-16,0.3854566275294344,-1.6416952596453074,8.21409872876362,9.870690595024039
2022-03-18,2022-03-23,-0.32815301304685496,3.4174713799099163,-0.6023851643363528,1.1337695552537512
2022-03-25,2022-03-30,-0.8365072909967805,3.3578557872115744,-6.9914228133697796,-8.202345791106078
2022-04-01,2022-04-06,-0.08582523726214951,-5.637425383113294,-0.35335725813111274,2.0130083039191127
2022-04-08,2022-04-13,1.059028385644508,3.6531066664568597,2.4444608901800144,3.746320452257254
2022-04-15,2022-04-20,-2.025376763542678,0.01950268168053265,1.2884653910080364,0.29208471744102793
2022-04-22,2022-04-27,-0.5595284758712115,-0.6452266005904204,3.3845972780608267,2.5467365258262156
2022-04-29,2022-05-04,-0.34687653331811613,5.049320848199708,0.3055416478201267,1.7283018905405612
2022-05-06,2022-05-11,1.7764748898838751,5.614415279814477,0.6142235233144034,4.64855471390945
2022-05-13,2022-05-18,-0.7039056547246916,-2.378704820282726,2.289625890465735,2.6632253287487533
2022-05-20,2022-05-25,-0.16104307724494585,0.2927740191817291,2.89014746502119,1.8258934226210943
2022-05-27,2022-06-02,-0.635458663388908,1.3957321433923693,1.7723593045990693,1.3005410900421317
2022-06-03,2022-06-08,0.18925243596201344,1.979442657533638,-0.345026219215267,-0.9972473135374005
2022-06-10,2022-06-15,0.5354860443852766,-3.0740125359695556,1.9237968780515278,-5.123852837532399
2022-06-17,2022-06-23,0.5681661238029234,-0.4434597067865753,3.091206001426415,5.240851154516292
2022-06-24,2022-06-29,0.49967983673838234,-1.7842557582808518,-3.5462446184058383,-1.2165052026710226
2022-07-01,2022-07-07,2.1851821860711205,4.206934704707123,2.0435905129575027,1.3953052528715069
2022-07-08,2022-07-13,1.700331110945842,0.7648025858004024,-0.6624903198671231,1.1614532420693082
2022-07-15,2022-07-20,0.18114902616907855,-1.586204126696413,-5.926126247971976,-6.670458004632304
2022-07-22,2022-07-27,0.027129017211511376,2.315924915508065,-0.9239796578472219,1.2714982068496667
2022-07-29,2022-08-03,1.2490172673797555,-4.08691783936738,-2.1242805946935444,-1.5998611693003164
2022-08-05,2022-08-10,1.420627539487397,1.5969678257132538,2.441435817128712,0.18993358036523159
2022-08-12,2022-08-17,-0.9441123920757278,1.7992488930119959,2.5537926849365395,2.9286257877918427
2022-08-19,2022-08-24,0.003390517322750326,-0.9792764996533851,-2.319405006663654,-1.9984804693494185
2022-08-26,2022-08-31,0.46260801374078125,-2.184859375027854,-3.3867103958700366,-3.1573261916090236
2022-09-02,2022-09-08,2.095881606595186,1.849458263616453,3.7713885198420125,4.808730395299185
2022-09-09,2022-09-14,0.8002667756471664,1.1770167570154029,-3.6200974725998236,-3.795239090141113
2022-09-16,2022-09-21,0.3485988988571423,-1.5589058480856866,0.7646393288585217,-5.307493636981523
2022-09-23,2022-09-28,-0.2245256825340722,4.582277604147026,-1.0098023637917601,-3.322973718804255
2022-09-30,2022-10-05,-0.4269777980038289,1.5420946404964397,0.7678447843065347,5.351820352082537
2022-10-07,2022-10-13,1.2851955883431987,1.9840578680461147,-3.973429517580197,-4.0896410355979285
2022-10-14,2022-10-19,-0.5063827692196141,3.201880230625862,0.023253110208246185,-0.6181859075581145
2022-10-21,2022-10-26,0.14659408868332371,2.7905622008788096,-0.369851920620485,-1.737800446665513
2022-10-28,2022-11-02,-1.0453685001559696,1.9056736321509247,-2.1549655459584662,2.7597020729698736
2022-11-04,2022-11-09,0.37530762504933324,-3.448420041325041,0.8473151499984026,3.830571793353582
2022-11-11,2022-11-16,-1.5299292911628588,-1.449384755502914,-4.698730536302224,-6.701764863225767
2022-11-18,2022-11-23,-0.8616941236946936,-3.653719589028337,-1.9174055480398289,-1.0707707286185917
2022-11-25,2022-11-30,-2.203814069891568,3.181283171206913,0.7180914848733492,-0.7733604716353868
2022-12-02,2022-12-07,-0.2506253276406939,-3.1205488102777177,-0.8797096459014753,-1.2309569336155335
2022-12-09,2022-12-14,1.5985330326391682,2.2284314454879706,-1.6337029364260254,-3.899258257864719
2022-12-16,2022-12-21,-0.46900935509476194,2.9205787930566576,-0.6288118249169556,1.7751195157204296
2022-12-23,2022-12-29,0.61845284601731,-0.58479698824231,2.1818130111979506,-2.009082386353455
2022-12-30,2023-01-05,1.2307093919143062,1.0790243323327258,0.21712588255962084,1.4565328298360645
2023-01-06,2023-01-11,3.7330207839694927,3.080796838868568,1.1041324135648845,3.101417868562298
2023-01-13,2023-01-19,1.6620277604561968,0.9759837231327074,1.1882798564742554,1.6180183777288744
2023-01-20,2023-01-25,0.12453707468635475,-0.10022551578146885,1.072195784579792,-0.06269199628564585
2023-01-27,2023-02-01,0.3865796594070495,-3.361769338456743,-0.6175697967100173,-3.9273111696613703
2023-02-03,2023-02-08,0.5717061721416465,1.6705605669870234,-0.5494870384471273,1.605495581382713
2023-02-10,2023-02-15,2.5079851930017343,-0.647005111468599,-0.15284680086884672,-2.9185955886188246
2023-02-17,2023-02-23,0.9965789123745817,1.7559596008482405,1.228143531962699,0.4110593867337068
2023-02-24,2023-03-01,-0.26427507428667935,0.8934989840743236,0.6168892458660851,2.608456306939118
2023-03-03,2023-03-08,-1.0185512097525928,-1.1557819718178803,-1.2618463959211574,-0.01306250410061692
2023-03-10,2023-03-15,-0.2590797737954082,-5.4863642103639965,1.1362920164135026,-1.149352155331864
2023-03-17,2023-03-22,0.5469419959821609,1.8700138103390347,-1.3382887665004233,-2.1297167408951183
2023-03-24,2023-03-29,-1.303677134716484,-0.23276521770999367,1.8605819536788253,3.6739649774828265
2023-03-31,2023-04-05,-1.1304235408772338,-0.012392341548803275,0.012392341548787943,-1.1216468540225515
2023-04-07,2023-04-12,-0.8616659761549241,2.0874544375722093,-1.3299676146526642,-0.8200721308885288
2023-04-14,2023-04-19,-1.0674016107609992,-2.0871844345131114,-2.441795973249224,-1.6811399495675001
2023-04-21,2023-04-26,-1.608438853887584,-3.593992302892261,0.5902096274621997,3.2429550835449543
2023-04-28,2023-05-03,-0.8171776703608828,-4.404617046417967,-0.14583639743846177,3.859275556463589
2023-05-05,2023-05-10,0.2712867555062077,-1.5731122571730456,-2.4000035711638437,-3.521935384880152
2023-05-12,2023-05-17,0.7875273835433011,2.6876226047324483,-1.3278203386077099,-1.6765200433507714
2023-05-19,2023-05-24,-2.1456742326615,2.0375603033018113,-3.68408660485338,-2.7537181637716057
2023-05-26,2023-06-01,0.9330303024113132,2.8656085259006447,2.354708723830735,2.8828544963159546
2023-06-02,2023-06-07,-0.18962116927392614,1.1232177992166728,-1.7246602724096383,-3.3084037822722734
2023-06-09,2023-06-14,1.3453073130564037,-1.7004987920957886,3.443400053775583,5.1285965131726545
2023-06-16,2023-06-22,-0.10909887238370954,-4.6986141122998655,-0.4488532838081615,-0.18798357064946103
2023-06-23,2023-06-28,-0.5654360695264137,2.7111411281747553,0.4447959123255319,1.5977515351283662
2023-06-30,2023-07-06,-0.061269086756470297,-0.02786679689205254,2.9520919046254677,1.7816920446167661
2023-07-07,2023-07-12,1.669381476061149,1.194915970068807,1.4283149193415996,-0.43647976180798975
2023-07-14,2023-07-19,-0.014096810928662091,-0.476317386391244,0.3310165220454624,2.177706418410104
2023-07-21,2023-07-26,0.5822284980832493,-0.8182836620277945,1.3310091021555357,1.8038820589678348
2023-07-28,2023-08-02,-2.5687055482160233,-2.324963304827978,2.558192404596829,4.0187831217056145
2023-08-04,2023-08-09,0.9941655143977837,1.685735417374211,-1.8425981946368526,-1.4088103111381116
2023-08-11,2023-08-16,-0.7622828413480646,-2.0691252947072387,1.288887266288751,2.3032452956756835
2023-08-18,2023-08-23,-0.46323698490237236,-1.6838799477181632,0.7700599815374987,1.9576481625097946
2023-08-25,2023-08-30,-0.8194685264970825,0.6143280163342921,2.312591709975865,4.643092877514575
2023-09-01,2023-09-07,-0.6648260406648873,-0.7797310460031618,0.734032427591053,0.4937714573727299
2023-09-08,2023-09-13,1.1063489380904308,-0.31556433264428096,1.7234088144377435,2.4970643090181057
2023-09-15,2023-09-20,-0.09603413135610468,-2.173516479151977,0.4027752144590463,0.8928630744301398
2023-09-22,2023-09-27,-0.5804564809803479,2.4204315044703915,-2.1800992935325123,-3.144913268250335
2023-09-29,2023-10-04,-0.692252545871007,-5.693437440807177,-2.424797711002804,-1.7828770182879354
2023-10-06,2023-10-12,0.8318443965174152,-0.9965862634478548,5.6306650739543125,4.4603901300663935
2023-10-13,2023-10-18,-1.051913643809342,1.9313782453942097,1.125504283973175,0.8677577413268636
2023-10-20,2023-10-25,-0.11853838726128028,1.746308661704048,-2.672791117334574,-0.034861426185369644
2023-10-27,2023-11-01,-0.3108915592858892,-0.725308975995893,2.425617123589342,0.17258386926699246
2023-11-03,2023-11-08,1.9125666142997584,-2.7438168844818844,0.6439341522542471,3.8916422654939935
2023-11-10,2023-11-15,0.2822168593456853,-2.242964904265866,-4.846617259037897,-0.8853071753036182
2023-11-17,2023-11-22,1.2728513138015929,-1.9981328648403338,-2.5985766061359303,-3.0942571709055686
2023-11-24,2023-11-29,0.5556096106757517,1.9134980186019752,-2.4802211169567943,-5.104903117916012
2023-12-01,2023-12-06,-0.15817310431898662,-4.2154825824682,0.028989708856440533,2.703060531346983
2023-12-08,2023-12-13,-1.3535021536230176,1.1939571070514647,3.0223255493329715,2.797385204240595
2023-12-15,2023-12-20,0.9653324844999832,0.8701618467668051,-0.3797644602138784,-0.7882617602887564
2023-12-22,2023-12-28,-0.8590553121088141,-3.130167394864881,-0.18066852249489243,-1.9630467720488727
2023-12-29,2024-01-04,-0.3077415172623165,-0.8118379641932448,2.2135075068573444,-1.8405427542715298
2024-01-05,2024-01-10,-0.12747525062523998,-1.1944586456728759,0.8071293469373982,1.8961193630028035
2024-01-12,2024-01-18,-0.6611234180916433,2.080151137541635,-0.8512989726675108,1.2568690659708244
2024-01-19,2024-01-24,-1.5067934456886767,1.011992657976225,3.1686593842417174,3.859375867869208
2024-01-26,2024-01-31,-0.01273943762930331,-2.6136822264539,-2.5492617878975063,-4.7794330862995
2024-02-02,2024-02-07,1.0286009064034116,0.5807295677859955,3.1938048821868894,3.960390848920116
2024-02-09,2024-02-14,1.2476988384690566,-1.5318572056704682,1.7742815668210903,3.266846588488681
2024-02-16,2024-02-22,0.001184702535233096,0.9462002088997229,-2.594905200682251,-1.4035761809212304
2024-02-23,2024-02-28,0.292579234378326,-0.4521484718845896,-0.2773227543146533,1.8211804327528929
2024-03-01,2024-03-06,-0.363670121178188,1.2186845973660088,-0.33773251190475573,-1.4084739881739086
2024-03-08,2024-03-13,-0.6402130204662625,2.714075373871873,1.830180667141973,1.5620513169842078
2024-03-15,2024-03-20,-0.08659757364116483,-1.9141630019160587,-0.9709992542628252,-2.062432002934744
2024-03-22,2024-03-27,0.7598446934163195,-0.31599442920149445,2.1793650469155,2.867795065536667
2024-03-29,2024-04-03,-0.005939259498673439,0.31364374901303116,1.3249804991014764,1.6905698472275716
2024-04-05,2024-04-10,0.0955159439943524,1.0865902769962952,-1.3775757584618438,-0.5996327930006735
2024-04-12,2024-04-17,0.25717811967152066,-3.0285705954169404,-0.09576251629595449,0.25094116054259286
2024-04-19,2024-04-24,-1.5796837973633655,-0.09509093786781544,0.9821982990248634,1.522422748500934
2024-04-26,2024-05-01,0.8322649724078675,-3.398828893000589,-0.1364002939483208,-1.3096538919845568
2024-05-03,2024-05-08,-0.604439746681271,0.7474807445305861,0.35928924235202575,-0.9477561901186944
2024-05-10,2024-05-15,-0.6623989815004799,0.7632192193393503,0.7698076257551077,1.7666776125864887
2024-05-17,2024-05-22,0.8055330004279575,-1.8898003118200848,-2.145402168321014,-0.85009710699135
2024-05-24,2024-05-30,-0.7476881327735473,-1.6080748528453912,-1.261725780371746,-4.799260995993475
2024-05-31,2024-06-05,0.16907752977012447,1.0847110037102934,1.8997932853743973,1.9128609103521605
2024-06-07,2024-06-12,0.27032666135716094,0.8583743691391655,0.0628259114715371,-0.18871490786519624
2024-06-14,2024-06-20,0.032516696456225784,0.8071846729723196,-1.975223259769144,-0.8555815281214463
2024-06-21,2024-06-26,1.6011486995493025,0.2680313495469437,1.0288779257170062,0.7756674449764056
2024-06-28,2024-07-03,-1.7241319933955026,1.299640220994237,-0.884283307462929,-1.8481748661314732
2024-07-05,2024-07-10,-0.48094749451914587,0.7341911778307535,0.6335565989147797,0.11984661070151435
2024-07-12,2024-07-17,-0.48144481747365125,2.6976587698202077,0.011881423408496277,-3.2975993510359634
2024-07-19,2024-07-24,-0.11665327504938855,0.687813181619805,0.8216973102281024,-0.2541943412446188
2024-07-26,2024-07-31,0.35864233832741943,4.102677859192051,-2.0624537552540336,-5.6639691663319445
2024-08-02,2024-08-07,-0.8087027551615533,2.7500410967728772,1.244184012336572,2.065122435043174
2024-08-09,2024-08-14,0.8559636187607,-1.6932423748535659,1.50511916141162,-0.5366739177940787
2024-08-16,2024-08-21,-0.21346642054490603,-3.3915295396518994,1.3107779151701016,4.119575643826712
2024-08-23,2024-08-28,1.0418434092069393,-1.3290543680956697,1.850567936006501,-1.293265141814576
2024-08-30,2024-09-05,-0.699856867585091,-0.028530670664283223,-2.1779183477459205,-0.6297430286418652
2024-09-06,2024-09-11,0.29933552711737477,2.2522807149553823,2.3745143423968544,1.944344479168959
2024-09-13,2024-09-18,-0.011320529922510909,-0.4026944274016865,1.3680860100066479,1.1757518388872072
2024-09-20,2024-09-25,-0.8364774032180992,-2.6899912797045507,-3.0860415800666647,-2.4437036050906613
2024-09-27,2024-10-02,0.6454419989175783,0.4675885246292696,4.950345495986759,5.754316059888501
2024-10-04,2024-10-09,-0.01718100875780924,-0.553643977154534,3.473171929087784,3.0143653301911355
2024-10-11,2024-10-17,-0.3230482901678789,0.40779076407985804,-2.0987724419061977,-0.14042973800557046
2024-10-18,2024-10-23,0.7233997182221829,-2.038764187643114,-1.1130794735852032,0.9066245237753042
2024-10-25,2024-10-30,-0.44817801785689304,2.097004769134895,0.9675864354679373,1.2975960613193636
2024-11-01,2024-11-06,-0.2644042860314351,-0.38824230686095446,0.9815520845659346,-1.8084182468022083
2024-11-08,2024-11-14,0.2602929471233366,0.333938604336873,-2.435566400082771,0.6789480757910623
2024-11-15,2024-11-20,-0.18050486003033062,-0.7194275634027085,1.632806255259241,3.448862359922729
2024-11-22,2024-11-27,0.06100934406160143,-0.028968713991691958,-1.1217249236823128,-0.9899629545425688
2024-11-29,2024-12-04,-0.3236142276374972,-1.928672333408147,-0.33481361796142406,-0.33481361796142406
2024-12-06,2024-12-11,-0.812644059264456,2.467489983807496,-0.45448167988835914,1.3651608818132952
2024-12-13,2024-12-18,0.239982600574126,0.6944964488604021,-0.9936206659129719,-1.5515221201366824
2024-12-20,2024-12-26,-0.17152813683569285,-0.6938080928725643,1.2706651269114881,1.8999938244904118
2024-12-27,2025-01-02,0.5851371388960143,1.8464588055062787,1.145333546881293,0.702231109910258
2025-01-03,2025-01-08,-0.6137284667436188,-1.342482237583846,4.337583300803292,7.270718845198379
2025-01-10,2025-01-15,-0.5998477358712454,3.1840605855658843,-1.7241806434506217,-2.724758936071365
2025-01-17,2025-01-23,0.38453884918146425,-1.4423008870311422,-0.08000000426666934,-2.0466582171641092
2025-01-24,2025-01-29,0.34730790207621814,-1.6452883203406998,0.21911813751985576,-0.13719305211268712
2025-01-31,2025-02-05,1.4451256485985433,-2.2849432772343916,-0.5900550977477651,-0.09810105194296458
2025-02-07,2025-02-12,-0.30755544486906133,-2.6826011957790104,-0.0836936860124371,-0.9385794193822542
2025-02-14,2025-02-20,0.1920360203525117,0.4124851166778567,-3.008583462231485,-2.5289662358821805
2025-02-21,2025-02-26,-1.2090002263420454,-0.405738855416041,2.5092720943633506,1.5845909201198476
2025-02-28,2025-03-05,0.18815536376108127,-2.7991460986092678,0.060060061865470055,1.0607405053347925
2025-03-07,2025-03-12,-0.23836726065584546,1.684470029207016,-1.2344917688186736,-0.3257331870306399
2025-03-14,2025-03-19,0.2723078517458182,-0.13344208370536276,1.6918388090061944,1.6480655537657676
2025-03-21,2025-03-26,-0.32133454509581294,0.8170331410111706,0.35625260336033115,-0.4435231535510906
2025-03-28,2025-04-02,0.6239013058883482,0.7096669316268223,-6.724137558862589,-14.444566149248313
2025-04-04,2025-04-09,-0.4154245351115143,4.223338977206039,-3.3444675544465694,-1.1562679006180805
2025-04-11,2025-04-16,-0.2543632741209643,1.8296129046937823,3.4235465385941346,0.9496747537257207
2025-04-18,2025-04-23,-0.1096928996726409,-3.0810359106008454,1.4422945952915425,1.9132530796000597
2025-04-25,2025-04-30,-0.7566137323818191,-3.7734108477857466,1.731356715558869,0.20130857326815188
2025-05-02,2025-05-07,-0.8510641183978604,-1.6689305924064388,3.0332979390374715,4.84535205035696
2025-05-09,2025-05-14,0.6116541037068631,-0.8647367041182294,-2.2744294673354166,-0.9975145056819509
2025-05-16,2025-05-21,0.8689378918505024,-1.639122592320406,-0.6056760625922106,-0.06358289834302452
2025-05-23,2025-05-29,-0.4236979109985784,-1.4170929571690931,-0.3248865755665668,2.5775860700788735
2025-05-30,2025-06-04,-0.5963352634984416,-0.8302702978306822,0.7678483232694823,2.6850375334067844
2025-06-06,2025-06-11,-1.0621667296377308,4.831139329567001,-0.2615520235602583,6.909928482548021
2025-06-13,2025-06-18,-1.5541562053993252,0.35641249530346786,-0.22425970746994192,-8.997459094353504
2025-06-20,2025-06-25,-0.5318640769290118,0.806517344452636,0.6947618944658693,1.025340707915809
2025-06-27,2025-07-02,1.3629825347131335,2.986179017095861,-0.7749143243969265,0.725587278554381
2025-07-04,2025-07-09,1.1266881576179537,0.08623168111231634,-2.664106900166976,0.02872737738802375
2025-07-11,2025-07-16,-0.2787861736430691,-0.9341012393138961,2.39911425639884,2.0640567647072356
2025-07-18,2025-07-23,-0.2766275633254849,-2.260406097126507,1.6665801241005782,0.4983775323494149
2025-07-25,2025-07-30,2.1945275306664875,1.160171473728554,-1.0321760072034396,-3.872006483138705
2025-08-01,2025-08-06,-0.5275415709592917,-1.2464061646898121,-0.7368777586020128,-0.6752634621364619
2025-08-08,2025-08-13,1.2244114973741926,-0.8444147125240319,2.0362870370129906,0.15691200457839588
2025-08-15,2025-08-20,-0.40206831132698423,1.2699081060911948,0.5747588638006655,-0.1715132563582967
2025-08-22,2025-08-27,0.5170355123037272,1.3896702676209411,0.7261522831136531,-0.20178508981034549
2025-08-29,2025-09-04,0.9648155655502165,-0.8582404243926898,-2.5233426410764626,-1.914463977420264
2025-09-05,2025-09-10,0.5948209977194894,1.6380898653260871,-2.0518396598982633,-1.558718482478354
2025-09-12,2025-09-17,-1.2677992480314808,-0.7424628074277809,-0.7793056896608929,-2.1816764229670706
2025-09-19,2025-09-24,0.030999607599251796,2.539622398119348,0.16805442806319154,1.6679689198655374
2025-09-26,2025-10-01,0.2917009360122311,-0.9223983973998937,-2.1151995504274277,-1.5132291326256866
2025-10-03,2025-10-08,-0.4886084887457703,1.350405778214973,-1.6066519145849847,-5.882137252380555
2025-10-10,2025-10-16,1.0677875312361742,-1.3461905605720648,0.017154129898822576,0.08574123821171029
2025-10-17,2025-10-22,-0.6163227853450397,1.08512424543747,5.159678964355159,4.887046288068099
2025-10-24,2025-10-29,-1.3737641543224075,0.47451614849043794,0.1631055654371502,0.7966874103457512
2025-10-31,2025-11-05,0.4620500224143858,-1.6094944250820913,-0.2652521449131117,0.23151986528033042
2025-11-07,2025-11-13,1.0467601307107965,0.40390495839505747,2.209208691820262,1.8636146672804599
2025-11-14,2025-11-19,-0.8631999403631107,-2.0365295725324133,-0.3323918632882714,-2.3672724689626103
2025-11-21,2025-11-26,0.9986774683653926,0.9567816026054773,-0.3918567072277213,1.1160075246637744
2025-11-28,2025-12-03,0.6572290678413286,0.47497968857186446,1.2278347844218729,1.910886169804629
2025-12-05,2025-12-10,-0.8675208335823011,0.4612633103587147,-1.5632028353197764,-1.8232359193476797
2025-12-12,2025-12-17,0.19330762697023915,1.1299555253933466,0.2671655342804606,1.293541559152435
2025-12-19,2025-12-24,0.6014779068543177,0.28992942625337453,-3.6771399097122894,-1.4235726215346869
2025-12-26,2025-12-31,0.12617780667697007,-0.9213450659717671,-0.08735913895315789,1.456336418789651
2026-01-02,2026-01-07,-1.1006299221891562,-1.6994567270563317,3.0419928013048203,5.132900165934023
2026-01-09,2026-01-14,0.2911335743209738,1.6138584845630441,-4.481199444642803,-4.025617791056736
2026-01-16,2026-01-22,1.2643474858566577,-1.9060934879094744,2.4346708665854493,2.0384999951713874
2026-01-23,2026-01-28,-0.6601916236951402,1.1379239703555273,3.16839551829323,2.7506645789833515
2026-01-30,2026-02-04,-0.8134898345728989,3.051030806343372,-2.6048860255298534,-1.2312163634513031
2026-02-06,2026-02-11,0.5973882626810569,0.930239266231341,-2.6901841263391404,-2.7377540947300396
2026-02-13,2026-02-19,-2.4471047019701753,2.015372402693473,0.04499437646212345,-0.4510607557349819
2026-02-20,2026-02-25,2.1033370588008373,-0.4888491250570358,-0.30674870678618343,2.5103389898834476
2026-02-27,2026-03-04,0.07956569460383364,0.13417417818631486,8.109419996154115,19.64564597878612
2026-03-06,2026-03-11,0.4058372657053727,3.624817699433961,9.667079543105034,12.624686020989358
2026-03-13,2026-03-18,1.1321671127684632,0.1145058158735642,-0.010404203307526961,2.658884756152827
2026-03-20,2026-03-25,1.7281304997172848,-1.808485046136394,4.977317992222971,10.124321061447631
2026-03-27,2026-04-01,0.8375840619234458,-0.9376900118090977,10.542920809726903,11.22942236169493
2026-04-03,2026-04-08,0.10782002705060592,-17.515581025604135,3.5245488920746957,2.2313403259402844
2026-04-10,2026-04-15,0.15611779024470965,-0.03223899872100146,3.60989064304167,-7.972927156044395
2026-04-17,2026-04-22,0.7460487936385283,1.1889736667874846,4.649603131104571,3.7896656147247407
2026-04-24,2026-04-29,-1.0348371806554229,6.565558669263176,-1.6704327073797716,-4.71711261030441
2026-05-01,2026-05-06,-0.722053194160079,-6.763498795493848,-0.3753872414037523,0.12144521278104582
2026-05-08,2026-05-13,-0.9568441783748126,-1.1983024985422137,0.1338560291649973,4.18776942488085
2026-05-15,2026-05-20,-1.0261135581840652,-9.737315022995798,-1.476078115228162,-1.326489456069901
2026-05-22,2026-05-28,-0.15085827076542677,0.3243246086119873,-1.621274835388541,3.510248524012495
2026-05-29,2026-06-03,-1.2429622186475726,2.3222663022662458,-2.981043774834138,-5.6074045142665705
2026-06-05,2026-06-10,-1.453634859257052,1.9183689927820446,-2.267181206051256,-5.552715351811846
2026-06-12,2026-06-17,-0.580144423831535,1.059530011545499,-0.37267123876963854,-2.143073433651692
2026-06-19,2026-06-24,-0.34229381209766346,-4.383062562670949,1.7350702462242038,-1.5806143349683266
2026-06-26,2026-07-01,-0.39152880606648305,-1.1689370451030898,-0.014340001458561404,-0.2009473907131094
2026-07-03,2026-07-08,0.378106566770367,4.148722825704322,-1.909204291120243,-2.8707501610644313
2026-07-10,2026-07-15,-0.025753118643199478,0.35986885024728327,-0.8708689027969403,3.2897703507059015
2026-07-17,2026-07-22,0.9852966149515082,1.8653390591133616,5.999364344342785,4.54927941783627
2026-07-24,2026-07-29,-1.1702479291805046,6.1939670593726,-1.0862689304776876,0.09289364346588147
2026-07-31,2026-08-05,0.3117283600474135,-0.7137789048292406,2.6983520721728294,3.8203304350386347
2026-08-07,2026-08-12,3.7209232650614803,0.23565463951358426,-2.6232576118145614,-1.1600508877914275
2026-08-14,2026-08-19,1.6517990326026577,0.9208168193862526,2.7906685843572787,-0.08023382859212311
2026-08-21,2026-08-26,0.9037080363131109,-0.5258138309754058,1.604598521020223,1.321211863072437
2026-08-28,2026-09-02,-0.6847796634670185,0.7297314961251823,0.4331354903674057,0.5842907771908891
2026-09-04,2026-09-10,-0.24411131550124818,6.285990762514772,-2.245749525659378,-1.116570656638314
2026-09-11,2026-09-16,0.4448611039919007,-3.2285371496516198,-0.3964613808800423,-2.1262870697726517
2026-09-18,2026-09-23,0.6469254700418411,-3.1932741133498004,2.6420220023392607,-9.132370500858459
